Date,Workout Name,Duration,Exercise Name,Set Order,Weight,Reps,Distance,Seconds,RPE
2024-05-08 18:15:00,"Evening Workout",1h 5m,"Iso-Lateral Row (Machine)",W,20.4,10.0,0,0.0,
2024-05-08 18:15:00,"Evening Workout",1h 5m,"Iso-Lateral Row (Machine)",1,31.7,10.0,0,0.0,
2024-05-08 18:15:00,"Evening Workout",1h 5m,"Iso-Lateral Row (Machine)",2,31.7,10.0,0,0.0,
2024-05-08 18:15:00,"Evening Workout",1h 5m,"Iso-Lateral Row (Machine)",3,36.1,8.0,0,0.0,
2024-05-08 18:15:00,"Evening Workout",1h 5m,"Iso-Lateral Row (Machine)",4,36.1,8.0,0,0.0,
2024-05-08 18:15:00,"Evening Workout",1h 5m,"Lat Pulldown (Machine)",W,20.0,10.0,0,0.0,
2024-05-08 18:15:00,"Evening Workout",1h 5m,"Lat Pulldown (Machine)",1,31.7,8.0,0,0.0,
2024-05-08 18:15:00,"Evening Workout",1h 5m,"Lat Pulldown (Machine)",2,31.7,8.0,0,0.0,
2024-05-08 18:15:00,"Evening Workout",1h 5m,"Lat Pulldown (Machine)",3,31.7,8.0,0,0.0,
2024-05-08 18:15:00,"Evening Workout",1h 5m,"Lat Pulldown (Machine)",4,31.7,8.0,0,0.0,
2024-05-08 18:15:00,"Evening Workout",1h 5m,"Lat Pulldown (Cable)",W,20.0,10.0,0,0.0,
2024-05-08 18:15:00,"Evening Workout",1h 5m,"Lat Pulldown (Cable)",1,23.8,8.0,0,0.0,
2024-05-08 18:15:00,"Evening Workout",1h 5m,"Lat Pulldown (Cable)",2,23.8,8.0,0,0.0,
2024-05-08 18:15:00,"Evening Workout",1h 5m,"Lat Pulldown (Cable)",3,20.0,8.0,0,0.0,
2024-05-08 18:15:00,"Evening Workout",1h 5m,"Bicep Curl (Cable)",1,7.5,10.0,0,0.0,
2024-05-08 18:15:00,"Evening Workout",1h 5m,"Bicep Curl (Cable)",2,10.0,10.0,0,0.0,
2024-05-08 18:15:00,"Evening Workout",1h 5m,"Bicep Curl (Cable)",3,10.0,8.0,0,0.0,
2024-05-08 18:15:00,"Evening Workout",1h 5m,"Bicep Curl (Cable)",4,10.0,5.0,0,0.0,
2024-05-08 18:15:00,"Evening Workout",1h 5m,"Bicep Curl (Cable)",5,7.5,5.0,0,0.0,
2024-05-08 18:15:00,"Evening Workout",1h 5m,"Bicep Curl (Cable)",6,5.0,5.0,0,0.0,
2024-05-08 18:15:00,"Evening Workout",1h 5m,"Bicep Curl (Cable)",7,2.5,5.0,0,0.0,
2024-05-08 18:15:00,"Evening Workout",1h 5m,"Hammer Curl (Dumbbell)",1,8.0,8.0,0,0.0,
2024-05-08 18:15:00,"Evening Workout",1h 5m,"Hammer Curl (Dumbbell)",2,8.0,8.0,0,0.0,
2024-05-08 18:15:00,"Evening Workout",1h 5m,"Hammer Curl (Dumbbell)",3,8.0,8.0,0,0.0,
2024-05-08 18:15:00,"Evening Workout",1h 5m,"Cable Crunch",1,31.5,30.0,0,0.0,
2024-05-08 18:15:00,"Evening Workout",1h 5m,"Cable Crunch",2,31.5,30.0,0,0.0,
2024-05-08 18:15:00,"Evening Workout",1h 5m,"Cable Crunch",3,31.5,40.0,0,0.0,
2024-05-10 12:04:52,"Chest/Shoulder (Growth)",57m,"Iso-Lateral Chest Press (Machine)",W,20.0,10.0,0,0.0,
2024-05-10 12:04:52,"Chest/Shoulder (Growth)",57m,"Iso-Lateral Chest Press (Machine)",1,24.5,10.0,0,0.0,
2024-05-10 12:04:52,"Chest/Shoulder (Growth)",57m,"Iso-Lateral Chest Press (Machine)",2,24.5,8.0,0,0.0,
2024-05-10 12:04:52,"Chest/Shoulder (Growth)",57m,"Incline Chest Press (Machine)",1,24.5,7.0,0,0.0,
2024-05-10 12:04:52,"Chest/Shoulder (Growth)",57m,"Incline Chest Press (Machine)",2,20.0,7.0,0,0.0,
2024-05-10 12:04:52,"Chest/Shoulder (Growth)",57m,"Incline Chest Press (Machine)",3,20.0,7.0,0,0.0,
2024-05-10 12:04:52,"Chest/Shoulder (Growth)",57m,"Chest Fly",W,27.5,15.0,0,0.0,
2024-05-10 12:04:52,"Chest/Shoulder (Growth)",57m,"Chest Fly",1,42.5,10.0,0,0.0,
2024-05-10 12:04:52,"Chest/Shoulder (Growth)",57m,"Chest Fly",2,42.5,10.0,0,0.0,
2024-05-10 12:04:52,"Chest/Shoulder (Growth)",57m,"Chest Fly",3,42.5,10.0,0,0.0,
2024-05-10 12:04:52,"Chest/Shoulder (Growth)",57m,"Chest Fly",4,42.5,10.0,0,0.0,
2024-05-10 12:04:52,"Chest/Shoulder (Growth)",57m,"Reverse Fly (Machine)",W,27.5,10.0,0,0.0,
2024-05-10 12:04:52,"Chest/Shoulder (Growth)",57m,"Reverse Fly (Machine)",1,35.0,10.0,0,0.0,
2024-05-10 12:04:52,"Chest/Shoulder (Growth)",57m,"Reverse Fly (Machine)",2,35.0,10.0,0,0.0,
2024-05-10 12:04:52,"Chest/Shoulder (Growth)",57m,"Reverse Fly (Machine)",3,35.0,10.0,0,0.0,
2024-05-10 12:04:52,"Chest/Shoulder (Growth)",57m,"Reverse Fly (Machine)",4,35.0,10.0,0,0.0,
2024-05-10 12:04:52,"Chest/Shoulder (Growth)",57m,"Lateral Raise (Dumbbell)",1,9.0,10.0,0,0.0,
2024-05-10 12:04:52,"Chest/Shoulder (Growth)",57m,"Lateral Raise (Dumbbell)",2,9.0,10.0,0,0.0,
2024-05-10 12:04:52,"Chest/Shoulder (Growth)",57m,"Lateral Raise (Dumbbell)",3,8.0,10.0,0,0.0,
2024-05-10 12:04:52,"Chest/Shoulder (Growth)",57m,"Triceps Extension",1,17.5,10.0,0,0.0,
2024-05-10 12:04:52,"Chest/Shoulder (Growth)",57m,"Triceps Extension",2,17.5,10.0,0,0.0,
2024-05-10 12:04:52,"Chest/Shoulder (Growth)",57m,"Triceps Extension",3,17.5,8.0,0,0.0,
2024-05-10 12:04:52,"Chest/Shoulder (Growth)",57m,"Triceps Extension",4,17.5,8.0,0,0.0,
2024-05-10 12:04:52,"Chest/Shoulder (Growth)",57m,"Triceps Extension",D,15.0,8.0,0,0.0,
2024-05-10 12:04:52,"Chest/Shoulder (Growth)",57m,"Triceps Extension",D,12.5,8.0,0,0.0,
2024-05-15 17:56:44,"Back (Strength)",1h 13m,"Lat Pulldown - Underhand (Band)",1,19.0,10.0,0,0.0,
2024-05-15 17:56:44,"Back (Strength)",1h 13m,"Lat Pulldown - Underhand (Band)",2,33.0,10.0,0,0.0,
2024-05-15 17:56:44,"Back (Strength)",1h 13m,"Lat Pulldown - Underhand (Band)",3,40.0,10.0,0,0.0,
2024-05-15 17:56:44,"Back (Strength)",1h 13m,"Lat Pulldown - Underhand (Band)",4,40.0,10.0,0,0.0,
2024-05-15 17:56:44,"Back (Strength)",1h 13m,"Lat Pulldown - Underhand (Band)",5,47.0,10.0,0,0.0,
2024-05-15 17:56:44,"Back (Strength)",1h 13m,"Iso-Lateral Row (Machine)",W,20.4,10.0,0,0.0,
2024-05-15 17:56:44,"Back (Strength)",1h 13m,"Iso-Lateral Row (Machine)",1,31.7,10.0,0,0.0,
2024-05-15 17:56:44,"Back (Strength)",1h 13m,"Iso-Lateral Row (Machine)",2,31.7,10.0,0,0.0,
2024-05-15 17:56:44,"Back (Strength)",1h 13m,"Iso-Lateral Row (Machine)",3,31.7,10.0,0,0.0,
2024-05-15 17:56:44,"Back (Strength)",1h 13m,"Iso-Lateral Row (Machine)",4,31.7,10.0,0,0.0,
2024-05-15 17:56:44,"Back (Strength)",1h 13m,"Seated Row (Cable)",W,26.0,10.0,0,0.0,
2024-05-15 17:56:44,"Back (Strength)",1h 13m,"Seated Row (Cable)",1,33.0,10.0,0,0.0,
2024-05-15 17:56:44,"Back (Strength)",1h 13m,"Seated Row (Cable)",2,33.0,10.0,0,0.0,
2024-05-15 17:56:44,"Back (Strength)",1h 13m,"Seated Row (Cable)",3,33.0,10.0,0,0.0,
2024-05-15 17:56:44,"Back (Strength)",1h 13m,"Seated Row (Cable)",4,40.0,8.0,0,0.0,
2024-05-15 17:56:44,"Back (Strength)",1h 13m,"Bicep Curl (Cable)",1,7.5,8.0,0,0.0,
2024-05-15 17:56:44,"Back (Strength)",1h 13m,"Bicep Curl (Cable)",2,7.5,8.0,0,0.0,
2024-05-15 17:56:44,"Back (Strength)",1h 13m,"Bicep Curl (Cable)",3,7.5,8.0,0,0.0,
2024-05-15 17:56:44,"Back (Strength)",1h 13m,"Bicep Curl (Cable)",4,7.5,8.0,0,0.0,
2024-05-15 17:56:44,"Back (Strength)",1h 13m,"Bicep Curl (Barbell)",1,14.0,10.0,0,0.0,
2024-05-15 17:56:44,"Back (Strength)",1h 13m,"Bicep Curl (Barbell)",2,18.0,8.0,0,0.0,
2024-05-15 17:56:44,"Back (Strength)",1h 13m,"Bicep Curl (Barbell)",3,18.0,8.0,0,0.0,
2024-05-17 18:21:48,"Chest and Shoulders (Growth)",58m,"Chest Press (Machine)",W,27.5,10.0,0,0.0,
2024-05-17 18:21:48,"Chest and Shoulders (Growth)",58m,"Chest Press (Machine)",1,35.0,10.0,0,0.0,
2024-05-17 18:21:48,"Chest and Shoulders (Growth)",58m,"Chest Press (Machine)",2,35.0,10.0,0,0.0,
2024-05-17 18:21:48,"Chest and Shoulders (Growth)",58m,"Chest Press (Machine)",3,35.0,8.0,0,0.0,
2024-05-17 18:21:48,"Chest and Shoulders (Growth)",58m,"Chest Press (Machine)",4,35.0,8.0,0,0.0,
2024-05-17 18:21:48,"Chest and Shoulders (Growth)",58m,"Incline Chest Press (Machine)",1,20.4,5.0,0,0.0,
2024-05-17 18:21:48,"Chest and Shoulders (Growth)",58m,"Incline Chest Press (Machine)",2,20.4,5.0,0,0.0,
2024-05-17 18:21:48,"Chest and Shoulders (Growth)",58m,"Chest Fly",W,27.5,12.0,0,0.0,
2024-05-17 18:21:48,"Chest and Shoulders (Growth)",58m,"Chest Fly",1,35.0,10.0,0,0.0,
2024-05-17 18:21:48,"Chest and Shoulders (Growth)",58m,"Chest Fly",2,35.0,10.0,0,0.0,
2024-05-17 18:21:48,"Chest and Shoulders (Growth)",58m,"Chest Fly",3,35.0,10.0,0,0.0,
2024-05-17 18:21:48,"Chest and Shoulders (Growth)",58m,"Chest Fly",4,35.0,10.0,0,0.0,
2024-05-17 18:21:48,"Chest and Shoulders (Growth)",58m,"Lateral Raise (Dumbbell)",1,8.0,10.0,0,0.0,
2024-05-17 18:21:48,"Chest and Shoulders (Growth)",58m,"Lateral Raise (Dumbbell)",2,8.0,10.0,0,0.0,
2024-05-17 18:21:48,"Chest and Shoulders (Growth)",58m,"Lateral Raise (Dumbbell)",3,8.0,10.0,0,0.0,
2024-05-17 18:21:48,"Chest and Shoulders (Growth)",58m,"Lateral Raise (Dumbbell)",4,8.0,10.0,0,0.0,
2024-05-17 18:21:48,"Chest and Shoulders (Growth)",58m,"Shoulder Press (Machine)",1,27.5,7.0,0,0.0,
2024-05-17 18:21:48,"Chest and Shoulders (Growth)",58m,"Shoulder Press (Machine)",2,20.0,10.0,0,0.0,
2024-05-17 18:21:48,"Chest and Shoulders (Growth)",58m,"Shoulder Press (Machine)",3,20.0,7.0,0,0.0,
2024-05-17 18:21:48,"Chest and Shoulders (Growth)",58m,"Triceps Extension",1,15.0,10.0,0,0.0,
2024-05-17 18:21:48,"Chest and Shoulders (Growth)",58m,"Triceps Extension",2,15.0,10.0,0,0.0,
2024-05-17 18:21:48,"Chest and Shoulders (Growth)",58m,"Triceps Extension",3,15.0,10.0,0,0.0,
2024-05-19 11:11:20,"Back (Strength)",1h 40m,"Iso-Lateral Row (Machine)",W,20.4,10.0,0,0.0,
2024-05-19 11:11:20,"Back (Strength)",1h 40m,"Iso-Lateral Row (Machine)",1,31.7,10.0,0,0.0,
2024-05-19 11:11:20,"Back (Strength)",1h 40m,"Iso-Lateral Row (Machine)",2,35.1,10.0,0,0.0,
2024-05-19 11:11:20,"Back (Strength)",1h 40m,"Iso-Lateral Row (Machine)",3,35.1,10.0,0,0.0,
2024-05-19 11:11:20,"Back (Strength)",1h 40m,"Iso-Lateral Row (Machine)",4,42.0,10.0,0,0.0,
2024-05-19 11:11:20,"Back (Strength)",1h 40m,"Lat Pulldown (Machine)",1,20.4,10.0,0,0.0,
2024-05-19 11:11:20,"Back (Strength)",1h 40m,"Lat Pulldown (Machine)",2,31.7,5.0,0,0.0,
2024-05-19 11:11:20,"Back (Strength)",1h 40m,"Lat Pulldown (Machine)",3,24.8,10.0,0,0.0,
2024-05-19 11:11:20,"Back (Strength)",1h 40m,"Lat Pulldown (Machine)",4,24.8,8.0,0,0.0,
2024-05-19 11:11:20,"Back (Strength)",1h 40m,"Lat Pulldown (Machine)",5,24.8,10.0,0,0.0,
2024-05-19 11:11:20,"Back (Strength)",1h 40m,"Lat Pulldown (Cable)",W,20.0,10.0,0,0.0,
2024-05-19 11:11:20,"Back (Strength)",1h 40m,"Lat Pulldown (Cable)",1,23.8,8.0,0,0.0,
2024-05-19 11:11:20,"Back (Strength)",1h 40m,"Lat Pulldown (Cable)",2,23.8,8.0,0,0.0,
2024-05-19 11:11:20,"Back (Strength)",1h 40m,"Lat Pulldown (Cable)",3,23.8,8.0,0,0.0,
2024-05-19 11:11:20,"Back (Strength)",1h 40m,"Lat Pulldown (Cable)",4,20.0,10.0,0,0.0,
2024-05-19 11:11:20,"Back (Strength)",1h 40m,"Bicep Curl (Cable)",1,7.5,10.0,0,0.0,
2024-05-19 11:11:20,"Back (Strength)",1h 40m,"Bicep Curl (Cable)",2,10.0,8.0,0,0.0,
2024-05-19 11:11:20,"Back (Strength)",1h 40m,"Bicep Curl (Cable)",3,10.0,8.0,0,0.0,
2024-05-19 11:11:20,"Back (Strength)",1h 40m,"Bicep Curl (Cable)",4,10.0,5.0,0,0.0,
2024-05-19 11:11:20,"Back (Strength)",1h 40m,"Bicep Curl (Cable)",5,7.5,5.0,0,0.0,
2024-05-19 11:11:20,"Back (Strength)",1h 40m,"Bicep Curl (Cable)",6,5.0,5.0,0,0.0,
2024-05-19 11:11:20,"Back (Strength)",1h 40m,"Hammer Curl (Dumbbell)",1,9.0,8.0,0,0.0,
2024-05-19 11:11:20,"Back (Strength)",1h 40m,"Hammer Curl (Dumbbell)",2,8.0,10.0,0,0.0,
2024-05-19 11:11:20,"Back (Strength)",1h 40m,"Hammer Curl (Dumbbell)",3,8.0,8.0,0,0.0,
2024-05-19 11:11:20,"Back (Strength)",1h 40m,"Cable Crunch",1,31.5,30.0,0,0.0,
2024-05-19 11:11:20,"Back (Strength)",1h 40m,"Cable Crunch",2,31.5,30.0,0,0.0,
2024-05-19 11:11:20,"Back (Strength)",1h 40m,"Cable Crunch",3,31.5,40.0,0,0.0,
2024-05-21 18:58:48,"Chest and Triceps",1h 4m,"Incline Chest Press (Machine)",1,20.4,10.0,0,0.0,
2024-05-21 18:58:48,"Chest and Triceps",1h 4m,"Incline Chest Press (Machine)",2,24.8,8.0,0,0.0,
2024-05-21 18:58:48,"Chest and Triceps",1h 4m,"Incline Chest Press (Machine)",3,24.8,8.0,0,0.0,
2024-05-21 18:58:48,"Chest and Triceps",1h 4m,"Incline Chest Press (Machine)",4,29.2,8.0,0,0.0,
2024-05-21 18:58:48,"Chest and Triceps",1h 4m,"Incline Chest Press (Machine)",5,29.2,8.0,0,0.0,
2024-05-21 18:58:48,"Chest and Triceps",1h 4m,"Chest Press (Machine)",1,20.0,10.0,0,0.0,
2024-05-21 18:58:48,"Chest and Triceps",1h 4m,"Chest Press (Machine)",2,35.0,10.0,0,0.0,
2024-05-21 18:58:48,"Chest and Triceps",1h 4m,"Chest Press (Machine)",3,35.0,10.0,0,0.0,
2024-05-21 18:58:48,"Chest and Triceps",1h 4m,"Chest Press (Machine)",4,35.0,8.0,0,0.0,
2024-05-21 18:58:48,"Chest and Triceps",1h 4m,"Chest Press (Machine)",5,35.0,8.0,0,0.0,
2024-05-21 18:58:48,"Chest and Triceps",1h 4m,"Chest Fly",1,27.5,12.0,0,0.0,
2024-05-21 18:58:48,"Chest and Triceps",1h 4m,"Chest Fly",2,35.0,10.0,0,0.0,
2024-05-21 18:58:48,"Chest and Triceps",1h 4m,"Chest Fly",3,42.5,10.0,0,0.0,
2024-05-21 18:58:48,"Chest and Triceps",1h 4m,"Chest Fly",4,42.5,10.0,0,0.0,
2024-05-21 18:58:48,"Chest and Triceps",1h 4m,"Chest Fly",5,42.5,10.0,0,0.0,
2024-05-21 18:58:48,"Chest and Triceps",1h 4m,"Triceps Extension (Cable)",1,17.5,10.0,0,0.0,
2024-05-21 18:58:48,"Chest and Triceps",1h 4m,"Triceps Extension (Cable)",2,17.5,10.0,0,0.0,
2024-05-21 18:58:48,"Chest and Triceps",1h 4m,"Triceps Extension (Cable)",3,17.5,10.0,0,0.0,
2024-05-21 18:58:48,"Chest and Triceps",1h 4m,"Triceps Extension (Cable)",4,17.5,8.0,0,0.0,
2024-05-21 18:58:48,"Chest and Triceps",1h 4m,"Triceps Extension (Cable)",5,12.5,8.0,0,0.0,
2024-05-21 18:58:48,"Chest and Triceps",1h 4m,"Triceps Extension (Cable)",6,7.5,8.0,0,0.0,
2024-05-21 18:58:48,"Chest and Triceps",1h 4m,"Triceps Extension",1,6.25,10.0,0,0.0,
2024-05-21 18:58:48,"Chest and Triceps",1h 4m,"Triceps Extension",2,6.25,10.0,0,0.0,
2024-05-21 18:58:48,"Chest and Triceps",1h 4m,"Triceps Extension",3,6.25,10.0,0,0.0,
2024-05-21 18:58:48,"Chest and Triceps",1h 4m,"Cable Crunch",1,31.5,30.0,0,0.0,
2024-05-21 18:58:48,"Chest and Triceps",1h 4m,"Cable Crunch",2,31.5,30.0,0,0.0,
2024-05-21 18:58:48,"Chest and Triceps",1h 4m,"Cable Crunch",3,31.5,40.0,0,0.0,
2024-05-21 18:58:48,"Chest and Triceps",1h 4m,"Triceps Extension",1,17.5,10.0,0,0.0,
2024-05-21 18:58:48,"Chest and Triceps",1h 4m,"Triceps Extension",2,17.5,10.0,0,0.0,
2024-05-21 18:58:48,"Chest and Triceps",1h 4m,"Triceps Extension",3,17.5,10.0,0,0.0,
2024-05-21 18:58:48,"Chest and Triceps",1h 4m,"Triceps Extension",4,17.5,8.0,0,0.0,
2024-05-21 18:58:48,"Chest and Triceps",1h 4m,"Triceps Extension",D,15.0,8.0,0,0.0,
2024-05-21 18:58:48,"Chest and Triceps",1h 4m,"Triceps Extension",D,12.5,8.0,0,0.0,
2024-05-23 18:52:02,"Back (Strength)",58m,"Bent Over Row (Barbell)",W,20.0,10.0,0,0.0,
2024-05-23 18:52:02,"Back (Strength)",58m,"Bent Over Row (Barbell)",1,29.0,12.0,0,0.0,
2024-05-23 18:52:02,"Back (Strength)",58m,"Bent Over Row (Barbell)",2,42.6,10.0,0,0.0,
2024-05-23 18:52:02,"Back (Strength)",58m,"Bent Over Row (Barbell)",3,42.6,10.0,0,0.0,
2024-05-23 18:52:02,"Back (Strength)",58m,"Bent Over Row (Barbell)",4,42.6,10.0,0,0.0,
2024-05-23 18:52:02,"Back (Strength)",58m,"Bent Over Row (Barbell)",5,42.6,10.0,0,0.0,
2024-05-23 18:52:02,"Back (Strength)",58m,"Lat Pulldown (Machine)",W,20.4,10.0,0,0.0,
2024-05-23 18:52:02,"Back (Strength)",58m,"Lat Pulldown (Machine)",1,24.8,10.0,0,0.0,
2024-05-23 18:52:02,"Back (Strength)",58m,"Lat Pulldown (Machine)",2,24.8,10.0,0,0.0,
2024-05-23 18:52:02,"Back (Strength)",58m,"Lat Pulldown (Machine)",3,24.8,10.0,0,0.0,
2024-05-23 18:52:02,"Back (Strength)",58m,"Lat Pulldown (Machine)",4,24.8,10.0,0,0.0,
2024-05-23 18:52:02,"Back (Strength)",58m,"Lat Pulldown (Cable)",W,20.0,10.0,0,0.0,
2024-05-23 18:52:02,"Back (Strength)",58m,"Lat Pulldown (Cable)",1,20.0,10.0,0,0.0,
2024-05-23 18:52:02,"Back (Strength)",58m,"Lat Pulldown (Cable)",2,20.0,10.0,0,0.0,
2024-05-23 18:52:02,"Back (Strength)",58m,"Lat Pulldown (Cable)",3,20.0,10.0,0,0.0,
2024-05-23 18:52:02,"Back (Strength)",58m,"Bicep Curl (Cable)",1,10.0,10.0,0,0.0,
2024-05-23 18:52:02,"Back (Strength)",58m,"Bicep Curl (Cable)",2,7.5,8.0,0,0.0,
2024-05-23 18:52:02,"Back (Strength)",58m,"Bicep Curl (Cable)",3,7.5,8.0,0,0.0,
2024-05-23 18:52:02,"Back (Strength)",58m,"Bicep Curl (Cable)",4,7.5,8.0,0,0.0,
2024-05-23 18:52:02,"Back (Strength)",58m,"Hammer Curl (Dumbbell)",1,8.0,10.0,0,0.0,
2024-05-23 18:52:02,"Back (Strength)",58m,"Hammer Curl (Dumbbell)",2,8.0,10.0,0,0.0,
2024-05-23 18:52:02,"Back (Strength)",58m,"Hammer Curl (Dumbbell)",3,8.0,10.0,0,0.0,
2024-05-23 18:52:02,"Back (Strength)",58m,"Cable Crunch",1,28.0,30.0,0,0.0,
2024-05-23 18:52:02,"Back (Strength)",58m,"Cable Crunch",2,28.0,30.0,0,0.0,
2024-05-23 18:52:02,"Back (Strength)",58m,"Cable Crunch",3,28.0,40.0,0,0.0,
2024-05-25 19:18:03,"Chest and Shoulders (Growth)",59m,"Chest Press (Machine)",1,20.0,10.0,0,0.0,
2024-05-25 19:18:03,"Chest and Shoulders (Growth)",59m,"Chest Press (Machine)",2,35.0,10.0,0,0.0,
2024-05-25 19:18:03,"Chest and Shoulders (Growth)",59m,"Chest Press (Machine)",3,35.0,10.0,0,0.0,
2024-05-25 19:18:03,"Chest and Shoulders (Growth)",59m,"Chest Press (Machine)",4,35.0,10.0,0,0.0,
2024-05-25 19:18:03,"Chest and Shoulders (Growth)",59m,"Chest Press (Machine)",5,35.0,10.0,0,0.0,
2024-05-25 19:18:03,"Chest and Shoulders (Growth)",59m,"Chest Fly",W,27.5,12.0,0,0.0,
2024-05-25 19:18:03,"Chest and Shoulders (Growth)",59m,"Chest Fly",1,42.5,10.0,0,0.0,
2024-05-25 19:18:03,"Chest and Shoulders (Growth)",59m,"Chest Fly",2,42.5,10.0,0,0.0,
2024-05-25 19:18:03,"Chest and Shoulders (Growth)",59m,"Chest Fly",3,42.5,10.0,0,0.0,
2024-05-25 19:18:03,"Chest and Shoulders (Growth)",59m,"Chest Fly",4,42.5,10.0,0,0.0,
2024-05-25 19:18:03,"Chest and Shoulders (Growth)",59m,"Shoulder Press (Machine)",1,20.0,10.0,0,0.0,
2024-05-25 19:18:03,"Chest and Shoulders (Growth)",59m,"Shoulder Press (Machine)",2,20.0,10.0,0,0.0,
2024-05-25 19:18:03,"Chest and Shoulders (Growth)",59m,"Shoulder Press (Machine)",3,20.0,8.0,0,0.0,
2024-05-25 19:18:03,"Chest and Shoulders (Growth)",59m,"Shoulder Press (Machine)",4,20.0,8.0,0,0.0,
2024-05-25 19:18:03,"Chest and Shoulders (Growth)",59m,"Lateral Raise (Dumbbell)",1,8.0,10.0,0,0.0,
2024-05-25 19:18:03,"Chest and Shoulders (Growth)",59m,"Lateral Raise (Dumbbell)",2,8.0,10.0,0,0.0,
2024-05-25 19:18:03,"Chest and Shoulders (Growth)",59m,"Lateral Raise (Dumbbell)",3,8.0,10.0,0,0.0,
2024-05-25 19:18:03,"Chest and Shoulders (Growth)",59m,"Triceps Extension (Cable)",1,17.5,10.0,0,0.0,
2024-05-25 19:18:03,"Chest and Shoulders (Growth)",59m,"Triceps Extension (Cable)",2,17.5,10.0,0,0.0,
2024-05-25 19:18:03,"Chest and Shoulders (Growth)",59m,"Triceps Extension (Cable)",3,17.5,10.0,0,0.0,
2024-05-25 19:18:03,"Chest and Shoulders (Growth)",59m,"Triceps Extension (Cable)",4,17.5,10.0,0,0.0,
2024-05-25 19:18:03,"Chest and Shoulders (Growth)",59m,"Cable Crunch",1,31.5,30.0,0,0.0,
2024-05-25 19:18:03,"Chest and Shoulders (Growth)",59m,"Cable Crunch",2,31.5,30.0,0,0.0,
2024-05-25 19:18:03,"Chest and Shoulders (Growth)",59m,"Cable Crunch",3,28.0,40.0,0,0.0,
2024-05-25 19:18:03,"Chest and Shoulders (Growth)",59m,"Triceps Extension",1,17.5,10.0,0,0.0,
2024-05-25 19:18:03,"Chest and Shoulders (Growth)",59m,"Triceps Extension",2,17.5,10.0,0,0.0,
2024-05-25 19:18:03,"Chest and Shoulders (Growth)",59m,"Triceps Extension",3,17.5,10.0,0,0.0,
2024-05-25 19:18:03,"Chest and Shoulders (Growth)",59m,"Triceps Extension",4,17.5,10.0,0,0.0,
2024-05-27 18:09:31,"Back (Strength)",1h 14m,"Iso-Lateral Row (Machine)",W,20.4,10.0,0,0.0,
2024-05-27 18:09:31,"Back (Strength)",1h 14m,"Iso-Lateral Row (Machine)",1,40.8,6.0,0,0.0,
2024-05-27 18:09:31,"Back (Strength)",1h 14m,"Iso-Lateral Row (Machine)",2,40.8,8.0,0,0.0,
2024-05-27 18:09:31,"Back (Strength)",1h 14m,"Iso-Lateral Row (Machine)",3,40.8,6.0,0,0.0,
2024-05-27 18:09:31,"Back (Strength)",1h 14m,"Iso-Lateral Row (Machine)",4,45.3,6.0,0,0.0,
2024-05-27 18:09:31,"Back (Strength)",1h 14m,"Iso-Lateral Row (Machine)",5,45.3,6.0,0,0.0,
2024-05-27 18:09:31,"Back (Strength)",1h 14m,"Lat Pulldown (Machine)",W,20.4,10.0,0,0.0,
2024-05-27 18:09:31,"Back (Strength)",1h 14m,"Lat Pulldown (Machine)",1,31.7,6.0,0,0.0,
2024-05-27 18:09:31,"Back (Strength)",1h 14m,"Lat Pulldown (Machine)",2,31.7,6.0,0,0.0,
2024-05-27 18:09:31,"Back (Strength)",1h 14m,"Lat Pulldown (Machine)",3,31.7,6.0,0,0.0,
2024-05-27 18:09:31,"Back (Strength)",1h 14m,"Lat Pulldown (Machine)",4,31.7,6.0,0,0.0,
2024-05-27 18:09:31,"Back (Strength)",1h 14m,"Seated Row (Cable)",W,26.0,10.0,0,0.0,
2024-05-27 18:09:31,"Back (Strength)",1h 14m,"Seated Row (Cable)",1,33.0,10.0,0,0.0,
2024-05-27 18:09:31,"Back (Strength)",1h 14m,"Seated Row (Cable)",2,40.0,10.0,0,0.0,
2024-05-27 18:09:31,"Back (Strength)",1h 14m,"Seated Row (Cable)",3,40.0,10.0,0,0.0,
2024-05-27 18:09:31,"Back (Strength)",1h 14m,"Seated Row (Cable)",4,40.0,10.0,0,0.0,
2024-05-27 18:09:31,"Back (Strength)",1h 14m,"Bicep Curl (Cable)",1,10.0,8.0,0,0.0,
2024-05-27 18:09:31,"Back (Strength)",1h 14m,"Bicep Curl (Cable)",2,10.0,8.0,0,0.0,
2024-05-27 18:09:31,"Back (Strength)",1h 14m,"Bicep Curl (Cable)",3,10.0,8.0,0,0.0,
2024-05-27 18:09:31,"Back (Strength)",1h 14m,"Bicep Curl (Cable)",4,10.0,5.0,0,0.0,
2024-05-27 18:09:31,"Back (Strength)",1h 14m,"Bicep Curl (Cable)",D,7.5,5.0,0,0.0,
2024-05-27 18:09:31,"Back (Strength)",1h 14m,"Bicep Curl (Cable)",D,5.0,5.0,0,0.0,
2024-05-27 18:09:31,"Back (Strength)",1h 14m,"Cable Crunch",1,31.5,30.0,0,0.0,
2024-05-27 18:09:31,"Back (Strength)",1h 14m,"Cable Crunch",2,31.5,30.0,0,0.0,
2024-05-27 18:09:31,"Back (Strength)",1h 14m,"Cable Crunch",3,31.5,40.0,0,0.0,
2024-05-27 18:09:31,"Back (Strength)",1h 14m,"Hammer Curl (Dumbbell)",1,9.0,8.0,0,0.0,
2024-05-27 18:09:31,"Back (Strength)",1h 14m,"Hammer Curl (Dumbbell)",2,9.0,8.0,0,0.0,
2024-05-27 18:09:31,"Back (Strength)",1h 14m,"Hammer Curl (Dumbbell)",3,9.0,10.0,0,0.0,
2024-05-29 18:42:47,"Chest and Shoulders (Growth)",1h 4m,"Chest Press (Machine)",1,20.0,10.0,0,0.0,
2024-05-29 18:42:47,"Chest and Shoulders (Growth)",1h 4m,"Chest Press (Machine)",2,35.0,10.0,0,0.0,
2024-05-29 18:42:47,"Chest and Shoulders (Growth)",1h 4m,"Chest Press (Machine)",3,42.5,6.0,0,0.0,
2024-05-29 18:42:47,"Chest and Shoulders (Growth)",1h 4m,"Chest Press (Machine)",4,42.5,8.0,0,0.0,
2024-05-29 18:42:47,"Chest and Shoulders (Growth)",1h 4m,"Chest Press (Machine)",5,42.5,6.0,0,0.0,
2024-05-29 18:42:47,"Chest and Shoulders (Growth)",1h 4m,"Incline Chest Press (Machine)",1,20.4,8.0,0,0.0,
2024-05-29 18:42:47,"Chest and Shoulders (Growth)",1h 4m,"Incline Chest Press (Machine)",2,24.8,6.0,0,0.0,
2024-05-29 18:42:47,"Chest and Shoulders (Growth)",1h 4m,"Incline Chest Press (Machine)",3,24.8,6.0,0,0.0,
2024-05-29 18:42:47,"Chest and Shoulders (Growth)",1h 4m,"Incline Chest Press (Machine)",4,20.4,6.0,0,0.0,
2024-05-29 18:42:47,"Chest and Shoulders (Growth)",1h 4m,"Incline Chest Press (Machine)",5,20.4,6.0,0,0.0,
2024-05-29 18:42:47,"Chest and Shoulders (Growth)",1h 4m,"Shoulder Press (Machine)",1,22.6,8.0,0,0.0,
2024-05-29 18:42:47,"Chest and Shoulders (Growth)",1h 4m,"Shoulder Press (Machine)",2,27.1,5.0,0,0.0,
2024-05-29 18:42:47,"Chest and Shoulders (Growth)",1h 4m,"Shoulder Press (Machine)",3,27.1,5.0,0,0.0,
2024-05-29 18:42:47,"Chest and Shoulders (Growth)",1h 4m,"Shoulder Press (Machine)",4,22.6,5.0,0,0.0,
2024-05-29 18:42:47,"Chest and Shoulders (Growth)",1h 4m,"Shoulder Press (Machine)",5,22.6,5.0,0,0.0,
2024-05-29 18:42:47,"Chest and Shoulders (Growth)",1h 4m,"Lateral Raise (Cable)",1,5.0,10.0,0,0.0,
2024-05-29 18:42:47,"Chest and Shoulders (Growth)",1h 4m,"Lateral Raise (Cable)",2,7.5,8.0,0,0.0,
2024-05-29 18:42:47,"Chest and Shoulders (Growth)",1h 4m,"Lateral Raise (Cable)",3,7.5,8.0,0,0.0,
2024-05-29 18:42:47,"Chest and Shoulders (Growth)",1h 4m,"Lateral Raise (Cable)",4,7.5,8.0,0,0.0,
2024-05-29 18:42:47,"Chest and Shoulders (Growth)",1h 4m,"Triceps Extension (Cable)",1,17.5,10.0,0,0.0,
2024-05-29 18:42:47,"Chest and Shoulders (Growth)",1h 4m,"Triceps Extension (Cable)",2,21.0,8.0,0,0.0,
2024-05-29 18:42:47,"Chest and Shoulders (Growth)",1h 4m,"Triceps Extension (Cable)",3,21.0,8.0,0,0.0,
2024-05-29 18:42:47,"Chest and Shoulders (Growth)",1h 4m,"Triceps Extension (Cable)",4,21.0,8.0,0,0.0,
2024-05-29 18:42:47,"Chest and Shoulders (Growth)",1h 4m,"Cable Crunch",1,31.5,30.0,0,0.0,
2024-05-29 18:42:47,"Chest and Shoulders (Growth)",1h 4m,"Cable Crunch",2,31.5,30.0,0,0.0,
2024-05-29 18:42:47,"Chest and Shoulders (Growth)",1h 4m,"Cable Crunch",3,31.5,40.0,0,0.0,
2024-05-31 18:50:52,"Back (Growth)",1h 1m,"Iso-Lateral Row (Machine)",W,20.4,10.0,0,0.0,
2024-05-31 18:50:52,"Back (Growth)",1h 1m,"Iso-Lateral Row (Machine)",1,31.7,12.0,0,0.0,
2024-05-31 18:50:52,"Back (Growth)",1h 1m,"Iso-Lateral Row (Machine)",2,31.7,12.0,0,0.0,
2024-05-31 18:50:52,"Back (Growth)",1h 1m,"Iso-Lateral Row (Machine)",3,37.2,12.0,0,0.0,
2024-05-31 18:50:52,"Back (Growth)",1h 1m,"Iso-Lateral Row (Machine)",4,37.2,12.0,0,0.0,
2024-05-31 18:50:52,"Back (Growth)",1h 1m,"Lat Pulldown - Underhand (Band)",W,26.0,12.0,0,0.0,
2024-05-31 18:50:52,"Back (Growth)",1h 1m,"Lat Pulldown - Underhand (Band)",1,33.0,12.0,0,0.0,
2024-05-31 18:50:52,"Back (Growth)",1h 1m,"Lat Pulldown - Underhand (Band)",2,33.0,12.0,0,0.0,
2024-05-31 18:50:52,"Back (Growth)",1h 1m,"Lat Pulldown - Underhand (Band)",3,40.0,12.0,0,0.0,
2024-05-31 18:50:52,"Back (Growth)",1h 1m,"Lat Pulldown - Underhand (Band)",4,40.0,12.0,0,0.0,
2024-05-31 18:50:52,"Back (Growth)",1h 1m,"Seated Row (Cable)",W,26.0,12.0,0,0.0,
2024-05-31 18:50:52,"Back (Growth)",1h 1m,"Seated Row (Cable)",1,40.0,12.0,0,0.0,
2024-05-31 18:50:52,"Back (Growth)",1h 1m,"Seated Row (Cable)",2,33.0,12.0,0,0.0,
2024-05-31 18:50:52,"Back (Growth)",1h 1m,"Seated Row (Cable)",3,33.0,12.0,0,0.0,
2024-05-31 18:50:52,"Back (Growth)",1h 1m,"Seated Row (Cable)",4,33.0,12.0,0,0.0,
2024-05-31 18:50:52,"Back (Growth)",1h 1m,"Bicep Curl (Cable)",1,7.5,12.0,0,0.0,
2024-05-31 18:50:52,"Back (Growth)",1h 1m,"Bicep Curl (Cable)",2,7.5,12.0,0,0.0,
2024-05-31 18:50:52,"Back (Growth)",1h 1m,"Bicep Curl (Cable)",3,7.5,12.0,0,0.0,
2024-05-31 18:50:52,"Back (Growth)",1h 1m,"Bicep Curl (Cable)",4,7.5,6.0,0,0.0,
2024-05-31 18:50:52,"Back (Growth)",1h 1m,"Bicep Curl (Cable)",D,5.0,8.0,0,0.0,
2024-05-31 18:50:52,"Back (Growth)",1h 1m,"Bicep Curl (Cable)",D,2.5,8.0,0,0.0,
2024-05-31 18:50:52,"Back (Growth)",1h 1m,"Cable Crunch",1,31.5,30.0,0,0.0,
2024-05-31 18:50:52,"Back (Growth)",1h 1m,"Cable Crunch",2,31.5,30.0,0,0.0,
2024-05-31 18:50:52,"Back (Growth)",1h 1m,"Cable Crunch",3,31.5,40.0,0,0.0,
2024-05-31 18:50:52,"Back (Growth)",1h 1m,"Hammer Curl (Dumbbell)",1,8.0,11.0,0,0.0,
2024-05-31 18:50:52,"Back (Growth)",1h 1m,"Hammer Curl (Dumbbell)",2,9.0,11.0,0,0.0,
2024-05-31 18:50:52,"Back (Growth)",1h 1m,"Hammer Curl (Dumbbell)",3,9.0,12.0,0,0.0,
2024-06-03 17:39:35,"Chest and Shoulders (Growth)",1h 16m,"Chest Press (Machine)",W,20.0,10.0,0,0.0,
2024-06-03 17:39:35,"Chest and Shoulders (Growth)",1h 16m,"Chest Press (Machine)",1,35.0,12.0,0,0.0,
2024-06-03 17:39:35,"Chest and Shoulders (Growth)",1h 16m,"Chest Press (Machine)",2,35.0,12.0,0,0.0,
2024-06-03 17:39:35,"Chest and Shoulders (Growth)",1h 16m,"Chest Press (Machine)",3,35.0,12.0,0,0.0,
2024-06-03 17:39:35,"Chest and Shoulders (Growth)",1h 16m,"Chest Press (Machine)",4,42.5,10.0,0,0.0,
2024-06-03 17:39:35,"Chest and Shoulders (Growth)",1h 16m,"Incline Chest Press (Machine)",1,15.0,12.0,0,0.0,
2024-06-03 17:39:35,"Chest and Shoulders (Growth)",1h 16m,"Incline Chest Press (Machine)",2,15.0,12.0,0,0.0,
2024-06-03 17:39:35,"Chest and Shoulders (Growth)",1h 16m,"Incline Chest Press (Machine)",3,15.0,12.0,0,0.0,
2024-06-03 17:39:35,"Chest and Shoulders (Growth)",1h 16m,"Incline Chest Press (Machine)",4,15.0,12.0,0,0.0,
2024-06-03 17:39:35,"Chest and Shoulders (Growth)",1h 16m,"Shoulder Press (Machine)",1,20.0,10.0,0,0.0,
2024-06-03 17:39:35,"Chest and Shoulders (Growth)",1h 16m,"Shoulder Press (Machine)",2,20.0,10.0,0,0.0,
2024-06-03 17:39:35,"Chest and Shoulders (Growth)",1h 16m,"Shoulder Press (Machine)",3,20.0,10.0,0,0.0,
2024-06-03 17:39:35,"Chest and Shoulders (Growth)",1h 16m,"Shoulder Press (Machine)",4,20.0,10.0,0,0.0,
2024-06-03 17:39:35,"Chest and Shoulders (Growth)",1h 16m,"Lateral Raise (Dumbbell)",1,8.0,12.0,0,0.0,
2024-06-03 17:39:35,"Chest and Shoulders (Growth)",1h 16m,"Lateral Raise (Dumbbell)",2,8.0,12.0,0,0.0,
2024-06-03 17:39:35,"Chest and Shoulders (Growth)",1h 16m,"Lateral Raise (Dumbbell)",3,8.0,12.0,0,0.0,
2024-06-03 17:39:35,"Chest and Shoulders (Growth)",1h 16m,"Lateral Raise (Dumbbell)",4,8.0,12.0,0,0.0,
2024-06-03 17:39:35,"Chest and Shoulders (Growth)",1h 16m,"Triceps Extension (Cable)",1,13.75,8.0,0,0.0,
2024-06-03 17:39:35,"Chest and Shoulders (Growth)",1h 16m,"Triceps Extension (Cable)",2,13.75,8.0,0,0.0,
2024-06-03 17:39:35,"Chest and Shoulders (Growth)",1h 16m,"Triceps Extension (Cable)",3,16.25,8.0,0,0.0,
2024-06-03 17:39:35,"Chest and Shoulders (Growth)",1h 16m,"Triceps Extension (Cable)",4,13.75,8.0,0,0.0,
2024-06-03 17:39:35,"Chest and Shoulders (Growth)",1h 16m,"Cable Crunch",1,31.5,30.0,0,0.0,
2024-06-03 17:39:35,"Chest and Shoulders (Growth)",1h 16m,"Cable Crunch",2,31.5,30.0,0,0.0,
2024-06-03 17:39:35,"Chest and Shoulders (Growth)",1h 16m,"Cable Crunch",3,31.5,40.0,0,0.0,
2024-06-05 18:39:07,"Back (Strength)",56m,"Iso-Lateral Row (Machine)",W,24.9,10.0,0,0.0,
2024-06-05 18:39:07,"Back (Strength)",56m,"Iso-Lateral Row (Machine)",1,45.3,6.0,0,0.0,
2024-06-05 18:39:07,"Back (Strength)",56m,"Iso-Lateral Row (Machine)",2,45.3,6.0,0,0.0,
2024-06-05 18:39:07,"Back (Strength)",56m,"Iso-Lateral Row (Machine)",3,45.3,6.0,0,0.0,
2024-06-05 18:39:07,"Back (Strength)",56m,"Iso-Lateral Row (Machine)",4,45.3,6.0,0,0.0,
2024-06-05 18:39:07,"Back (Strength)",56m,"Iso-Lateral Row (Machine)",5,45.3,6.0,0,0.0,
2024-06-05 18:39:07,"Back (Strength)",56m,"Lat Pulldown (Machine)",1,31.7,6.0,0,0.0,
2024-06-05 18:39:07,"Back (Strength)",56m,"Lat Pulldown (Machine)",2,31.7,6.0,0,0.0,
2024-06-05 18:39:07,"Back (Strength)",56m,"Lat Pulldown (Machine)",3,31.7,6.0,0,0.0,
2024-06-05 18:39:07,"Back (Strength)",56m,"Lat Pulldown (Machine)",4,31.7,6.0,0,0.0,
2024-06-05 18:39:07,"Back (Strength)",56m,"Lat Pulldown (Machine)",5,31.7,6.0,0,0.0,
2024-06-05 18:39:07,"Back (Strength)",56m,"Seated Row (Cable)",W,26.0,10.0,0,0.0,
2024-06-05 18:39:07,"Back (Strength)",56m,"Seated Row (Cable)",1,33.0,10.0,0,0.0,
2024-06-05 18:39:07,"Back (Strength)",56m,"Seated Row (Cable)",2,40.0,8.0,0,0.0,
2024-06-05 18:39:07,"Back (Strength)",56m,"Seated Row (Cable)",3,40.0,8.0,0,0.0,
2024-06-05 18:39:07,"Back (Strength)",56m,"Seated Row (Cable)",4,40.0,8.0,0,0.0,
2024-06-05 18:39:07,"Back (Strength)",56m,"Bicep Curl (Cable)",1,8.75,10.0,0,0.0,
2024-06-05 18:39:07,"Back (Strength)",56m,"Bicep Curl (Cable)",2,8.75,10.0,0,0.0,
2024-06-05 18:39:07,"Back (Strength)",56m,"Bicep Curl (Cable)",3,8.75,10.0,0,0.0,
2024-06-05 18:39:07,"Back (Strength)",56m,"Cable Crunch",1,31.5,30.0,0,0.0,
2024-06-05 18:39:07,"Back (Strength)",56m,"Cable Crunch",2,31.5,30.0,0,0.0,
2024-06-05 18:39:07,"Back (Strength)",56m,"Hammer Curl (Dumbbell)",1,9.0,8.0,0,0.0,
2024-06-05 18:39:07,"Back (Strength)",56m,"Hammer Curl (Dumbbell)",2,9.0,8.0,0,0.0,
2024-06-08 10:27:50,"Chest and Shoulders (Growth)",1h 6m,"Chest Press (Machine)",W,20.0,10.0,0,0.0,
2024-06-08 10:27:50,"Chest and Shoulders (Growth)",1h 6m,"Chest Press (Machine)",1,42.5,6.0,0,0.0,
2024-06-08 10:27:50,"Chest and Shoulders (Growth)",1h 6m,"Chest Press (Machine)",2,42.5,6.0,0,0.0,
2024-06-08 10:27:50,"Chest and Shoulders (Growth)",1h 6m,"Chest Press (Machine)",3,50.0,6.0,0,0.0,
2024-06-08 10:27:50,"Chest and Shoulders (Growth)",1h 6m,"Chest Press (Machine)",4,50.0,6.0,0,0.0,
2024-06-08 10:27:50,"Chest and Shoulders (Growth)",1h 6m,"Chest Press (Machine)",5,50.0,6.0,0,0.0,
2024-06-08 10:27:50,"Chest and Shoulders (Growth)",1h 6m,"Incline Chest Press (Machine)",1,20.4,6.0,0,0.0,
2024-06-08 10:27:50,"Chest and Shoulders (Growth)",1h 6m,"Incline Chest Press (Machine)",2,20.4,6.0,0,0.0,
2024-06-08 10:27:50,"Chest and Shoulders (Growth)",1h 6m,"Incline Chest Press (Machine)",3,24.9,6.0,0,0.0,
2024-06-08 10:27:50,"Chest and Shoulders (Growth)",1h 6m,"Incline Chest Press (Machine)",4,24.9,6.0,0,0.0,
2024-06-08 10:27:50,"Chest and Shoulders (Growth)",1h 6m,"Incline Chest Press (Machine)",5,24.9,6.0,0,0.0,
2024-06-08 10:27:50,"Chest and Shoulders (Growth)",1h 6m,"Shoulder Press (Machine)",1,20.0,10.0,0,0.0,
2024-06-08 10:27:50,"Chest and Shoulders (Growth)",1h 6m,"Shoulder Press (Machine)",2,27.5,5.0,0,0.0,
2024-06-08 10:27:50,"Chest and Shoulders (Growth)",1h 6m,"Shoulder Press (Machine)",3,27.5,5.0,0,0.0,
2024-06-08 10:27:50,"Chest and Shoulders (Growth)",1h 6m,"Shoulder Press (Machine)",4,27.5,5.0,0,0.0,
2024-06-08 10:27:50,"Chest and Shoulders (Growth)",1h 6m,"Lateral Raise (Dumbbell)",1,9.0,8.0,0,0.0,
2024-06-08 10:27:50,"Chest and Shoulders (Growth)",1h 6m,"Lateral Raise (Dumbbell)",2,10.0,8.0,0,0.0,
2024-06-08 10:27:50,"Chest and Shoulders (Growth)",1h 6m,"Lateral Raise (Dumbbell)",3,10.0,8.0,0,0.0,
2024-06-08 10:27:50,"Chest and Shoulders (Growth)",1h 6m,"Lateral Raise (Dumbbell)",4,10.0,8.0,0,0.0,
2024-06-08 10:27:50,"Chest and Shoulders (Growth)",1h 6m,"Triceps Extension",1,17.5,10.0,0,0.0,
2024-06-08 10:27:50,"Chest and Shoulders (Growth)",1h 6m,"Triceps Extension",2,21.0,8.0,0,0.0,
2024-06-08 10:27:50,"Chest and Shoulders (Growth)",1h 6m,"Triceps Extension",3,21.0,8.0,0,0.0,
2024-06-08 10:27:50,"Chest and Shoulders (Growth)",1h 6m,"Triceps Extension",4,21.0,8.0,0,0.0,
2024-06-08 10:27:50,"Chest and Shoulders (Growth)",1h 6m,"Cable Crunch",1,31.5,30.0,0,0.0,
2024-06-08 10:27:50,"Chest and Shoulders (Growth)",1h 6m,"Cable Crunch",2,31.5,30.0,0,0.0,
2024-06-08 10:27:50,"Chest and Shoulders (Growth)",1h 6m,"Cable Crunch",3,31.5,40.0,0,0.0,
2024-06-10 22:02:23,"Back (Strength)",57m,"Iso-Lateral Row (Machine)",W,20.4,15.0,0,0.0,
2024-06-10 22:02:23,"Back (Strength)",57m,"Iso-Lateral Row (Machine)",1,31.7,12.0,0,0.0,
2024-06-10 22:02:23,"Back (Strength)",57m,"Iso-Lateral Row (Machine)",2,36.2,12.0,0,0.0,
2024-06-10 22:02:23,"Back (Strength)",57m,"Iso-Lateral Row (Machine)",3,36.2,12.0,0,0.0,
2024-06-10 22:02:23,"Back (Strength)",57m,"Iso-Lateral Row (Machine)",4,36.2,12.0,0,0.0,
2024-06-10 22:02:23,"Back (Strength)",57m,"Reverse Fly (Machine)",1,35.0,12.0,0,0.0,
2024-06-10 22:02:23,"Back (Strength)",57m,"Reverse Fly (Machine)",2,35.0,12.0,0,0.0,
2024-06-10 22:02:23,"Back (Strength)",57m,"Reverse Fly (Machine)",3,35.0,12.0,0,0.0,
2024-06-10 22:02:23,"Back (Strength)",57m,"Reverse Fly (Machine)",4,35.0,12.0,0,0.0,
2024-06-10 22:02:23,"Back (Strength)",57m,"Seated Row (Cable)",1,33.0,12.0,0,0.0,
2024-06-10 22:02:23,"Back (Strength)",57m,"Seated Row (Cable)",2,33.0,12.0,0,0.0,
2024-06-10 22:02:23,"Back (Strength)",57m,"Seated Row (Cable)",3,33.0,12.0,0,0.0,
2024-06-10 22:02:23,"Back (Strength)",57m,"Seated Row (Cable)",4,40.0,12.0,0,0.0,
2024-06-10 22:02:23,"Back (Strength)",57m,"Bicep Curl (Cable)",1,8.75,10.0,0,0.0,
2024-06-10 22:02:23,"Back (Strength)",57m,"Bicep Curl (Cable)",2,8.75,10.0,0,0.0,
2024-06-10 22:02:23,"Back (Strength)",57m,"Bicep Curl (Cable)",3,8.75,10.0,0,0.0,
2024-06-10 22:02:23,"Back (Strength)",57m,"Cable Crunch",1,31.5,30.0,0,0.0,
2024-06-10 22:02:23,"Back (Strength)",57m,"Cable Crunch",2,31.5,30.0,0,0.0,
2024-06-10 22:02:23,"Back (Strength)",57m,"Cable Crunch",3,31.5,40.0,0,0.0,
2024-06-10 22:02:23,"Back (Strength)",57m,"Hammer Curl (Dumbbell)",1,9.0,9.0,0,0.0,
2024-06-10 22:02:23,"Back (Strength)",57m,"Hammer Curl (Dumbbell)",2,9.0,10.0,0,0.0,
2024-06-10 22:02:23,"Back (Strength)",57m,"Hammer Curl (Dumbbell)",3,9.0,11.0,0,0.0,
2024-06-12 18:42:35,"Chest and Shoulders (Growth)",1h 4m,"Chest Press (Machine)",W,27.5,10.0,0,0.0,
2024-06-12 18:42:35,"Chest and Shoulders (Growth)",1h 4m,"Chest Press (Machine)",1,35.0,12.0,0,0.0,
2024-06-12 18:42:35,"Chest and Shoulders (Growth)",1h 4m,"Chest Press (Machine)",2,35.0,12.0,0,0.0,
2024-06-12 18:42:35,"Chest and Shoulders (Growth)",1h 4m,"Chest Press (Machine)",3,42.5,10.0,0,0.0,
2024-06-12 18:42:35,"Chest and Shoulders (Growth)",1h 4m,"Chest Press (Machine)",4,35.0,12.0,0,0.0,
2024-06-12 18:42:35,"Chest and Shoulders (Growth)",1h 4m,"Chest Fly",1,42.5,12.0,0,0.0,
2024-06-12 18:42:35,"Chest and Shoulders (Growth)",1h 4m,"Chest Fly",2,42.5,12.0,0,0.0,
2024-06-12 18:42:35,"Chest and Shoulders (Growth)",1h 4m,"Chest Fly",3,50.0,10.0,0,0.0,
2024-06-12 18:42:35,"Chest and Shoulders (Growth)",1h 4m,"Chest Fly",4,50.0,10.0,0,0.0,
2024-06-12 18:42:35,"Chest and Shoulders (Growth)",1h 4m,"Incline Chest Press (Machine)",1,15.8,12.0,0,0.0,
2024-06-12 18:42:35,"Chest and Shoulders (Growth)",1h 4m,"Incline Chest Press (Machine)",2,15.8,12.0,0,0.0,
2024-06-12 18:42:35,"Chest and Shoulders (Growth)",1h 4m,"Incline Chest Press (Machine)",3,15.8,12.0,0,0.0,
2024-06-12 18:42:35,"Chest and Shoulders (Growth)",1h 4m,"Incline Chest Press (Machine)",4,11.3,12.0,0,0.0,
2024-06-12 18:42:35,"Chest and Shoulders (Growth)",1h 4m,"Lateral Raise (Dumbbell)",1,9.0,12.0,0,0.0,
2024-06-12 18:42:35,"Chest and Shoulders (Growth)",1h 4m,"Lateral Raise (Dumbbell)",2,9.0,12.0,0,0.0,
2024-06-12 18:42:35,"Chest and Shoulders (Growth)",1h 4m,"Lateral Raise (Dumbbell)",3,9.0,12.0,0,0.0,
2024-06-12 18:42:35,"Chest and Shoulders (Growth)",1h 4m,"Lateral Raise (Dumbbell)",4,9.0,12.0,0,0.0,
2024-06-12 18:42:35,"Chest and Shoulders (Growth)",1h 4m,"Triceps Extension",1,17.5,15.0,0,0.0,
2024-06-12 18:42:35,"Chest and Shoulders (Growth)",1h 4m,"Triceps Extension",2,17.5,15.0,0,0.0,
2024-06-12 18:42:35,"Chest and Shoulders (Growth)",1h 4m,"Triceps Extension",3,17.5,15.0,0,0.0,
2024-06-12 18:42:35,"Chest and Shoulders (Growth)",1h 4m,"Triceps Extension",4,17.5,15.0,0,0.0,
2024-06-12 18:42:35,"Chest and Shoulders (Growth)",1h 4m,"Cable Crunch",1,31.5,30.0,0,0.0,
2024-06-12 18:42:35,"Chest and Shoulders (Growth)",1h 4m,"Cable Crunch",2,31.5,30.0,0,0.0,
2024-06-12 18:42:35,"Chest and Shoulders (Growth)",1h 4m,"Cable Crunch",3,31.5,20.0,0,0.0,
2024-06-12 18:42:35,"Chest and Shoulders (Growth)",1h 4m,"Cable Crunch",4,31.5,20.0,0,0.0,
2024-06-14 13:36:34,"Back (Strength)",1h 19m,"Seated Row (Cable)",W,33.0,20.0,0,0.0,
2024-06-14 13:36:34,"Back (Strength)",1h 19m,"Seated Row (Cable)",1,47.0,8.0,0,0.0,
2024-06-14 13:36:34,"Back (Strength)",1h 19m,"Seated Row (Cable)",2,57.0,6.0,0,0.0,
2024-06-14 13:36:34,"Back (Strength)",1h 19m,"Seated Row (Cable)",3,40.0,10.0,0,0.0,
2024-06-14 13:36:34,"Back (Strength)",1h 19m,"Seated Row (Cable)",4,47.0,6.0,0,0.0,
2024-06-14 13:36:34,"Back (Strength)",1h 19m,"Seated Row (Cable)",5,47.0,8.0,0,0.0,
2024-06-14 13:36:34,"Back (Strength)",1h 19m,"Iso-Lateral Row (Machine)",W,20.4,15.0,0,0.0,
2024-06-14 13:36:34,"Back (Strength)",1h 19m,"Iso-Lateral Row (Machine)",1,31.7,12.0,0,0.0,
2024-06-14 13:36:34,"Back (Strength)",1h 19m,"Iso-Lateral Row (Machine)",2,40.8,8.0,0,0.0,
2024-06-14 13:36:34,"Back (Strength)",1h 19m,"Iso-Lateral Row (Machine)",3,40.8,8.0,0,0.0,
2024-06-14 13:36:34,"Back (Strength)",1h 19m,"Iso-Lateral Row (Machine)",4,40.8,8.0,0,0.0,
2024-06-14 13:36:34,"Back (Strength)",1h 19m,"Iso-Lateral Row (Machine)",5,45.3,6.0,0,0.0,
2024-06-14 13:36:34,"Back (Strength)",1h 19m,"Pullover (Machine)",1,17.5,10.0,0,0.0,
2024-06-14 13:36:34,"Back (Strength)",1h 19m,"Pullover (Machine)",2,17.5,8.0,0,0.0,
2024-06-14 13:36:34,"Back (Strength)",1h 19m,"Pullover (Machine)",3,17.5,8.0,0,0.0,
2024-06-14 13:36:34,"Back (Strength)",1h 19m,"Pullover (Machine)",4,17.5,8.0,0,0.0,
2024-06-14 13:36:34,"Back (Strength)",1h 19m,"Lat Pulldown (Cable)",1,26.0,12.0,0,0.0,
2024-06-14 13:36:34,"Back (Strength)",1h 19m,"Lat Pulldown (Cable)",2,33.0,10.0,0,0.0,
2024-06-14 13:36:34,"Back (Strength)",1h 19m,"Lat Pulldown (Cable)",3,40.0,8.0,0,0.0,
2024-06-14 13:36:34,"Back (Strength)",1h 19m,"Lat Pulldown (Cable)",4,40.0,8.0,0,0.0,
2024-06-14 13:36:34,"Back (Strength)",1h 19m,"Bicep Curl (Cable)",1,8.75,10.0,0,0.0,
2024-06-14 13:36:34,"Back (Strength)",1h 19m,"Bicep Curl (Cable)",2,8.75,10.0,0,0.0,
2024-06-14 13:36:34,"Back (Strength)",1h 19m,"Bicep Curl (Cable)",3,8.75,10.0,0,0.0,
2024-06-14 13:36:34,"Back (Strength)",1h 19m,"Bicep Curl (Cable)",4,8.75,10.0,0,0.0,
2024-06-14 13:36:34,"Back (Strength)",1h 19m,"Cable Crunch",1,31.5,30.0,0,0.0,
2024-06-14 13:36:34,"Back (Strength)",1h 19m,"Cable Crunch",2,31.5,30.0,0,0.0,
2024-06-14 13:36:34,"Back (Strength)",1h 19m,"Cable Crunch",3,31.5,40.0,0,0.0,
2024-06-25 19:46:44,"Back (Strength)",56m,"Bent Over Row (Barbell)",W,20.0,20.0,0,0.0,
2024-06-25 19:46:44,"Back (Strength)",56m,"Bent Over Row (Barbell)",1,51.6,5.0,0,0.0,
2024-06-25 19:46:44,"Back (Strength)",56m,"Bent Over Row (Barbell)",2,42.6,8.0,0,0.0,
2024-06-25 19:46:44,"Back (Strength)",56m,"Bent Over Row (Barbell)",3,42.6,10.0,0,0.0,
2024-06-25 19:46:44,"Back (Strength)",56m,"Bent Over Row (Barbell)",4,42.6,10.0,0,0.0,
2024-06-25 19:46:44,"Back (Strength)",56m,"Bent Over Row (Barbell)",5,47.2,8.0,0,0.0,
2024-06-25 19:46:44,"Back (Strength)",56m,"Lat Pulldown (Cable)",1,20.0,10.0,0,0.0,
2024-06-25 19:46:44,"Back (Strength)",56m,"Lat Pulldown (Cable)",2,23.8,10.0,0,0.0,
2024-06-25 19:46:44,"Back (Strength)",56m,"Lat Pulldown (Cable)",3,23.8,8.0,0,0.0,
2024-06-25 19:46:44,"Back (Strength)",56m,"Lat Pulldown (Machine)",1,20.7,10.0,0,0.0,
2024-06-25 19:46:44,"Back (Strength)",56m,"Lat Pulldown (Machine)",2,20.7,10.0,0,0.0,
2024-06-25 19:46:44,"Back (Strength)",56m,"Lat Pulldown (Machine)",3,31.7,5.0,0,0.0,
2024-06-25 19:46:44,"Back (Strength)",56m,"Lat Pulldown (Machine)",4,31.7,5.0,0,0.0,
2024-06-25 19:46:44,"Back (Strength)",56m,"Bicep Curl (Cable)",1,8.75,10.0,0,0.0,
2024-06-25 19:46:44,"Back (Strength)",56m,"Bicep Curl (Cable)",2,8.75,10.0,0,0.0,
2024-06-25 19:46:44,"Back (Strength)",56m,"Bicep Curl (Cable)",3,8.75,10.0,0,0.0,
2024-06-25 19:46:44,"Back (Strength)",56m,"Hammer Curl (Dumbbell)",1,8.0,8.0,0,0.0,
2024-06-25 19:46:44,"Back (Strength)",56m,"Hammer Curl (Dumbbell)",2,8.0,8.0,0,0.0,
2024-06-25 19:46:44,"Back (Strength)",56m,"Hammer Curl (Dumbbell)",3,8.0,8.0,0,0.0,
2024-06-25 19:46:44,"Back (Strength)",56m,"Cable Crunch",1,31.5,30.0,0,0.0,
2024-06-25 19:46:44,"Back (Strength)",56m,"Cable Crunch",2,31.5,30.0,0,0.0,
2024-06-25 19:46:44,"Back (Strength)",56m,"Cable Crunch",3,31.5,40.0,0,0.0,
2024-06-27 19:10:24,"Chest and Shoulders (Growth)",1h 2m,"Chest Press (Machine)",W,27.5,10.0,0,0.0,
2024-06-27 19:10:24,"Chest and Shoulders (Growth)",1h 2m,"Chest Press (Machine)",1,42.5,6.0,0,0.0,
2024-06-27 19:10:24,"Chest and Shoulders (Growth)",1h 2m,"Chest Press (Machine)",2,42.5,8.0,0,0.0,
2024-06-27 19:10:24,"Chest and Shoulders (Growth)",1h 2m,"Chest Press (Machine)",3,42.5,8.0,0,0.0,
2024-06-27 19:10:24,"Chest and Shoulders (Growth)",1h 2m,"Chest Press (Machine)",4,42.5,6.0,0,0.0,
2024-06-27 19:10:24,"Chest and Shoulders (Growth)",1h 2m,"Incline Chest Press (Machine)",1,11.3,10.0,0,0.0,
2024-06-27 19:10:24,"Chest and Shoulders (Growth)",1h 2m,"Incline Chest Press (Machine)",2,20.4,6.0,0,0.0,
2024-06-27 19:10:24,"Chest and Shoulders (Growth)",1h 2m,"Incline Chest Press (Machine)",3,20.4,6.0,0,0.0,
2024-06-27 19:10:24,"Chest and Shoulders (Growth)",1h 2m,"Incline Chest Press (Machine)",4,20.4,8.0,0,0.0,
2024-06-27 19:10:24,"Chest and Shoulders (Growth)",1h 2m,"Front Raise (Cable)",1,8.75,8.0,0,0.0,
2024-06-27 19:10:24,"Chest and Shoulders (Growth)",1h 2m,"Front Raise (Cable)",2,6.25,8.0,0,0.0,
2024-06-27 19:10:24,"Chest and Shoulders (Growth)",1h 2m,"Front Raise (Cable)",3,6.25,8.0,0,0.0,
2024-06-27 19:10:24,"Chest and Shoulders (Growth)",1h 2m,"Lateral Raise (Cable)",1,6.25,8.0,0,0.0,
2024-06-27 19:10:24,"Chest and Shoulders (Growth)",1h 2m,"Lateral Raise (Cable)",2,3.75,8.0,0,0.0,
2024-06-27 19:10:24,"Chest and Shoulders (Growth)",1h 2m,"Lateral Raise (Cable)",3,3.75,8.0,0,0.0,
2024-06-27 19:10:24,"Chest and Shoulders (Growth)",1h 2m,"Delt Rear Extension (Cable)",1,3.75,8.0,0,0.0,
2024-06-27 19:10:24,"Chest and Shoulders (Growth)",1h 2m,"Delt Rear Extension (Cable)",2,6.25,8.0,0,0.0,
2024-06-27 19:10:24,"Chest and Shoulders (Growth)",1h 2m,"Delt Rear Extension (Cable)",3,6.25,8.0,0,0.0,
2024-06-27 19:10:24,"Chest and Shoulders (Growth)",1h 2m,"EZ Bar Outward Tricep Extension",1,10.0,10.0,0,0.0,
2024-06-27 19:10:24,"Chest and Shoulders (Growth)",1h 2m,"EZ Bar Outward Tricep Extension",2,15.0,10.0,0,0.0,
2024-06-27 19:10:24,"Chest and Shoulders (Growth)",1h 2m,"EZ Bar Outward Tricep Extension",3,15.0,10.0,0,0.0,
2024-06-27 19:10:24,"Chest and Shoulders (Growth)",1h 2m,"EZ Bar Outward Tricep Extension",4,15.0,10.0,0,0.0,
2024-06-27 19:10:24,"Chest and Shoulders (Growth)",1h 2m,"Cable Crunch",1,31.5,30.0,0,0.0,
2024-06-27 19:10:24,"Chest and Shoulders (Growth)",1h 2m,"Cable Crunch",2,31.5,30.0,0,0.0,
2024-06-27 19:10:24,"Chest and Shoulders (Growth)",1h 2m,"Cable Crunch",3,31.5,40.0,0,0.0,
2024-06-29 10:57:47,"Back (Strength)",51m,"Iso-Lateral Row (Machine)",W,20.4,10.0,0,0.0,
2024-06-29 10:57:47,"Back (Strength)",51m,"Iso-Lateral Row (Machine)",1,31.7,10.0,0,0.0,
2024-06-29 10:57:47,"Back (Strength)",51m,"Iso-Lateral Row (Machine)",2,36.3,10.0,0,0.0,
2024-06-29 10:57:47,"Back (Strength)",51m,"Iso-Lateral Row (Machine)",3,36.3,10.0,0,0.0,
2024-06-29 10:57:47,"Back (Strength)",51m,"Iso-Lateral Row (Machine)",4,36.3,10.0,0,0.0,
2024-06-29 10:57:47,"Back (Strength)",51m,"Seated Row (Cable)",W,33.0,10.0,0,0.0,
2024-06-29 10:57:47,"Back (Strength)",51m,"Seated Row (Cable)",1,40.0,10.0,0,0.0,
2024-06-29 10:57:47,"Back (Strength)",51m,"Seated Row (Cable)",2,40.0,10.0,0,0.0,
2024-06-29 10:57:47,"Back (Strength)",51m,"Seated Row (Cable)",3,40.0,10.0,0,0.0,
2024-06-29 10:57:47,"Back (Strength)",51m,"Lat Pulldown (Cable)",1,26.0,12.0,0,0.0,
2024-06-29 10:57:47,"Back (Strength)",51m,"Lat Pulldown (Cable)",2,33.0,10.0,0,0.0,
2024-06-29 10:57:47,"Back (Strength)",51m,"Lat Pulldown (Cable)",3,40.0,10.0,0,0.0,
2024-06-29 10:57:47,"Back (Strength)",51m,"Lat Pulldown (Cable)",4,40.0,10.0,0,0.0,
2024-06-29 10:57:47,"Back (Strength)",51m,"Bicep Curl (Cable)",1,7.5,10.0,0,0.0,
2024-06-29 10:57:47,"Back (Strength)",51m,"Bicep Curl (Cable)",2,7.5,10.0,0,0.0,
2024-06-29 10:57:47,"Back (Strength)",51m,"Bicep Curl (Cable)",3,7.5,10.0,0,0.0,
2024-06-29 10:57:47,"Back (Strength)",51m,"Hammer Curl (Dumbbell)",1,8.0,10.0,0,0.0,
2024-06-29 10:57:47,"Back (Strength)",51m,"Hammer Curl (Dumbbell)",2,8.0,10.0,0,0.0,
2024-06-29 10:57:47,"Back (Strength)",51m,"Hammer Curl (Dumbbell)",3,8.0,10.0,0,0.0,
2024-06-29 10:57:47,"Back (Strength)",51m,"Cable Crunch",1,31.5,30.0,0,0.0,
2024-06-29 10:57:47,"Back (Strength)",51m,"Cable Crunch",2,31.5,30.0,0,0.0,
2024-06-29 10:57:47,"Back (Strength)",51m,"Cable Crunch",3,31.5,40.0,0,0.0,
2024-07-17 19:31:13,"Back (Strength)",1h 3m,"Iso-Lateral Row (Machine)",W,20.4,15.0,0,0.0,
2024-07-17 19:31:13,"Back (Strength)",1h 3m,"Iso-Lateral Row (Machine)",1,40.8,5.0,0,0.0,
2024-07-17 19:31:13,"Back (Strength)",1h 3m,"Iso-Lateral Row (Machine)",2,45.3,6.0,0,0.0,
2024-07-17 19:31:13,"Back (Strength)",1h 3m,"Iso-Lateral Row (Machine)",3,45.3,6.0,0,0.0,
2024-07-17 19:31:13,"Back (Strength)",1h 3m,"Iso-Lateral Row (Machine)",4,45.3,6.0,0,0.0,
2024-07-17 19:31:13,"Back (Strength)",1h 3m,"Iso-Lateral Row (Machine)",5,45.3,6.0,0,0.0,
2024-07-17 19:31:13,"Back (Strength)",1h 3m,"Seated Row (Cable)",W,33.0,10.0,0,0.0,
2024-07-17 19:31:13,"Back (Strength)",1h 3m,"Seated Row (Cable)",1,47.0,6.0,0,0.0,
2024-07-17 19:31:13,"Back (Strength)",1h 3m,"Seated Row (Cable)",2,40.0,8.0,0,0.0,
2024-07-17 19:31:13,"Back (Strength)",1h 3m,"Seated Row (Cable)",3,40.0,8.0,0,0.0,
2024-07-17 19:31:13,"Back (Strength)",1h 3m,"Seated Row (Cable)",4,40.0,8.0,0,0.0,
2024-07-17 19:31:13,"Back (Strength)",1h 3m,"Lat Pulldown (Machine)",1,20.4,10.0,0,0.0,
2024-07-17 19:31:13,"Back (Strength)",1h 3m,"Lat Pulldown (Machine)",2,31.7,5.0,0,0.0,
2024-07-17 19:31:13,"Back (Strength)",1h 3m,"Lat Pulldown (Machine)",3,24.9,8.0,0,0.0,
2024-07-17 19:31:13,"Back (Strength)",1h 3m,"Lat Pulldown (Machine)",4,24.9,8.0,0,0.0,
2024-07-17 19:31:13,"Back (Strength)",1h 3m,"Lat Pulldown (Machine)",5,24.9,8.0,0,0.0,
2024-07-17 19:31:13,"Back (Strength)",1h 3m,"Bicep Curl (Cable)",1,8.75,8.0,0,0.0,
2024-07-17 19:31:13,"Back (Strength)",1h 3m,"Bicep Curl (Cable)",2,8.75,8.0,0,0.0,
2024-07-17 19:31:13,"Back (Strength)",1h 3m,"Bicep Curl (Cable)",3,8.75,8.0,0,0.0,
2024-07-17 19:31:13,"Back (Strength)",1h 3m,"Hammer Curl (Dumbbell)",1,8.0,8.0,0,0.0,
2024-07-17 19:31:13,"Back (Strength)",1h 3m,"Hammer Curl (Dumbbell)",2,8.0,10.0,0,0.0,
2024-07-17 19:31:13,"Back (Strength)",1h 3m,"Hammer Curl (Dumbbell)",3,8.0,10.0,0,0.0,
2024-07-17 19:31:13,"Back (Strength)",1h 3m,"Cable Crunch",1,31.5,30.0,0,0.0,
2024-07-17 19:31:13,"Back (Strength)",1h 3m,"Cable Crunch",2,31.5,30.0,0,0.0,
2024-07-17 19:31:13,"Back (Strength)",1h 3m,"Cable Crunch",3,31.5,40.0,0,0.0,
2024-07-20 10:54:46,"Chest and Shoulders (Growth)",51m,"Bench Press (Barbell)",W,20.0,10.0,0,0.0,
2024-07-20 10:54:46,"Chest and Shoulders (Growth)",51m,"Bench Press (Barbell)",1,42.6,8.0,0,0.0,
2024-07-20 10:54:46,"Chest and Shoulders (Growth)",51m,"Bench Press (Barbell)",2,42.6,8.0,0,0.0,
2024-07-20 10:54:46,"Chest and Shoulders (Growth)",51m,"Bench Press (Barbell)",3,51.6,5.0,0,0.0,
2024-07-20 10:54:46,"Chest and Shoulders (Growth)",51m,"Bench Press (Barbell)",4,51.6,5.0,0,0.0,
2024-07-20 10:54:46,"Chest and Shoulders (Growth)",51m,"Incline Chest Press (Machine)",1,11.3,10.0,0,0.0,
2024-07-20 10:54:46,"Chest and Shoulders (Growth)",51m,"Incline Chest Press (Machine)",2,15.8,8.0,0,0.0,
2024-07-20 10:54:46,"Chest and Shoulders (Growth)",51m,"Incline Chest Press (Machine)",3,15.8,8.0,0,0.0,
2024-07-20 10:54:46,"Chest and Shoulders (Growth)",51m,"Incline Chest Press (Machine)",4,15.8,8.0,0,0.0,
2024-07-20 10:54:46,"Chest and Shoulders (Growth)",51m,"Shoulder Press (Machine)",1,20.0,8.0,0,0.0,
2024-07-20 10:54:46,"Chest and Shoulders (Growth)",51m,"Shoulder Press (Machine)",2,20.0,8.0,0,0.0,
2024-07-20 10:54:46,"Chest and Shoulders (Growth)",51m,"Shoulder Press (Machine)",3,20.0,6.0,0,0.0,
2024-07-20 10:54:46,"Chest and Shoulders (Growth)",51m,"Lateral Raise (Cable)",1,5.0,8.0,0,0.0,
2024-07-20 10:54:46,"Chest and Shoulders (Growth)",51m,"Lateral Raise (Cable)",2,5.0,8.0,0,0.0,
2024-07-20 10:54:46,"Chest and Shoulders (Growth)",51m,"Lateral Raise (Cable)",3,5.0,8.0,0,0.0,
2024-07-20 10:54:46,"Chest and Shoulders (Growth)",51m,"Lateral Raise (Cable)",4,5.0,8.0,0,0.0,
2024-07-20 10:54:46,"Chest and Shoulders (Growth)",51m,"EZ Bar Outward Tricep Extension",1,10.0,10.0,0,0.0,
2024-07-20 10:54:46,"Chest and Shoulders (Growth)",51m,"EZ Bar Outward Tricep Extension",2,10.0,10.0,0,0.0,
2024-07-20 10:54:46,"Chest and Shoulders (Growth)",51m,"EZ Bar Outward Tricep Extension",3,10.0,8.0,0,0.0,
2024-07-20 10:54:46,"Chest and Shoulders (Growth)",51m,"EZ Bar Outward Tricep Extension",4,10.0,10.0,0,0.0,
2024-07-22 18:26:20,"Back (Strength)",1h 14m,"Single Arm Vertical Iso-Lateral Row (Machine)",W,20.4,10.0,0,0.0,
2024-07-22 18:26:20,"Back (Strength)",1h 14m,"Single Arm Vertical Iso-Lateral Row (Machine)",1,31.7,10.0,0,0.0,
2024-07-22 18:26:20,"Back (Strength)",1h 14m,"Single Arm Vertical Iso-Lateral Row (Machine)",2,36.2,10.0,0,0.0,
2024-07-22 18:26:20,"Back (Strength)",1h 14m,"Single Arm Vertical Iso-Lateral Row (Machine)",3,36.2,10.0,0,0.0,
2024-07-22 18:26:20,"Back (Strength)",1h 14m,"Single Arm Vertical Iso-Lateral Row (Machine)",4,36.2,10.0,0,0.0,
2024-07-22 18:26:20,"Back (Strength)",1h 14m,"Seated Row (Cable)",W,33.0,10.0,0,0.0,
2024-07-22 18:26:20,"Back (Strength)",1h 14m,"Seated Row (Cable)",1,40.0,10.0,0,0.0,
2024-07-22 18:26:20,"Back (Strength)",1h 14m,"Seated Row (Cable)",2,40.0,10.0,0,0.0,
2024-07-22 18:26:20,"Back (Strength)",1h 14m,"Seated Row (Cable)",3,40.0,10.0,0,0.0,
2024-07-22 18:26:20,"Back (Strength)",1h 14m,"Seated Row (Cable)",4,40.0,10.0,0,0.0,
2024-07-22 18:26:20,"Back (Strength)",1h 14m,"Lat Pulldown (Cable)",1,26.0,10.0,0,0.0,
2024-07-22 18:26:20,"Back (Strength)",1h 14m,"Lat Pulldown (Cable)",2,40.0,10.0,0,0.0,
2024-07-22 18:26:20,"Back (Strength)",1h 14m,"Lat Pulldown (Cable)",3,40.0,10.0,0,0.0,
2024-07-22 18:26:20,"Back (Strength)",1h 14m,"Lat Pulldown (Cable)",4,40.0,10.0,0,0.0,
2024-07-22 18:26:20,"Back (Strength)",1h 14m,"Bicep Curl (Cable)",1,7.5,12.0,0,0.0,
2024-07-22 18:26:20,"Back (Strength)",1h 14m,"Bicep Curl (Cable)",2,7.5,12.0,0,0.0,
2024-07-22 18:26:20,"Back (Strength)",1h 14m,"Bicep Curl (Cable)",3,7.5,12.0,0,0.0,
2024-07-22 18:26:20,"Back (Strength)",1h 14m,"Bicep Curl (Cable)",4,7.5,10.0,0,0.0,
2024-07-22 18:26:20,"Back (Strength)",1h 14m,"Hammer Curl (Dumbbell)",1,8.0,10.0,0,0.0,
2024-07-22 18:26:20,"Back (Strength)",1h 14m,"Hammer Curl (Dumbbell)",2,8.0,10.0,0,0.0,
2024-07-22 18:26:20,"Back (Strength)",1h 14m,"Hammer Curl (Dumbbell)",3,8.0,10.0,0,0.0,
2024-07-22 18:26:20,"Back (Strength)",1h 14m,"Cable Crunch",1,31.5,30.0,0,0.0,
2024-07-22 18:26:20,"Back (Strength)",1h 14m,"Cable Crunch",2,31.5,30.0,0,0.0,
2024-07-22 18:26:20,"Back (Strength)",1h 14m,"Cable Crunch",3,31.5,40.0,0,0.0,
2024-07-24 18:40:49,"Chest and Shoulders (Growth)",1h 15m,"Chest Press (Machine)",W,27.5,10.0,0,0.0,
2024-07-24 18:40:49,"Chest and Shoulders (Growth)",1h 15m,"Chest Press (Machine)",1,42.5,8.0,0,0.0,
2024-07-24 18:40:49,"Chest and Shoulders (Growth)",1h 15m,"Chest Press (Machine)",2,42.5,8.0,0,0.0,
2024-07-24 18:40:49,"Chest and Shoulders (Growth)",1h 15m,"Chest Press (Machine)",3,42.5,8.0,0,0.0,
2024-07-24 18:40:49,"Chest and Shoulders (Growth)",1h 15m,"Chest Press (Machine)",4,42.5,8.0,0,0.0,
2024-07-24 18:40:49,"Chest and Shoulders (Growth)",1h 15m,"Chest Fly",1,42.5,10.0,0,0.0,
2024-07-24 18:40:49,"Chest and Shoulders (Growth)",1h 15m,"Chest Fly",2,42.5,10.0,0,0.0,
2024-07-24 18:40:49,"Chest and Shoulders (Growth)",1h 15m,"Chest Fly",3,35.0,10.0,0,0.0,
2024-07-24 18:40:49,"Chest and Shoulders (Growth)",1h 15m,"Chest Fly",4,35.0,10.0,0,0.0,
2024-07-24 18:40:49,"Chest and Shoulders (Growth)",1h 15m,"Front Raise (Cable)",1,7.5,10.0,0,0.0,
2024-07-24 18:40:49,"Chest and Shoulders (Growth)",1h 15m,"Front Raise (Cable)",2,7.5,10.0,0,0.0,
2024-07-24 18:40:49,"Chest and Shoulders (Growth)",1h 15m,"Front Raise (Cable)",3,7.5,10.0,0,0.0,
2024-07-24 18:40:49,"Chest and Shoulders (Growth)",1h 15m,"Lateral Raise (Cable)",1,5.0,8.0,0,0.0,
2024-07-24 18:40:49,"Chest and Shoulders (Growth)",1h 15m,"Lateral Raise (Cable)",2,5.0,8.0,0,0.0,
2024-07-24 18:40:49,"Chest and Shoulders (Growth)",1h 15m,"Lateral Raise (Cable)",3,5.0,8.0,0,0.0,
2024-07-24 18:40:49,"Chest and Shoulders (Growth)",1h 15m,"Delt Rear Extension (Cable)",1,5.0,10.0,0,0.0,
2024-07-24 18:40:49,"Chest and Shoulders (Growth)",1h 15m,"Delt Rear Extension (Cable)",2,7.5,10.0,0,0.0,
2024-07-24 18:40:49,"Chest and Shoulders (Growth)",1h 15m,"Delt Rear Extension (Cable)",3,7.5,8.0,0,0.0,
2024-07-24 18:40:49,"Chest and Shoulders (Growth)",1h 15m,"EZ Bar Outward Tricep Extension",1,12.5,12.0,0,0.0,
2024-07-24 18:40:49,"Chest and Shoulders (Growth)",1h 15m,"EZ Bar Outward Tricep Extension",2,12.5,15.0,0,0.0,
2024-07-24 18:40:49,"Chest and Shoulders (Growth)",1h 15m,"EZ Bar Outward Tricep Extension",3,15.0,10.0,0,0.0,
2024-07-24 18:40:49,"Chest and Shoulders (Growth)",1h 15m,"EZ Bar Outward Tricep Extension",4,15.0,12.0,0,0.0,
2024-07-24 18:40:49,"Chest and Shoulders (Growth)",1h 15m,"Cable Crunch",1,31.5,30.0,0,0.0,
2024-07-24 18:40:49,"Chest and Shoulders (Growth)",1h 15m,"Cable Crunch",2,31.5,30.0,0,0.0,
2024-07-24 18:40:49,"Chest and Shoulders (Growth)",1h 15m,"Cable Crunch",3,33.75,40.0,0,0.0,
2024-07-26 19:02:51,"Back (Strength)",40m,"Bent Over Row (Barbell)",1,20.0,20.0,0,0.0,
2024-07-26 19:02:51,"Back (Strength)",40m,"Bent Over Row (Barbell)",2,42.6,10.0,0,0.0,
2024-07-26 19:02:51,"Back (Strength)",40m,"Bent Over Row (Barbell)",3,42.6,10.0,0,0.0,
2024-07-26 19:02:51,"Back (Strength)",40m,"Bent Over Row (Barbell)",4,47.2,8.0,0,0.0,
2024-07-26 19:02:51,"Back (Strength)",40m,"Bent Over Row (Barbell)",5,47.2,8.0,0,0.0,
2024-07-26 19:02:51,"Back (Strength)",40m,"Lat Pulldown (Machine)",1,20.4,10.0,0,0.0,
2024-07-26 19:02:51,"Back (Strength)",40m,"Lat Pulldown (Machine)",2,24.9,10.0,0,0.0,
2024-07-26 19:02:51,"Back (Strength)",40m,"Lat Pulldown (Machine)",3,24.9,10.0,0,0.0,
2024-07-26 19:02:51,"Back (Strength)",40m,"Lat Pulldown (Machine)",4,24.9,10.0,0,0.0,
2024-07-26 19:02:51,"Back (Strength)",40m,"Lat Pulldown (Machine)",5,24.9,10.0,0,0.0,
2024-07-26 19:02:51,"Back (Strength)",40m,"Bicep Curl (Cable)",1,8.75,8.0,0,0.0,
2024-07-26 19:02:51,"Back (Strength)",40m,"Bicep Curl (Cable)",2,8.75,10.0,0,0.0,
2024-07-26 19:02:51,"Back (Strength)",40m,"Bicep Curl (Cable)",3,8.75,10.0,0,0.0,
2024-07-26 19:02:51,"Back (Strength)",40m,"Hammer Curl (Dumbbell)",1,9.0,8.0,0,0.0,
2024-07-26 19:02:51,"Back (Strength)",40m,"Hammer Curl (Dumbbell)",2,9.0,8.0,0,0.0,
2024-07-26 19:02:51,"Back (Strength)",40m,"Hammer Curl (Dumbbell)",3,9.0,8.0,0,0.0,
2024-07-26 19:02:51,"Back (Strength)",40m,"Cable Crunch",1,31.5,30.0,0,0.0,
2024-07-26 19:02:51,"Back (Strength)",40m,"Cable Crunch",2,31.5,30.0,0,0.0,
2024-07-26 19:02:51,"Back (Strength)",40m,"Cable Crunch",3,31.5,40.0,0,0.0,
2024-07-29 18:54:26,"Chest and Shoulders (Growth)",1h 4m,"Chest Press (Machine)",W,27.5,10.0,0,0.0,
2024-07-29 18:54:26,"Chest and Shoulders (Growth)",1h 4m,"Chest Press (Machine)",1,42.5,8.0,0,0.0,
2024-07-29 18:54:26,"Chest and Shoulders (Growth)",1h 4m,"Chest Press (Machine)",2,42.5,8.0,0,0.0,
2024-07-29 18:54:26,"Chest and Shoulders (Growth)",1h 4m,"Chest Press (Machine)",3,42.5,8.0,0,0.0,
2024-07-29 18:54:26,"Chest and Shoulders (Growth)",1h 4m,"Chest Press (Machine)",4,42.5,8.0,0,0.0,
2024-07-29 18:54:26,"Chest and Shoulders (Growth)",1h 4m,"Chest Fly",1,35.0,10.0,0,0.0,
2024-07-29 18:54:26,"Chest and Shoulders (Growth)",1h 4m,"Chest Fly",2,35.0,12.0,0,0.0,
2024-07-29 18:54:26,"Chest and Shoulders (Growth)",1h 4m,"Chest Fly",3,42.5,10.0,0,0.0,
2024-07-29 18:54:26,"Chest and Shoulders (Growth)",1h 4m,"Chest Fly",4,42.5,10.0,0,0.0,
2024-07-29 18:54:26,"Chest and Shoulders (Growth)",1h 4m,"Front Raise (Cable)",1,7.5,10.0,0,0.0,
2024-07-29 18:54:26,"Chest and Shoulders (Growth)",1h 4m,"Front Raise (Cable)",2,7.5,12.0,0,0.0,
2024-07-29 18:54:26,"Chest and Shoulders (Growth)",1h 4m,"Front Raise (Cable)",3,10.0,10.0,0,0.0,
2024-07-29 18:54:26,"Chest and Shoulders (Growth)",1h 4m,"Lateral Raise (Cable)",1,5.0,8.0,0,0.0,
2024-07-29 18:54:26,"Chest and Shoulders (Growth)",1h 4m,"Lateral Raise (Cable)",2,2.5,12.0,0,0.0,
2024-07-29 18:54:26,"Chest and Shoulders (Growth)",1h 4m,"Lateral Raise (Cable)",3,2.5,12.0,0,0.0,
2024-07-29 18:54:26,"Chest and Shoulders (Growth)",1h 4m,"Delt Rear Extension (Cable)",1,7.5,8.0,0,0.0,
2024-07-29 18:54:26,"Chest and Shoulders (Growth)",1h 4m,"Delt Rear Extension (Cable)",2,7.5,8.0,0,0.0,
2024-07-29 18:54:26,"Chest and Shoulders (Growth)",1h 4m,"Delt Rear Extension (Cable)",3,7.5,10.0,0,0.0,
2024-07-29 18:54:26,"Chest and Shoulders (Growth)",1h 4m,"EZ Bar Outward Tricep Extension",1,15.0,12.0,0,0.0,
2024-07-29 18:54:26,"Chest and Shoulders (Growth)",1h 4m,"EZ Bar Outward Tricep Extension",2,17.5,12.0,0,0.0,
2024-07-29 18:54:26,"Chest and Shoulders (Growth)",1h 4m,"EZ Bar Outward Tricep Extension",3,17.5,12.0,0,0.0,
2024-07-29 18:54:26,"Chest and Shoulders (Growth)",1h 4m,"EZ Bar Outward Tricep Extension",4,17.5,12.0,0,0.0,
2024-07-29 18:54:26,"Chest and Shoulders (Growth)",1h 4m,"Cable Crunch",1,33.5,30.0,0,0.0,
2024-07-29 18:54:26,"Chest and Shoulders (Growth)",1h 4m,"Cable Crunch",2,35.0,30.0,0,0.0,
2024-07-29 18:54:26,"Chest and Shoulders (Growth)",1h 4m,"Cable Crunch",3,35.0,40.0,0,0.0,
2024-07-31 19:08:30,"Back (Strength)",1h 16m,"Single Arm Vertical Iso-Lateral Row (Machine)",W,20.4,10.0,0,0.0,
2024-07-31 19:08:30,"Back (Strength)",1h 16m,"Single Arm Vertical Iso-Lateral Row (Machine)",1,36.2,10.0,0,0.0,
2024-07-31 19:08:30,"Back (Strength)",1h 16m,"Single Arm Vertical Iso-Lateral Row (Machine)",2,36.2,10.0,0,0.0,
2024-07-31 19:08:30,"Back (Strength)",1h 16m,"Single Arm Vertical Iso-Lateral Row (Machine)",3,36.2,10.0,0,0.0,
2024-07-31 19:08:30,"Back (Strength)",1h 16m,"Single Arm Vertical Iso-Lateral Row (Machine)",4,36.2,10.0,0,0.0,
2024-07-31 19:08:30,"Back (Strength)",1h 16m,"Lat Pulldown (Machine)",1,20.4,12.0,0,0.0,
2024-07-31 19:08:30,"Back (Strength)",1h 16m,"Lat Pulldown (Machine)",2,20.4,12.0,0,0.0,
2024-07-31 19:08:30,"Back (Strength)",1h 16m,"Lat Pulldown (Machine)",3,20.4,12.0,0,0.0,
2024-07-31 19:08:30,"Back (Strength)",1h 16m,"Lat Pulldown (Machine)",4,20.4,12.0,0,0.0,
2024-07-31 19:08:30,"Back (Strength)",1h 16m,"Lat Pulldown (Cable)",1,24.0,10.0,0,0.0,
2024-07-31 19:08:30,"Back (Strength)",1h 16m,"Lat Pulldown (Cable)",2,38.0,10.0,0,0.0,
2024-07-31 19:08:30,"Back (Strength)",1h 16m,"Lat Pulldown (Cable)",3,38.0,10.0,0,0.0,
2024-07-31 19:08:30,"Back (Strength)",1h 16m,"Lat Pulldown (Cable)",4,38.0,10.0,0,0.0,
2024-07-31 19:08:30,"Back (Strength)",1h 16m,"Bicep Curl (Cable)",1,7.5,12.0,0,0.0,
2024-07-31 19:08:30,"Back (Strength)",1h 16m,"Bicep Curl (Cable)",2,7.5,12.0,0,0.0,
2024-07-31 19:08:30,"Back (Strength)",1h 16m,"Bicep Curl (Cable)",3,7.5,12.0,0,0.0,
2024-07-31 19:08:30,"Back (Strength)",1h 16m,"Bicep Curl (Cable)",4,7.5,12.0,0,0.0,
2024-07-31 19:08:30,"Back (Strength)",1h 16m,"Hammer Curl (Dumbbell)",1,9.0,8.0,0,0.0,
2024-07-31 19:08:30,"Back (Strength)",1h 16m,"Hammer Curl (Dumbbell)",2,9.0,10.0,0,0.0,
2024-07-31 19:08:30,"Back (Strength)",1h 16m,"Hammer Curl (Dumbbell)",3,9.0,8.0,0,0.0,
2024-07-31 19:08:30,"Back (Strength)",1h 16m,"Cable Crunch",1,35.0,30.0,0,0.0,
2024-07-31 19:08:30,"Back (Strength)",1h 16m,"Cable Crunch",2,31.5,30.0,0,0.0,
2024-07-31 19:08:30,"Back (Strength)",1h 16m,"Cable Crunch",3,31.5,40.0,0,0.0,
2024-08-03 14:04:43,"Chest and Shoulders (Growth)",1h 21m,"Chest Press (Machine)",W,27.5,10.0,0,0.0,
2024-08-03 14:04:43,"Chest and Shoulders (Growth)",1h 21m,"Chest Press (Machine)",1,42.5,8.0,0,0.0,
2024-08-03 14:04:43,"Chest and Shoulders (Growth)",1h 21m,"Chest Press (Machine)",2,42.5,10.0,0,0.0,
2024-08-03 14:04:43,"Chest and Shoulders (Growth)",1h 21m,"Chest Press (Machine)",3,42.5,10.0,0,0.0,
2024-08-03 14:04:43,"Chest and Shoulders (Growth)",1h 21m,"Chest Press (Machine)",4,42.5,10.0,0,0.0,
2024-08-03 14:04:43,"Chest and Shoulders (Growth)",1h 21m,"Chest Fly",1,35.0,10.0,0,0.0,
2024-08-03 14:04:43,"Chest and Shoulders (Growth)",1h 21m,"Chest Fly",2,42.5,10.0,0,0.0,
2024-08-03 14:04:43,"Chest and Shoulders (Growth)",1h 21m,"Chest Fly",3,42.5,10.0,0,0.0,
2024-08-03 14:04:43,"Chest and Shoulders (Growth)",1h 21m,"Chest Fly",4,42.5,10.0,0,0.0,
2024-08-03 14:04:43,"Chest and Shoulders (Growth)",1h 21m,"Front Raise (Cable)",1,7.5,10.0,0,0.0,
2024-08-03 14:04:43,"Chest and Shoulders (Growth)",1h 21m,"Front Raise (Cable)",2,7.5,10.0,0,0.0,
2024-08-03 14:04:43,"Chest and Shoulders (Growth)",1h 21m,"Front Raise (Cable)",3,10.0,10.0,0,0.0,
2024-08-03 14:04:43,"Chest and Shoulders (Growth)",1h 21m,"Lateral Raise (Cable)",1,2.5,12.0,0,0.0,
2024-08-03 14:04:43,"Chest and Shoulders (Growth)",1h 21m,"Lateral Raise (Cable)",2,2.5,12.0,0,0.0,
2024-08-03 14:04:43,"Chest and Shoulders (Growth)",1h 21m,"Lateral Raise (Cable)",3,2.5,12.0,0,0.0,
2024-08-03 14:04:43,"Chest and Shoulders (Growth)",1h 21m,"Delt Rear Extension (Cable)",1,7.5,10.0,0,0.0,
2024-08-03 14:04:43,"Chest and Shoulders (Growth)",1h 21m,"Delt Rear Extension (Cable)",2,7.5,10.0,0,0.0,
2024-08-03 14:04:43,"Chest and Shoulders (Growth)",1h 21m,"Delt Rear Extension (Cable)",3,7.5,10.0,0,0.0,
2024-08-03 14:04:43,"Chest and Shoulders (Growth)",1h 21m,"Triceps Extension",1,17.5,10.0,0,0.0,
2024-08-03 14:04:43,"Chest and Shoulders (Growth)",1h 21m,"Triceps Extension",2,21.0,12.0,0,0.0,
2024-08-03 14:04:43,"Chest and Shoulders (Growth)",1h 21m,"Triceps Extension",3,21.0,12.0,0,0.0,
2024-08-03 14:04:43,"Chest and Shoulders (Growth)",1h 21m,"Cable Crunch",1,35.0,30.0,0,0.0,
2024-08-03 14:04:43,"Chest and Shoulders (Growth)",1h 21m,"Cable Crunch",2,35.0,30.0,0,0.0,
2024-08-03 14:04:43,"Chest and Shoulders (Growth)",1h 21m,"Cable Crunch",3,31.5,40.0,0,0.0,
2024-08-06 19:00:16,"Back (Strength)",1h 5m,"Iso-Lateral Row (Machine)",W,20.4,20.0,0,0.0,
2024-08-06 19:00:16,"Back (Strength)",1h 5m,"Iso-Lateral Row (Machine)",1,40.8,8.0,0,0.0,
2024-08-06 19:00:16,"Back (Strength)",1h 5m,"Iso-Lateral Row (Machine)",2,40.8,8.0,0,0.0,
2024-08-06 19:00:16,"Back (Strength)",1h 5m,"Iso-Lateral Row (Machine)",3,40.8,8.0,0,0.0,
2024-08-06 19:00:16,"Back (Strength)",1h 5m,"Iso-Lateral Row (Machine)",4,40.8,10.0,0,0.0,
2024-08-06 19:00:16,"Back (Strength)",1h 5m,"Lat Pulldown (Machine)",1,20.4,12.0,0,0.0,
2024-08-06 19:00:16,"Back (Strength)",1h 5m,"Lat Pulldown (Machine)",2,24.9,8.0,0,0.0,
2024-08-06 19:00:16,"Back (Strength)",1h 5m,"Lat Pulldown (Machine)",3,24.9,8.0,0,0.0,
2024-08-06 19:00:16,"Back (Strength)",1h 5m,"Lat Pulldown (Machine)",4,24.9,8.0,0,0.0,
2024-08-06 19:00:16,"Back (Strength)",1h 5m,"Seated Row (Cable)",W,33.0,10.0,0,0.0,
2024-08-06 19:00:16,"Back (Strength)",1h 5m,"Seated Row (Cable)",1,40.0,10.0,0,0.0,
2024-08-06 19:00:16,"Back (Strength)",1h 5m,"Seated Row (Cable)",2,47.0,10.0,0,0.0,
2024-08-06 19:00:16,"Back (Strength)",1h 5m,"Seated Row (Cable)",3,40.0,10.0,0,0.0,
2024-08-06 19:00:16,"Back (Strength)",1h 5m,"Bicep Curl (Cable)",1,8.75,10.0,0,0.0,
2024-08-06 19:00:16,"Back (Strength)",1h 5m,"Bicep Curl (Cable)",2,8.75,10.0,0,0.0,
2024-08-06 19:00:16,"Back (Strength)",1h 5m,"Bicep Curl (Cable)",3,8.75,10.0,0,0.0,
2024-08-06 19:00:16,"Back (Strength)",1h 5m,"Hammer Curl (Dumbbell)",1,9.0,8.0,0,0.0,
2024-08-06 19:00:16,"Back (Strength)",1h 5m,"Hammer Curl (Dumbbell)",2,9.0,8.0,0,0.0,
2024-08-06 19:00:16,"Back (Strength)",1h 5m,"Hammer Curl (Dumbbell)",3,9.0,10.0,0,0.0,
2024-08-06 19:00:16,"Back (Strength)",1h 5m,"Cable Crunch",1,35.0,30.0,0,0.0,
2024-08-06 19:00:16,"Back (Strength)",1h 5m,"Cable Crunch",2,35.0,30.0,0,0.0,
2024-08-06 19:00:16,"Back (Strength)",1h 5m,"Cable Crunch",3,31.5,40.0,0,0.0,
2024-08-08 18:36:08,"Chest and Shoulders (Growth)",1h 1m,"Iso-Lateral Chest Press (Machine)",1,20.4,10.0,0,0.0,
2024-08-08 18:36:08,"Chest and Shoulders (Growth)",1h 1m,"Iso-Lateral Chest Press (Machine)",2,24.9,8.0,0,0.0,
2024-08-08 18:36:08,"Chest and Shoulders (Growth)",1h 1m,"Iso-Lateral Chest Press (Machine)",3,31.7,8.0,0,0.0,
2024-08-08 18:36:08,"Chest and Shoulders (Growth)",1h 1m,"Iso-Lateral Chest Press (Machine)",4,31.7,8.0,0,0.0,
2024-08-08 18:36:08,"Chest and Shoulders (Growth)",1h 1m,"Iso-Lateral Chest Press (Machine)",5,24.9,10.0,0,0.0,
2024-08-08 18:36:08,"Chest and Shoulders (Growth)",1h 1m,"Incline Chest Press (Machine)",1,11.3,10.0,0,0.0,
2024-08-08 18:36:08,"Chest and Shoulders (Growth)",1h 1m,"Incline Chest Press (Machine)",2,15.8,8.0,0,0.0,
2024-08-08 18:36:08,"Chest and Shoulders (Growth)",1h 1m,"Incline Chest Press (Machine)",3,15.8,8.0,0,0.0,
2024-08-08 18:36:08,"Chest and Shoulders (Growth)",1h 1m,"Incline Chest Press (Machine)",4,15.8,6.0,0,0.0,
2024-08-08 18:36:08,"Chest and Shoulders (Growth)",1h 1m,"Shoulder Press (Machine)",1,20.0,8.0,0,0.0,
2024-08-08 18:36:08,"Chest and Shoulders (Growth)",1h 1m,"Shoulder Press (Machine)",2,20.0,7.0,0,0.0,
2024-08-08 18:36:08,"Chest and Shoulders (Growth)",1h 1m,"Shoulder Press (Machine)",3,20.0,8.0,0,0.0,
2024-08-08 18:36:08,"Chest and Shoulders (Growth)",1h 1m,"Shoulder Press (Machine)",4,20.0,8.0,0,0.0,
2024-08-08 18:36:08,"Chest and Shoulders (Growth)",1h 1m,"Lateral Raise (Dumbbell)",1,8.0,10.0,0,0.0,
2024-08-08 18:36:08,"Chest and Shoulders (Growth)",1h 1m,"Lateral Raise (Dumbbell)",2,8.0,10.0,0,0.0,
2024-08-08 18:36:08,"Chest and Shoulders (Growth)",1h 1m,"Lateral Raise (Dumbbell)",3,8.0,10.0,0,0.0,
2024-08-08 18:36:08,"Chest and Shoulders (Growth)",1h 1m,"Lateral Raise (Dumbbell)",4,8.0,10.0,0,0.0,
2024-08-08 18:36:08,"Chest and Shoulders (Growth)",1h 1m,"Triceps Extension",1,21.0,10.0,0,0.0,
2024-08-08 18:36:08,"Chest and Shoulders (Growth)",1h 1m,"Triceps Extension",2,21.0,10.0,0,0.0,
2024-08-08 18:36:08,"Chest and Shoulders (Growth)",1h 1m,"Triceps Extension",3,21.0,10.0,0,0.0,
2024-08-08 18:36:08,"Chest and Shoulders (Growth)",1h 1m,"Cable Crunch",1,35.0,30.0,0,0.0,
2024-08-08 18:36:08,"Chest and Shoulders (Growth)",1h 1m,"Cable Crunch",2,35.0,30.0,0,0.0,
2024-08-08 18:36:08,"Chest and Shoulders (Growth)",1h 1m,"Cable Crunch",3,31.5,40.0,0,0.0,
2024-08-10 15:19:43,"Back (Strength)",1h 2m,"Single Arm Vertical Iso-Lateral Row (Machine)",W,20.4,10.0,0,0.0,
2024-08-10 15:19:43,"Back (Strength)",1h 2m,"Single Arm Vertical Iso-Lateral Row (Machine)",1,40.8,8.0,0,0.0,
2024-08-10 15:19:43,"Back (Strength)",1h 2m,"Single Arm Vertical Iso-Lateral Row (Machine)",2,40.8,8.0,0,0.0,
2024-08-10 15:19:43,"Back (Strength)",1h 2m,"Single Arm Vertical Iso-Lateral Row (Machine)",3,40.8,8.0,0,0.0,
2024-08-10 15:19:43,"Back (Strength)",1h 2m,"Single Arm Vertical Iso-Lateral Row (Machine)",4,40.8,8.0,0,0.0,
2024-08-10 15:19:43,"Back (Strength)",1h 2m,"Seated Row (Cable)",1,33.0,10.0,0,0.0,
2024-08-10 15:19:43,"Back (Strength)",1h 2m,"Seated Row (Cable)",2,47.0,8.0,0,0.0,
2024-08-10 15:19:43,"Back (Strength)",1h 2m,"Seated Row (Cable)",3,47.0,8.0,0,0.0,
2024-08-10 15:19:43,"Back (Strength)",1h 2m,"Seated Row (Cable)",4,47.0,8.0,0,0.0,
2024-08-10 15:19:43,"Back (Strength)",1h 2m,"Reverse Fly (Machine)",1,35.0,10.0,0,0.0,
2024-08-10 15:19:43,"Back (Strength)",1h 2m,"Reverse Fly (Machine)",2,35.0,10.0,0,0.0,
2024-08-10 15:19:43,"Back (Strength)",1h 2m,"Reverse Fly (Machine)",3,35.0,10.0,0,0.0,
2024-08-12 18:49:37,"Chest and Shoulders (Growth)",53m,"Chest Press (Machine)",1,27.5,10.0,0,0.0,
2024-08-12 18:49:37,"Chest and Shoulders (Growth)",53m,"Chest Press (Machine)",2,42.5,8.0,0,0.0,
2024-08-12 18:49:37,"Chest and Shoulders (Growth)",53m,"Chest Press (Machine)",3,42.5,8.0,0,0.0,
2024-08-12 18:49:37,"Chest and Shoulders (Growth)",53m,"Chest Press (Machine)",4,42.5,8.0,0,0.0,
2024-08-12 18:49:37,"Chest and Shoulders (Growth)",53m,"Chest Press (Machine)",5,42.5,8.0,0,0.0,
2024-08-12 18:49:37,"Chest and Shoulders (Growth)",53m,"Chest Fly",1,35.0,10.0,0,0.0,
2024-08-12 18:49:37,"Chest and Shoulders (Growth)",53m,"Chest Fly",2,42.5,10.0,0,0.0,
2024-08-12 18:49:37,"Chest and Shoulders (Growth)",53m,"Chest Fly",3,42.5,10.0,0,0.0,
2024-08-12 18:49:37,"Chest and Shoulders (Growth)",53m,"Chest Fly",4,50.0,6.0,0,0.0,
2024-08-12 18:49:37,"Chest and Shoulders (Growth)",53m,"Front Raise (Cable)",1,8.75,12.0,0,0.0,
2024-08-12 18:49:37,"Chest and Shoulders (Growth)",53m,"Front Raise (Cable)",2,11.25,8.0,0,0.0,
2024-08-12 18:49:37,"Chest and Shoulders (Growth)",53m,"Front Raise (Cable)",3,11.25,8.0,0,0.0,
2024-08-12 18:49:37,"Chest and Shoulders (Growth)",53m,"Lateral Raise (Cable)",1,2.5,12.0,0,0.0,
2024-08-12 18:49:37,"Chest and Shoulders (Growth)",53m,"Lateral Raise (Cable)",2,5.0,6.0,0,0.0,
2024-08-12 18:49:37,"Chest and Shoulders (Growth)",53m,"Lateral Raise (Cable)",3,2.5,12.0,0,0.0,
2024-08-12 18:49:37,"Chest and Shoulders (Growth)",53m,"Delt Rear Extension (Cable)",1,7.5,12.0,0,0.0,
2024-08-12 18:49:37,"Chest and Shoulders (Growth)",53m,"Delt Rear Extension (Cable)",2,7.5,12.0,0,0.0,
2024-08-12 18:49:37,"Chest and Shoulders (Growth)",53m,"Delt Rear Extension (Cable)",3,10.0,8.0,0,0.0,
2024-08-12 18:49:37,"Chest and Shoulders (Growth)",53m,"Triceps Extension (Cable)",1,15.0,10.0,0,0.0,
2024-08-12 18:49:37,"Chest and Shoulders (Growth)",53m,"Triceps Extension (Cable)",2,17.5,8.0,0,0.0,
2024-08-12 18:49:37,"Chest and Shoulders (Growth)",53m,"Triceps Extension (Cable)",3,15.0,10.0,0,0.0,
2024-08-16 18:45:41,"Back (Strength)",56m,"Single Arm Vertical Iso-Lateral Row (Machine)",W,31.7,12.0,0,0.0,
2024-08-16 18:45:41,"Back (Strength)",56m,"Single Arm Vertical Iso-Lateral Row (Machine)",1,40.8,10.0,0,0.0,
2024-08-16 18:45:41,"Back (Strength)",56m,"Single Arm Vertical Iso-Lateral Row (Machine)",2,40.8,10.0,0,0.0,
2024-08-16 18:45:41,"Back (Strength)",56m,"Single Arm Vertical Iso-Lateral Row (Machine)",3,40.8,10.0,0,0.0,
2024-08-16 18:45:41,"Back (Strength)",56m,"Single Arm Vertical Iso-Lateral Row (Machine)",4,40.8,10.0,0,0.0,
2024-08-16 18:45:41,"Back (Strength)",56m,"Seated Row (Cable)",W,40.0,10.0,0,0.0,
2024-08-16 18:45:41,"Back (Strength)",56m,"Seated Row (Cable)",1,47.0,8.0,0,0.0,
2024-08-16 18:45:41,"Back (Strength)",56m,"Seated Row (Cable)",2,47.0,8.0,0,0.0,
2024-08-16 18:45:41,"Back (Strength)",56m,"Seated Row (Cable)",3,47.0,10.0,0,0.0,
2024-08-16 18:45:41,"Back (Strength)",56m,"Bicep Curl (Cable)",1,7.5,10.0,0,0.0,
2024-08-16 18:45:41,"Back (Strength)",56m,"Bicep Curl (Cable)",2,7.5,10.0,0,0.0,
2024-08-16 18:45:41,"Back (Strength)",56m,"Bicep Curl (Cable)",3,7.5,10.0,0,0.0,
2024-08-16 18:45:41,"Back (Strength)",56m,"Bicep Curl (Cable)",4,7.5,10.0,0,0.0,
2024-08-16 18:45:41,"Back (Strength)",56m,"Ab Wheel",1,0,10.0,0,0.0,
2024-08-16 18:45:41,"Back (Strength)",56m,"Ab Wheel",2,0,10.0,0,0.0,
2024-08-16 18:45:41,"Back (Strength)",56m,"Ab Wheel",3,0,10.0,0,0.0,
2024-08-16 18:45:41,"Back (Strength)",56m,"Russian Twist",1,0,30.0,0,0.0,
2024-08-16 18:45:41,"Back (Strength)",56m,"Russian Twist",2,0,30.0,0,0.0,
2024-08-16 18:45:41,"Back (Strength)",56m,"Russian Twist",3,0,30.0,0,0.0,
2024-08-19 19:10:21,"Chest and Shoulders (Growth)",1h 1m,"Iso-Lateral Chest Press (Machine)",1,20.4,10.0,0,0.0,
2024-08-19 19:10:21,"Chest and Shoulders (Growth)",1h 1m,"Iso-Lateral Chest Press (Machine)",2,31.7,7.0,0,0.0,
2024-08-19 19:10:21,"Chest and Shoulders (Growth)",1h 1m,"Iso-Lateral Chest Press (Machine)",3,31.7,7.0,0,0.0,
2024-08-19 19:10:21,"Chest and Shoulders (Growth)",1h 1m,"Iso-Lateral Chest Press (Machine)",4,31.7,7.0,0,0.0,
2024-08-19 19:10:21,"Chest and Shoulders (Growth)",1h 1m,"Iso-Lateral Chest Press (Machine)",5,31.7,7.0,0,0.0,
2024-08-19 19:10:21,"Chest and Shoulders (Growth)",1h 1m,"Chest Fly",1,42.5,10.0,0,0.0,
2024-08-19 19:10:21,"Chest and Shoulders (Growth)",1h 1m,"Chest Fly",2,50.0,8.0,0,0.0,
2024-08-19 19:10:21,"Chest and Shoulders (Growth)",1h 1m,"Chest Fly",3,42.5,8.0,0,0.0,
2024-08-19 19:10:21,"Chest and Shoulders (Growth)",1h 1m,"Chest Fly",4,42.5,10.0,0,0.0,
2024-08-19 19:10:21,"Chest and Shoulders (Growth)",1h 1m,"Lateral Raise (Cable)",1,3.75,10.0,0,0.0,
2024-08-19 19:10:21,"Chest and Shoulders (Growth)",1h 1m,"Lateral Raise (Cable)",2,3.75,10.0,0,0.0,
2024-08-19 19:10:21,"Chest and Shoulders (Growth)",1h 1m,"Lateral Raise (Cable)",3,3.75,10.0,0,0.0,
2024-08-19 19:10:21,"Chest and Shoulders (Growth)",1h 1m,"Front Raise (Cable)",1,8.75,10.0,0,0.0,
2024-08-19 19:10:21,"Chest and Shoulders (Growth)",1h 1m,"Front Raise (Cable)",2,8.75,10.0,0,0.0,
2024-08-19 19:10:21,"Chest and Shoulders (Growth)",1h 1m,"Front Raise (Cable)",3,8.75,10.0,0,0.0,
2024-08-19 19:10:21,"Chest and Shoulders (Growth)",1h 1m,"Delt Rear Extension (Cable)",1,8.75,10.0,0,0.0,
2024-08-19 19:10:21,"Chest and Shoulders (Growth)",1h 1m,"Delt Rear Extension (Cable)",2,8.75,10.0,0,0.0,
2024-08-19 19:10:21,"Chest and Shoulders (Growth)",1h 1m,"Delt Rear Extension (Cable)",3,8.75,10.0,0,0.0,
2024-08-19 19:10:21,"Chest and Shoulders (Growth)",1h 1m,"Kettlebell Swing",1,40.0,1.0,0,0.0,
2024-08-19 19:10:21,"Chest and Shoulders (Growth)",1h 1m,"Kettlebell Swing",2,40.0,1.0,0,0.0,
2024-08-19 19:10:21,"Chest and Shoulders (Growth)",1h 1m,"Kettlebell Swing",3,40.0,1.0,0,0.0,
2024-08-21 18:47:59,"Back (Strength)",1h 8m,"Single Arm Vertical Iso-Lateral Row (Machine)",W,31.7,12.0,0,0.0,
2024-08-21 18:47:59,"Back (Strength)",1h 8m,"Single Arm Vertical Iso-Lateral Row (Machine)",1,40.8,10.0,0,0.0,
2024-08-21 18:47:59,"Back (Strength)",1h 8m,"Single Arm Vertical Iso-Lateral Row (Machine)",2,40.8,10.0,0,0.0,
2024-08-21 18:47:59,"Back (Strength)",1h 8m,"Single Arm Vertical Iso-Lateral Row (Machine)",3,40.8,10.0,0,0.0,
2024-08-21 18:47:59,"Back (Strength)",1h 8m,"Single Arm Vertical Iso-Lateral Row (Machine)",4,45.3,8.0,0,0.0,
2024-08-21 18:47:59,"Back (Strength)",1h 8m,"Lat Pulldown (Cable)",1,40.0,10.0,0,0.0,
2024-08-21 18:47:59,"Back (Strength)",1h 8m,"Lat Pulldown (Cable)",2,47.0,8.0,0,0.0,
2024-08-21 18:47:59,"Back (Strength)",1h 8m,"Lat Pulldown (Cable)",3,47.0,10.0,0,0.0,
2024-08-21 18:47:59,"Back (Strength)",1h 8m,"Lat Pulldown (Cable)",4,47.0,10.0,0,0.0,
2024-08-21 18:47:59,"Back (Strength)",1h 8m,"Seated Row (Cable)",1,47.0,8.0,0,0.0,
2024-08-21 18:47:59,"Back (Strength)",1h 8m,"Seated Row (Cable)",2,47.0,10.0,0,0.0,
2024-08-21 18:47:59,"Back (Strength)",1h 8m,"Seated Row (Cable)",3,47.0,10.0,0,0.0,
2024-08-21 18:47:59,"Back (Strength)",1h 8m,"Seated Row (Cable)",4,47.0,8.0,0,0.0,
2024-08-21 18:47:59,"Back (Strength)",1h 8m,"Bicep Curl (Cable)",1,7.5,10.0,0,0.0,
2024-08-21 18:47:59,"Back (Strength)",1h 8m,"Bicep Curl (Cable)",2,7.5,10.0,0,0.0,
2024-08-21 18:47:59,"Back (Strength)",1h 8m,"Bicep Curl (Cable)",3,7.5,10.0,0,0.0,
2024-08-21 18:47:59,"Back (Strength)",1h 8m,"Kettlebell Swing",1,40.0,1.0,0,0.0,
2024-08-21 18:47:59,"Back (Strength)",1h 8m,"Kettlebell Swing",2,40.0,1.0,0,0.0,
2024-08-21 18:47:59,"Back (Strength)",1h 8m,"Carts",1,50.0,2.0,0,0.0,
2024-08-24 16:54:59,"Chest and Shoulders (Growth)",1h 14m,"Chest Press (Machine)",1,35.0,10.0,0,0.0,
2024-08-24 16:54:59,"Chest and Shoulders (Growth)",1h 14m,"Chest Press (Machine)",2,50.0,6.0,0,0.0,
2024-08-24 16:54:59,"Chest and Shoulders (Growth)",1h 14m,"Chest Press (Machine)",3,50.0,8.0,0,0.0,
2024-08-24 16:54:59,"Chest and Shoulders (Growth)",1h 14m,"Chest Press (Machine)",4,50.0,6.0,0,0.0,
2024-08-24 16:54:59,"Chest and Shoulders (Growth)",1h 14m,"Chest Press (Machine)",5,42.5,10.0,0,0.0,
2024-08-24 16:54:59,"Chest and Shoulders (Growth)",1h 14m,"Chest Fly",1,42.5,8.0,0,0.0,
2024-08-24 16:54:59,"Chest and Shoulders (Growth)",1h 14m,"Chest Fly",2,42.5,10.0,0,0.0,
2024-08-24 16:54:59,"Chest and Shoulders (Growth)",1h 14m,"Chest Fly",3,42.5,10.0,0,0.0,
2024-08-24 16:54:59,"Chest and Shoulders (Growth)",1h 14m,"Chest Fly",4,42.5,10.0,0,0.0,
2024-08-24 16:54:59,"Chest and Shoulders (Growth)",1h 14m,"Front Raise (Cable)",1,10.0,10.0,0,0.0,
2024-08-24 16:54:59,"Chest and Shoulders (Growth)",1h 14m,"Front Raise (Cable)",2,10.0,10.0,0,0.0,
2024-08-24 16:54:59,"Chest and Shoulders (Growth)",1h 14m,"Front Raise (Cable)",3,10.0,10.0,0,0.0,
2024-08-24 16:54:59,"Chest and Shoulders (Growth)",1h 14m,"Lateral Raise (Cable)",1,3.75,10.0,0,0.0,
2024-08-24 16:54:59,"Chest and Shoulders (Growth)",1h 14m,"Lateral Raise (Cable)",2,3.75,10.0,0,0.0,
2024-08-24 16:54:59,"Chest and Shoulders (Growth)",1h 14m,"Lateral Raise (Cable)",3,3.75,10.0,0,0.0,
2024-08-24 16:54:59,"Chest and Shoulders (Growth)",1h 14m,"Delt Rear Extension (Cable)",1,10.0,10.0,0,0.0,
2024-08-24 16:54:59,"Chest and Shoulders (Growth)",1h 14m,"Delt Rear Extension (Cable)",2,10.0,10.0,0,0.0,
2024-08-24 16:54:59,"Chest and Shoulders (Growth)",1h 14m,"Delt Rear Extension (Cable)",3,10.0,10.0,0,0.0,
2024-08-24 16:54:59,"Chest and Shoulders (Growth)",1h 14m,"Russian Twist",1,0,30.0,0,0.0,
2024-08-24 16:54:59,"Chest and Shoulders (Growth)",1h 14m,"Russian Twist",2,0,30.0,0,0.0,
2024-08-24 16:54:59,"Chest and Shoulders (Growth)",1h 14m,"Russian Twist",3,0,30.0,0,0.0,
2024-08-24 16:54:59,"Chest and Shoulders (Growth)",1h 14m,"Shoulder Taps",1,0,20.0,0,0.0,
2024-08-24 16:54:59,"Chest and Shoulders (Growth)",1h 14m,"Shoulder Taps",2,0,20.0,0,0.0,
2024-08-24 16:54:59,"Chest and Shoulders (Growth)",1h 14m,"Shoulder Taps",3,0,20.0,0,0.0,
2024-08-24 16:54:59,"Chest and Shoulders (Growth)",1h 14m,"Kettlebell Swing",1,48.0,1.0,0,0.0,
2024-08-24 16:54:59,"Chest and Shoulders (Growth)",1h 14m,"Kettlebell Swing",2,48.0,1.0,0,0.0,
2024-08-24 16:54:59,"Chest and Shoulders (Growth)",1h 14m,"Kettlebell Swing",3,48.0,1.0,0,0.0,
2024-08-26 17:11:10,"Back and Biceps",1h 48m,"Seated Row (Cable)",1,40.0,10.0,0,0.0,
2024-08-26 17:11:10,"Back and Biceps",1h 48m,"Seated Row (Cable)",2,47.0,10.0,0,0.0,
2024-08-26 17:11:10,"Back and Biceps",1h 48m,"Seated Row (Cable)",3,47.0,12.0,0,0.0,
2024-08-26 17:11:10,"Back and Biceps",1h 48m,"Seated Row (Cable)",4,47.0,12.0,0,0.0,
2024-08-26 17:11:10,"Back and Biceps",1h 48m,"Pull Up (Assisted)",1,40.0,10.0,0,0.0,
2024-08-26 17:11:10,"Back and Biceps",1h 48m,"Pull Up (Assisted)",2,40.0,10.0,0,0.0,
2024-08-26 17:11:10,"Back and Biceps",1h 48m,"Pull Up (Assisted)",3,40.0,10.0,0,0.0,
2024-08-26 17:11:10,"Back and Biceps",1h 48m,"Pull Up (Assisted)",4,40.0,10.0,0,0.0,
2024-08-26 17:11:10,"Back and Biceps",1h 48m,"Lat Pulldown (Machine)",1,20.4,12.0,0,0.0,
2024-08-26 17:11:10,"Back and Biceps",1h 48m,"Lat Pulldown (Machine)",2,24.9,8.0,0,0.0,
2024-08-26 17:11:10,"Back and Biceps",1h 48m,"Lat Pulldown (Machine)",3,24.9,10.0,0,0.0,
2024-08-26 17:11:10,"Back and Biceps",1h 48m,"Lat Pulldown (Machine)",4,24.9,12.0,0,0.0,
2024-08-26 17:11:10,"Back and Biceps",1h 48m,"Bicep Curl (Cable)",1,10.0,8.0,0,0.0,
2024-08-26 17:11:10,"Back and Biceps",1h 48m,"Bicep Curl (Cable)",2,10.0,8.0,0,0.0,
2024-08-26 17:11:10,"Back and Biceps",1h 48m,"Bicep Curl (Cable)",3,10.0,8.0,0,0.0,
2024-08-26 17:11:10,"Back and Biceps",1h 48m,"Bicep Curl (Cable)",4,10.0,8.0,0,0.0,
2024-08-26 17:11:10,"Back and Biceps",1h 48m,"Hammer Curl (Dumbbell)",1,9.0,10.0,0,0.0,
2024-08-26 17:11:10,"Back and Biceps",1h 48m,"Hammer Curl (Dumbbell)",2,9.0,10.0,0,0.0,
2024-08-26 17:11:10,"Back and Biceps",1h 48m,"Cable Crunch",1,35.0,30.0,0,0.0,
2024-08-26 17:11:10,"Back and Biceps",1h 48m,"Cable Crunch",2,35.0,30.0,0,0.0,
2024-08-28 18:10:05,"Chest and Shoulders (Growth)",1h 5m,"Bench Press (Barbell)",1,20.0,10.0,0,0.0,
2024-08-28 18:10:05,"Chest and Shoulders (Growth)",1h 5m,"Bench Press (Barbell)",2,42.6,10.0,0,0.0,
2024-08-28 18:10:05,"Chest and Shoulders (Growth)",1h 5m,"Bench Press (Barbell)",3,51.5,5.0,0,0.0,
2024-08-28 18:10:05,"Chest and Shoulders (Growth)",1h 5m,"Bench Press (Barbell)",4,51.5,6.0,0,0.0,
2024-08-28 18:10:05,"Chest and Shoulders (Growth)",1h 5m,"Bench Press (Barbell)",5,51.5,8.0,0,0.0,
2024-08-28 18:10:05,"Chest and Shoulders (Growth)",1h 5m,"Incline Bench Press (Dumbbell)",1,14.0,10.0,0,0.0,
2024-08-28 18:10:05,"Chest and Shoulders (Growth)",1h 5m,"Incline Bench Press (Dumbbell)",2,14.0,12.0,0,0.0,
2024-08-28 18:10:05,"Chest and Shoulders (Growth)",1h 5m,"Incline Bench Press (Dumbbell)",3,16.0,8.0,0,0.0,
2024-08-28 18:10:05,"Chest and Shoulders (Growth)",1h 5m,"Incline Bench Press (Dumbbell)",4,16.0,10.0,0,0.0,
2024-08-28 18:10:05,"Chest and Shoulders (Growth)",1h 5m,"Seated Overhead Press (Dumbbell)",1,10.0,8.0,0,0.0,
2024-08-28 18:10:05,"Chest and Shoulders (Growth)",1h 5m,"Seated Overhead Press (Dumbbell)",2,10.0,8.0,0,0.0,
2024-08-28 18:10:05,"Chest and Shoulders (Growth)",1h 5m,"Seated Overhead Press (Dumbbell)",3,10.0,10.0,0,0.0,
2024-08-28 18:10:05,"Chest and Shoulders (Growth)",1h 5m,"Seated Overhead Press (Dumbbell)",4,10.0,10.0,0,0.0,
2024-08-28 18:10:05,"Chest and Shoulders (Growth)",1h 5m,"Lateral Raise (Dumbbell)",1,8.0,10.0,0,0.0,
2024-08-28 18:10:05,"Chest and Shoulders (Growth)",1h 5m,"Lateral Raise (Dumbbell)",2,8.0,10.0,0,0.0,
2024-08-28 18:10:05,"Chest and Shoulders (Growth)",1h 5m,"Lateral Raise (Dumbbell)",3,7.0,10.0,0,0.0,
2024-08-28 18:10:05,"Chest and Shoulders (Growth)",1h 5m,"Lateral Raise (Dumbbell)",4,7.0,10.0,0,0.0,
2024-08-28 18:10:05,"Chest and Shoulders (Growth)",1h 5m,"Triceps Extension (Cable)",1,17.5,12.0,0,0.0,
2024-08-28 18:10:05,"Chest and Shoulders (Growth)",1h 5m,"Triceps Extension (Cable)",2,21.0,8.0,0,0.0,
2024-08-28 18:10:05,"Chest and Shoulders (Growth)",1h 5m,"Triceps Extension (Cable)",3,17.5,12.0,0,0.0,
2024-08-28 18:10:05,"Chest and Shoulders (Growth)",1h 5m,"Cable Crunch",1,35.0,30.0,0,0.0,
2024-08-28 18:10:05,"Chest and Shoulders (Growth)",1h 5m,"Cable Crunch",2,35.0,30.0,0,0.0,
2024-08-28 18:10:05,"Chest and Shoulders (Growth)",1h 5m,"Cable Crunch",3,35.0,40.0,0,0.0,
2024-09-01 15:07:31,"Back (Strength)",1h 25m,"Single Arm Vertical Iso-Lateral Row (Machine)",W,20.4,10.0,0,0.0,
2024-09-01 15:07:31,"Back (Strength)",1h 25m,"Single Arm Vertical Iso-Lateral Row (Machine)",1,40.8,10.0,0,0.0,
2024-09-01 15:07:31,"Back (Strength)",1h 25m,"Single Arm Vertical Iso-Lateral Row (Machine)",2,40.8,10.0,0,0.0,
2024-09-01 15:07:31,"Back (Strength)",1h 25m,"Single Arm Vertical Iso-Lateral Row (Machine)",3,45.3,8.0,0,0.0,
2024-09-01 15:07:31,"Back (Strength)",1h 25m,"Single Arm Vertical Iso-Lateral Row (Machine)",4,45.3,10.0,0,0.0,
2024-09-01 15:07:31,"Back (Strength)",1h 25m,"Lat Pulldown (Cable)",1,33.0,10.0,0,0.0,
2024-09-01 15:07:31,"Back (Strength)",1h 25m,"Lat Pulldown (Cable)",2,47.0,10.0,0,0.0,
2024-09-01 15:07:31,"Back (Strength)",1h 25m,"Lat Pulldown (Cable)",3,47.0,10.0,0,0.0,
2024-09-01 15:07:31,"Back (Strength)",1h 25m,"Lat Pulldown (Cable)",4,47.0,10.0,0,0.0,
2024-09-01 15:07:31,"Back (Strength)",1h 25m,"Seated Row (Cable)",W,47.0,10.0,0,0.0,
2024-09-01 15:07:31,"Back (Strength)",1h 25m,"Seated Row (Cable)",1,47.0,10.0,0,0.0,
2024-09-01 15:07:31,"Back (Strength)",1h 25m,"Seated Row (Cable)",2,47.0,10.0,0,0.0,
2024-09-01 15:07:31,"Back (Strength)",1h 25m,"Seated Row (Cable)",3,47.0,10.0,0,0.0,
2024-09-01 15:07:31,"Back (Strength)",1h 25m,"Bicep Curl (Cable)",1,7.5,10.0,0,0.0,
2024-09-01 15:07:31,"Back (Strength)",1h 25m,"Bicep Curl (Cable)",2,7.5,10.0,0,0.0,
2024-09-01 15:07:31,"Back (Strength)",1h 25m,"Bicep Curl (Cable)",3,7.5,10.0,0,0.0,
2024-09-01 15:07:31,"Back (Strength)",1h 25m,"Bicep Curl (Cable)",4,7.5,10.0,0,0.0,
2024-09-01 15:07:31,"Back (Strength)",1h 25m,"Ab Wheel",1,0,10.0,0,0.0,
2024-09-01 15:07:31,"Back (Strength)",1h 25m,"Ab Wheel",2,0,10.0,0,0.0,
2024-09-01 15:07:31,"Back (Strength)",1h 25m,"Ab Wheel",3,0,10.0,0,0.0,
2024-09-01 15:07:31,"Back (Strength)",1h 25m,"Russian Twist",1,0,40.0,0,0.0,
2024-09-01 15:07:31,"Back (Strength)",1h 25m,"Russian Twist",2,0,40.0,0,0.0,
2024-09-01 15:07:31,"Back (Strength)",1h 25m,"Russian Twist",3,0,40.0,0,0.0,
2024-09-02 18:20:51,"Chest and Shoulders (Growth)",1h 32m,"Chest Press (Machine)",1,35.0,15.0,0,0.0,
2024-09-02 18:20:51,"Chest and Shoulders (Growth)",1h 32m,"Chest Press (Machine)",2,50.0,8.0,0,0.0,
2024-09-02 18:20:51,"Chest and Shoulders (Growth)",1h 32m,"Chest Press (Machine)",3,50.0,8.0,0,0.0,
2024-09-02 18:20:51,"Chest and Shoulders (Growth)",1h 32m,"Chest Press (Machine)",4,50.0,8.0,0,0.0,
2024-09-02 18:20:51,"Chest and Shoulders (Growth)",1h 32m,"Chest Press (Machine)",5,50.0,8.0,0,0.0,
2024-09-02 18:20:51,"Chest and Shoulders (Growth)",1h 32m,"Chest Fly",1,42.5,10.0,0,0.0,
2024-09-02 18:20:51,"Chest and Shoulders (Growth)",1h 32m,"Chest Fly",2,42.5,10.0,0,0.0,
2024-09-02 18:20:51,"Chest and Shoulders (Growth)",1h 32m,"Chest Fly",3,42.5,10.0,0,0.0,
2024-09-02 18:20:51,"Chest and Shoulders (Growth)",1h 32m,"Chest Fly",4,50.0,8.0,0,0.0,
2024-09-02 18:20:51,"Chest and Shoulders (Growth)",1h 32m,"Lateral Raise (Cable)",1,5.0,8.0,0,0.0,
2024-09-02 18:20:51,"Chest and Shoulders (Growth)",1h 32m,"Lateral Raise (Cable)",2,5.0,8.0,0,0.0,
2024-09-02 18:20:51,"Chest and Shoulders (Growth)",1h 32m,"Lateral Raise (Cable)",3,5.0,8.0,0,0.0,
2024-09-02 18:20:51,"Chest and Shoulders (Growth)",1h 32m,"Front Raise (Cable)",1,10.0,10.0,0,0.0,
2024-09-02 18:20:51,"Chest and Shoulders (Growth)",1h 32m,"Front Raise (Cable)",2,10.0,10.0,0,0.0,
2024-09-02 18:20:51,"Chest and Shoulders (Growth)",1h 32m,"Front Raise (Cable)",3,10.0,10.0,0,0.0,
2024-09-02 18:20:51,"Chest and Shoulders (Growth)",1h 32m,"Delt Rear Extension (Cable)",1,10.0,10.0,0,0.0,
2024-09-02 18:20:51,"Chest and Shoulders (Growth)",1h 32m,"Delt Rear Extension (Cable)",2,10.0,10.0,0,0.0,
2024-09-02 18:20:51,"Chest and Shoulders (Growth)",1h 32m,"Delt Rear Extension (Cable)",3,10.0,10.0,0,0.0,
2024-09-02 18:20:51,"Chest and Shoulders (Growth)",1h 32m,"Triceps Extension (Cable)",1,17.5,10.0,0,0.0,
2024-09-02 18:20:51,"Chest and Shoulders (Growth)",1h 32m,"Triceps Extension (Cable)",2,17.5,10.0,0,0.0,
2024-09-02 18:20:51,"Chest and Shoulders (Growth)",1h 32m,"Triceps Extension (Cable)",3,17.5,10.0,0,0.0,
2024-09-02 18:20:51,"Chest and Shoulders (Growth)",1h 32m,"Cable Crunch",1,35.0,30.0,0,0.0,
2024-09-02 18:20:51,"Chest and Shoulders (Growth)",1h 32m,"Cable Crunch",2,31.5,30.0,0,0.0,
2024-09-02 18:20:51,"Chest and Shoulders (Growth)",1h 32m,"Cable Crunch",3,31.5,40.0,0,0.0,
2024-09-02 18:20:51,"Chest and Shoulders (Growth)",1h 32m,"Kettlebell Swing",1,40.0,1.0,0,0.0,
2024-09-02 18:20:51,"Chest and Shoulders (Growth)",1h 32m,"Kettlebell Swing",2,40.0,1.0,0,0.0,
2024-09-02 18:20:51,"Chest and Shoulders (Growth)",1h 32m,"Kettlebell Swing",3,40.0,1.0,0,0.0,
2024-09-02 18:20:51,"Chest and Shoulders (Growth)",1h 32m,"Kettlebell Swing",4,40.0,1.0,0,0.0,
2024-09-04 18:20:39,"Back (Strength)",1h 22m,"Iso-Lateral Row (Machine)",W,40.8,10.0,0,0.0,
2024-09-04 18:20:39,"Back (Strength)",1h 22m,"Iso-Lateral Row (Machine)",1,40.8,10.0,0,0.0,
2024-09-04 18:20:39,"Back (Strength)",1h 22m,"Iso-Lateral Row (Machine)",2,52.3,8.0,0,0.0,
2024-09-04 18:20:39,"Back (Strength)",1h 22m,"Iso-Lateral Row (Machine)",3,52.3,8.0,0,0.0,
2024-09-04 18:20:39,"Back (Strength)",1h 22m,"Iso-Lateral Row (Machine)",4,52.3,8.0,0,0.0,
2024-09-04 18:20:39,"Back (Strength)",1h 22m,"Pull Up (Assisted)",1,26.0,6.0,0,0.0,
2024-09-04 18:20:39,"Back (Strength)",1h 22m,"Pull Up (Assisted)",2,33.0,6.0,0,0.0,
2024-09-04 18:20:39,"Back (Strength)",1h 22m,"Pull Up (Assisted)",3,33.0,6.0,0,0.0,
2024-09-04 18:20:39,"Back (Strength)",1h 22m,"Pull Up (Assisted)",4,33.0,6.0,0,0.0,
2024-09-04 18:20:39,"Back (Strength)",1h 22m,"Lat Pulldown (Cable)",1,47.0,10.0,0,0.0,
2024-09-04 18:20:39,"Back (Strength)",1h 22m,"Lat Pulldown (Cable)",2,47.0,10.0,0,0.0,
2024-09-04 18:20:39,"Back (Strength)",1h 22m,"Lat Pulldown (Cable)",3,47.0,10.0,0,0.0,
2024-09-04 18:20:39,"Back (Strength)",1h 22m,"Lat Pulldown (Cable)",4,47.0,10.0,0,0.0,
2024-09-04 18:20:39,"Back (Strength)",1h 22m,"Bicep Curl (Cable)",1,10.0,8.0,0,0.0,
2024-09-04 18:20:39,"Back (Strength)",1h 22m,"Bicep Curl (Cable)",2,10.0,8.0,0,0.0,
2024-09-04 18:20:39,"Back (Strength)",1h 22m,"Bicep Curl (Cable)",3,10.0,8.0,0,0.0,
2024-09-04 18:20:39,"Back (Strength)",1h 22m,"Hammer Curl (Dumbbell)",1,9.0,10.0,0,0.0,
2024-09-04 18:20:39,"Back (Strength)",1h 22m,"Hammer Curl (Dumbbell)",2,9.0,10.0,0,0.0,
2024-09-04 18:20:39,"Back (Strength)",1h 22m,"Hammer Curl (Dumbbell)",3,9.0,10.0,0,0.0,
2024-09-04 18:20:39,"Back (Strength)",1h 22m,"Ab Wheel",1,0,10.0,0,0.0,
2024-09-04 18:20:39,"Back (Strength)",1h 22m,"Ab Wheel",2,0,10.0,0,0.0,
2024-09-04 18:20:39,"Back (Strength)",1h 22m,"Ab Wheel",3,0,10.0,0,0.0,
2024-09-04 18:20:39,"Back (Strength)",1h 22m,"Russian Twist",1,0,40.0,0,0.0,
2024-09-04 18:20:39,"Back (Strength)",1h 22m,"Russian Twist",2,0,40.0,0,0.0,
2024-09-04 18:20:39,"Back (Strength)",1h 22m,"Russian Twist",3,0,40.0,0,0.0,
2024-09-05 12:06:49,"Chest and Shoulders (Growth)",38m,"Chest Press (Machine)",1,35.0,10.0,0,0.0,
2024-09-05 12:06:49,"Chest and Shoulders (Growth)",38m,"Chest Press (Machine)",2,42.5,12.0,0,0.0,
2024-09-05 12:06:49,"Chest and Shoulders (Growth)",38m,"Chest Press (Machine)",3,42.5,12.0,0,0.0,
2024-09-05 12:06:49,"Chest and Shoulders (Growth)",38m,"Chest Press (Machine)",4,42.5,12.0,0,0.0,
2024-09-05 12:06:49,"Chest and Shoulders (Growth)",38m,"Chest Fly",1,42.5,10.0,0,0.0,
2024-09-05 12:06:49,"Chest and Shoulders (Growth)",38m,"Chest Fly",2,42.5,10.0,0,0.0,
2024-09-05 12:06:49,"Chest and Shoulders (Growth)",38m,"Chest Fly",3,42.5,10.0,0,0.0,
2024-09-05 12:06:49,"Chest and Shoulders (Growth)",38m,"Chest Fly",4,42.5,10.0,0,0.0,
2024-09-05 12:06:49,"Chest and Shoulders (Growth)",38m,"Reverse Fly (Machine)",1,35.0,10.0,0,0.0,
2024-09-05 12:06:49,"Chest and Shoulders (Growth)",38m,"Reverse Fly (Machine)",2,42.5,10.0,0,0.0,
2024-09-05 12:06:49,"Chest and Shoulders (Growth)",38m,"Reverse Fly (Machine)",3,42.5,10.0,0,0.0,
2024-09-05 12:06:49,"Chest and Shoulders (Growth)",38m,"Reverse Fly (Machine)",4,42.5,10.0,0,0.0,
2024-09-05 12:06:49,"Chest and Shoulders (Growth)",38m,"Lateral Raise (Dumbbell)",1,8.0,10.0,0,0.0,
2024-09-05 12:06:49,"Chest and Shoulders (Growth)",38m,"Lateral Raise (Dumbbell)",2,8.0,12.0,0,0.0,
2024-09-05 12:06:49,"Chest and Shoulders (Growth)",38m,"Lateral Raise (Dumbbell)",3,8.0,12.0,0,0.0,
2024-09-05 12:06:49,"Chest and Shoulders (Growth)",38m,"Lateral Raise (Dumbbell)",4,8.0,12.0,0,0.0,
2024-09-05 12:06:49,"Chest and Shoulders (Growth)",38m,"Triceps Extension (Cable)",1,17.5,10.0,0,0.0,
2024-09-05 12:06:49,"Chest and Shoulders (Growth)",38m,"Triceps Extension (Cable)",2,21.0,12.0,0,0.0,
2024-09-05 12:06:49,"Chest and Shoulders (Growth)",38m,"Triceps Extension (Cable)",3,21.0,12.0,0,0.0,
2024-09-07 10:54:43,"Back (Strength)",1h 28m,"Single Arm Vertical Iso-Lateral Row (Machine)",1,40.8,10.0,0,0.0,
2024-09-07 10:54:43,"Back (Strength)",1h 28m,"Single Arm Vertical Iso-Lateral Row (Machine)",2,51.2,8.0,0,0.0,
2024-09-07 10:54:43,"Back (Strength)",1h 28m,"Single Arm Vertical Iso-Lateral Row (Machine)",3,51.2,8.0,0,0.0,
2024-09-07 10:54:43,"Back (Strength)",1h 28m,"Single Arm Vertical Iso-Lateral Row (Machine)",4,51.2,8.0,0,0.0,
2024-09-07 10:54:43,"Back (Strength)",1h 28m,"Lat Pulldown (Machine)",1,20.4,10.0,0,0.0,
2024-09-07 10:54:43,"Back (Strength)",1h 28m,"Lat Pulldown (Machine)",2,24.9,10.0,0,0.0,
2024-09-07 10:54:43,"Back (Strength)",1h 28m,"Lat Pulldown (Machine)",3,31.2,8.0,0,0.0,
2024-09-07 10:54:43,"Back (Strength)",1h 28m,"Lat Pulldown (Machine)",4,31.2,8.0,0,0.0,
2024-09-07 10:54:43,"Back (Strength)",1h 28m,"Seated Row (Cable)",W,47.0,8.0,0,0.0,
2024-09-07 10:54:43,"Back (Strength)",1h 28m,"Seated Row (Cable)",1,47.0,10.0,0,0.0,
2024-09-07 10:54:43,"Back (Strength)",1h 28m,"Seated Row (Cable)",2,47.0,10.0,0,0.0,
2024-09-07 10:54:43,"Back (Strength)",1h 28m,"Seated Row (Cable)",3,47.0,10.0,0,0.0,
2024-09-07 10:54:43,"Back (Strength)",1h 28m,"Bicep Curl (Cable)",1,10.0,10.0,0,0.0,
2024-09-07 10:54:43,"Back (Strength)",1h 28m,"Bicep Curl (Cable)",2,10.0,8.0,0,0.0,
2024-09-07 10:54:43,"Back (Strength)",1h 28m,"Bicep Curl (Cable)",3,10.0,8.0,0,0.0,
2024-09-07 10:54:43,"Back (Strength)",1h 28m,"Bicep Curl (Cable)",4,10.0,8.0,0,0.0,
2024-09-07 10:54:43,"Back (Strength)",1h 28m,"Hammer Curl (Dumbbell)",1,9.0,10.0,0,0.0,
2024-09-07 10:54:43,"Back (Strength)",1h 28m,"Hammer Curl (Dumbbell)",2,9.0,10.0,0,0.0,
2024-09-07 10:54:43,"Back (Strength)",1h 28m,"Hammer Curl (Dumbbell)",3,9.0,10.0,0,0.0,
2024-09-07 10:54:43,"Back (Strength)",1h 28m,"Plank",1,0,0.0,0,60.0,
2024-09-07 10:54:43,"Back (Strength)",1h 28m,"Plank",2,0,0.0,0,60.0,
2024-09-07 10:54:43,"Back (Strength)",1h 28m,"Plank",3,0,0.0,0,60.0,
2024-09-07 10:54:43,"Back (Strength)",1h 28m,"Shoulder Taps",1,0,30.0,0,0.0,
2024-09-07 10:54:43,"Back (Strength)",1h 28m,"Shoulder Taps",2,0,30.0,0,0.0,
2024-09-07 10:54:43,"Back (Strength)",1h 28m,"Shoulder Taps",3,0,20.0,0,0.0,
2024-09-10 18:38:29,"Chest and Shoulders (Growth)",34m,"Bench Press (Barbell)",1,20.0,10.0,0,0.0,
2024-09-10 18:38:29,"Chest and Shoulders (Growth)",34m,"Bench Press (Barbell)",2,51.5,8.0,0,0.0,
2024-09-10 18:38:29,"Chest and Shoulders (Growth)",34m,"Bench Press (Barbell)",3,51.5,8.0,0,0.0,
2024-09-10 18:38:29,"Chest and Shoulders (Growth)",34m,"Bench Press (Barbell)",4,51.5,7.0,0,0.0,
2024-09-10 18:38:29,"Chest and Shoulders (Growth)",34m,"Bench Press (Barbell)",5,51.5,5.0,0,0.0,
2024-09-10 18:38:29,"Chest and Shoulders (Growth)",34m,"Chest Fly",1,42.5,10.0,0,0.0,
2024-09-10 18:38:29,"Chest and Shoulders (Growth)",34m,"Chest Fly",2,42.5,10.0,0,0.0,
2024-09-10 18:38:29,"Chest and Shoulders (Growth)",34m,"Chest Fly",3,42.5,10.0,0,0.0,
2024-09-10 18:38:29,"Chest and Shoulders (Growth)",34m,"Chest Fly",4,42.5,10.0,0,0.0,
2024-09-10 18:38:29,"Chest and Shoulders (Growth)",34m,"Lateral Raise (Dumbbell)",1,7.0,10.0,0,0.0,
2024-09-10 18:38:29,"Chest and Shoulders (Growth)",34m,"Lateral Raise (Dumbbell)",2,7.0,10.0,0,0.0,
2024-09-10 18:38:29,"Chest and Shoulders (Growth)",34m,"Lateral Raise (Dumbbell)",3,7.0,10.0,0,0.0,
2024-09-10 18:38:29,"Chest and Shoulders (Growth)",34m,"Lateral Raise (Dumbbell)",4,7.0,10.0,0,0.0,
2024-09-10 18:38:29,"Chest and Shoulders (Growth)",34m,"Front Raise (Cable)",1,10.0,10.0,0,0.0,
2024-09-10 18:38:29,"Chest and Shoulders (Growth)",34m,"Front Raise (Cable)",2,10.0,8.0,0,0.0,
2024-09-10 18:38:29,"Chest and Shoulders (Growth)",34m,"Front Raise (Cable)",3,7.5,10.0,0,0.0,
2024-09-10 18:38:29,"Chest and Shoulders (Growth)",34m,"Triceps Extension (Cable)",1,10.0,10.0,0,0.0,
2024-09-10 18:38:29,"Chest and Shoulders (Growth)",34m,"Triceps Extension (Cable)",2,17.5,8.0,0,0.0,
2024-09-10 18:38:29,"Chest and Shoulders (Growth)",34m,"Triceps Extension (Cable)",3,15.0,8.0,0,0.0,
2024-09-11 18:25:49,"Back (Strength)",1h 27m,"Iso-Lateral Row (Machine)",W,40.8,12.0,0,0.0,
2024-09-11 18:25:49,"Back (Strength)",1h 27m,"Iso-Lateral Row (Machine)",1,52.3,8.0,0,0.0,
2024-09-11 18:25:49,"Back (Strength)",1h 27m,"Iso-Lateral Row (Machine)",2,52.3,8.0,0,0.0,
2024-09-11 18:25:49,"Back (Strength)",1h 27m,"Iso-Lateral Row (Machine)",3,40.8,12.0,0,0.0,
2024-09-11 18:25:49,"Back (Strength)",1h 27m,"Iso-Lateral Row (Machine)",4,40.8,12.0,0,0.0,
2024-09-11 18:25:49,"Back (Strength)",1h 27m,"Pull Up (Assisted)",1,33.0,6.0,0,0.0,
2024-09-11 18:25:49,"Back (Strength)",1h 27m,"Pull Up (Assisted)",2,40.0,8.0,0,0.0,
2024-09-11 18:25:49,"Back (Strength)",1h 27m,"Pull Up (Assisted)",3,33.0,6.0,0,0.0,
2024-09-11 18:25:49,"Back (Strength)",1h 27m,"Pull Up (Assisted)",4,33.0,6.0,0,0.0,
2024-09-11 18:25:49,"Back (Strength)",1h 27m,"Seated Row (Cable)",W,47.0,10.0,0,0.0,
2024-09-11 18:25:49,"Back (Strength)",1h 27m,"Seated Row (Cable)",1,47.0,10.0,0,0.0,
2024-09-11 18:25:49,"Back (Strength)",1h 27m,"Seated Row (Cable)",2,47.0,10.0,0,0.0,
2024-09-11 18:25:49,"Back (Strength)",1h 27m,"Seated Row (Cable)",3,57.0,6.0,0,0.0,
2024-09-11 18:25:49,"Back (Strength)",1h 27m,"Bicep Curl (Cable)",1,10.0,8.0,0,0.0,
2024-09-11 18:25:49,"Back (Strength)",1h 27m,"Bicep Curl (Cable)",2,10.0,8.0,0,0.0,
2024-09-11 18:25:49,"Back (Strength)",1h 27m,"Bicep Curl (Cable)",3,10.0,8.0,0,0.0,
2024-09-11 18:25:49,"Back (Strength)",1h 27m,"Bicep Curl (Cable)",4,8.75,8.0,0,0.0,
2024-09-11 18:25:49,"Back (Strength)",1h 27m,"Hammer Curl (Dumbbell)",1,9.0,10.0,0,0.0,
2024-09-11 18:25:49,"Back (Strength)",1h 27m,"Hammer Curl (Dumbbell)",2,9.0,10.0,0,0.0,
2024-09-11 18:25:49,"Back (Strength)",1h 27m,"Hammer Curl (Dumbbell)",3,9.0,10.0,0,0.0,
2024-09-11 18:25:49,"Back (Strength)",1h 27m,"Russian Twist",1,0,30.0,0,0.0,
2024-09-11 18:25:49,"Back (Strength)",1h 27m,"Russian Twist",2,0,40.0,0,0.0,
2024-09-11 18:25:49,"Back (Strength)",1h 27m,"Russian Twist",3,0,40.0,0,0.0,
2024-09-11 18:25:49,"Back (Strength)",1h 27m,"Ab Wheel",1,0,10.0,0,0.0,
2024-09-11 18:25:49,"Back (Strength)",1h 27m,"Ab Wheel",2,0,10.0,0,0.0,
2024-09-11 18:25:49,"Back (Strength)",1h 27m,"Ab Wheel",3,0,10.0,0,0.0,
2024-09-13 18:11:59,"Chest and Shoulders (Growth)",1h 11m,"Chest Press (Machine)",1,35.0,12.0,0,0.0,
2024-09-13 18:11:59,"Chest and Shoulders (Growth)",1h 11m,"Chest Press (Machine)",2,50.0,8.0,0,0.0,
2024-09-13 18:11:59,"Chest and Shoulders (Growth)",1h 11m,"Chest Press (Machine)",3,50.0,8.0,0,0.0,
2024-09-13 18:11:59,"Chest and Shoulders (Growth)",1h 11m,"Chest Press (Machine)",4,50.0,10.0,0,0.0,
2024-09-13 18:11:59,"Chest and Shoulders (Growth)",1h 11m,"Chest Press (Machine)",5,50.0,8.0,0,0.0,
2024-09-13 18:11:59,"Chest and Shoulders (Growth)",1h 11m,"Chest Fly",1,42.5,10.0,0,0.0,
2024-09-13 18:11:59,"Chest and Shoulders (Growth)",1h 11m,"Chest Fly",2,42.5,10.0,0,0.0,
2024-09-13 18:11:59,"Chest and Shoulders (Growth)",1h 11m,"Chest Fly",3,50.0,8.0,0,0.0,
2024-09-13 18:11:59,"Chest and Shoulders (Growth)",1h 11m,"Chest Fly",4,50.0,10.0,0,0.0,
2024-09-13 18:11:59,"Chest and Shoulders (Growth)",1h 11m,"Lateral Raise (Cable)",1,5.0,8.0,0,0.0,
2024-09-13 18:11:59,"Chest and Shoulders (Growth)",1h 11m,"Lateral Raise (Cable)",2,5.0,8.0,0,0.0,
2024-09-13 18:11:59,"Chest and Shoulders (Growth)",1h 11m,"Lateral Raise (Cable)",3,5.0,8.0,0,0.0,
2024-09-13 18:11:59,"Chest and Shoulders (Growth)",1h 11m,"Front Raise (Cable)",1,10.0,10.0,0,0.0,
2024-09-13 18:11:59,"Chest and Shoulders (Growth)",1h 11m,"Front Raise (Cable)",2,10.0,10.0,0,0.0,
2024-09-13 18:11:59,"Chest and Shoulders (Growth)",1h 11m,"Front Raise (Cable)",3,10.0,10.0,0,0.0,
2024-09-13 18:11:59,"Chest and Shoulders (Growth)",1h 11m,"Delt Rear Extension (Cable)",1,10.0,10.0,0,0.0,
2024-09-13 18:11:59,"Chest and Shoulders (Growth)",1h 11m,"Delt Rear Extension (Cable)",2,10.0,10.0,0,0.0,
2024-09-13 18:11:59,"Chest and Shoulders (Growth)",1h 11m,"Delt Rear Extension (Cable)",3,10.0,10.0,0,0.0,
2024-09-13 18:11:59,"Chest and Shoulders (Growth)",1h 11m,"Triceps Extension",1,21.0,10.0,0,0.0,
2024-09-13 18:11:59,"Chest and Shoulders (Growth)",1h 11m,"Triceps Extension",2,21.0,10.0,0,0.0,
2024-09-13 18:11:59,"Chest and Shoulders (Growth)",1h 11m,"Triceps Extension",3,21.0,10.0,0,0.0,
2024-09-13 18:11:59,"Chest and Shoulders (Growth)",1h 11m,"Cable Crunch",1,35.0,30.0,0,0.0,
2024-09-13 18:11:59,"Chest and Shoulders (Growth)",1h 11m,"Cable Crunch",2,35.0,30.0,0,0.0,
2024-09-13 18:11:59,"Chest and Shoulders (Growth)",1h 11m,"Cable Crunch",3,31.5,40.0,0,0.0,
2024-09-14 11:30:15,"Back (Strength)",1h 11m,"Single Arm Vertical Iso-Lateral Row (Machine)",W,40.8,10.0,0,0.0,
2024-09-14 11:30:15,"Back (Strength)",1h 11m,"Single Arm Vertical Iso-Lateral Row (Machine)",1,51.2,8.0,0,0.0,
2024-09-14 11:30:15,"Back (Strength)",1h 11m,"Single Arm Vertical Iso-Lateral Row (Machine)",2,40.8,12.0,0,0.0,
2024-09-14 11:30:15,"Back (Strength)",1h 11m,"Single Arm Vertical Iso-Lateral Row (Machine)",3,40.8,12.0,0,0.0,
2024-09-14 11:30:15,"Back (Strength)",1h 11m,"Lat Pulldown (Machine)",1,22.6,10.0,0,0.0,
2024-09-14 11:30:15,"Back (Strength)",1h 11m,"Lat Pulldown (Machine)",2,22.6,10.0,0,0.0,
2024-09-14 11:30:15,"Back (Strength)",1h 11m,"Lat Pulldown (Machine)",3,22.6,10.0,0,0.0,
2024-09-14 11:30:15,"Back (Strength)",1h 11m,"Lat Pulldown (Machine)",4,22.6,12.0,0,0.0,
2024-09-14 11:30:15,"Back (Strength)",1h 11m,"Seated Row (Cable)",1,40.0,10.0,0,0.0,
2024-09-14 11:30:15,"Back (Strength)",1h 11m,"Seated Row (Cable)",2,40.0,12.0,0,0.0,
2024-09-14 11:30:15,"Back (Strength)",1h 11m,"Seated Row (Cable)",3,40.0,12.0,0,0.0,
2024-09-14 11:30:15,"Back (Strength)",1h 11m,"Bicep Curl (Barbell)",1,18.0,10.0,0,0.0,
2024-09-14 11:30:15,"Back (Strength)",1h 11m,"Bicep Curl (Barbell)",2,18.0,10.0,0,0.0,
2024-09-14 11:30:15,"Back (Strength)",1h 11m,"Bicep Curl (Barbell)",3,18.0,10.0,0,0.0,
2024-09-14 11:30:15,"Back (Strength)",1h 11m,"Hammer Curl (Dumbbell)",1,9.0,10.0,0,0.0,
2024-09-14 11:30:15,"Back (Strength)",1h 11m,"Hammer Curl (Dumbbell)",2,9.0,10.0,0,0.0,
2024-09-14 11:30:15,"Back (Strength)",1h 11m,"Hammer Curl (Dumbbell)",3,9.0,10.0,0,0.0,
2024-09-14 11:30:15,"Back (Strength)",1h 11m,"Ab Wheel",1,0,10.0,0,0.0,
2024-09-14 11:30:15,"Back (Strength)",1h 11m,"Ab Wheel",2,0,10.0,0,0.0,
2024-09-14 11:30:15,"Back (Strength)",1h 11m,"Ab Wheel",3,0,10.0,0,0.0,
2024-09-14 11:30:15,"Back (Strength)",1h 11m,"Russian Twist",1,0,30.0,0,0.0,
2024-09-14 11:30:15,"Back (Strength)",1h 11m,"Russian Twist",2,0,40.0,0,0.0,
2024-09-14 11:30:15,"Back (Strength)",1h 11m,"Russian Twist",3,0,40.0,0,0.0,
2024-09-16 18:04:19,"Chest and Shoulders (Growth)",1h 20m,"Chest Press (Machine)",1,35.0,12.0,0,0.0,
2024-09-16 18:04:19,"Chest and Shoulders (Growth)",1h 20m,"Chest Press (Machine)",2,50.0,10.0,0,0.0,
2024-09-16 18:04:19,"Chest and Shoulders (Growth)",1h 20m,"Chest Press (Machine)",3,50.0,10.0,0,0.0,
2024-09-16 18:04:19,"Chest and Shoulders (Growth)",1h 20m,"Chest Press (Machine)",4,50.0,10.0,0,0.0,
2024-09-16 18:04:19,"Chest and Shoulders (Growth)",1h 20m,"Chest Press (Machine)",5,50.0,6.0,0,0.0,
2024-09-16 18:04:19,"Chest and Shoulders (Growth)",1h 20m,"Chest Fly",1,50.0,8.0,0,0.0,
2024-09-16 18:04:19,"Chest and Shoulders (Growth)",1h 20m,"Chest Fly",2,50.0,8.0,0,0.0,
2024-09-16 18:04:19,"Chest and Shoulders (Growth)",1h 20m,"Chest Fly",3,50.0,10.0,0,0.0,
2024-09-16 18:04:19,"Chest and Shoulders (Growth)",1h 20m,"Chest Fly",4,50.0,10.0,0,0.0,
2024-09-16 18:04:19,"Chest and Shoulders (Growth)",1h 20m,"Front Raise (Cable)",1,10.0,10.0,0,0.0,
2024-09-16 18:04:19,"Chest and Shoulders (Growth)",1h 20m,"Front Raise (Cable)",2,10.0,10.0,0,0.0,
2024-09-16 18:04:19,"Chest and Shoulders (Growth)",1h 20m,"Front Raise (Cable)",3,10.0,10.0,0,0.0,
2024-09-16 18:04:19,"Chest and Shoulders (Growth)",1h 20m,"Lateral Raise (Cable)",1,5.0,8.0,0,0.0,
2024-09-16 18:04:19,"Chest and Shoulders (Growth)",1h 20m,"Lateral Raise (Cable)",2,5.0,8.0,0,0.0,
2024-09-16 18:04:19,"Chest and Shoulders (Growth)",1h 20m,"Lateral Raise (Cable)",3,5.0,8.0,0,0.0,
2024-09-16 18:04:19,"Chest and Shoulders (Growth)",1h 20m,"Delt Rear Extension (Cable)",1,10.0,10.0,0,0.0,
2024-09-16 18:04:19,"Chest and Shoulders (Growth)",1h 20m,"Delt Rear Extension (Cable)",2,10.0,10.0,0,0.0,
2024-09-16 18:04:19,"Chest and Shoulders (Growth)",1h 20m,"Delt Rear Extension (Cable)",3,10.0,10.0,0,0.0,
2024-09-16 18:04:19,"Chest and Shoulders (Growth)",1h 20m,"EZ Bar Outward Tricep Extension",1,17.5,12.0,0,0.0,
2024-09-16 18:04:19,"Chest and Shoulders (Growth)",1h 20m,"EZ Bar Outward Tricep Extension",2,17.5,12.0,0,0.0,
2024-09-16 18:04:19,"Chest and Shoulders (Growth)",1h 20m,"EZ Bar Outward Tricep Extension",3,17.5,12.0,0,0.0,
2024-09-16 18:04:19,"Chest and Shoulders (Growth)",1h 20m,"Shoulder Taps",1,0,30.0,0,0.0,
2024-09-16 18:04:19,"Chest and Shoulders (Growth)",1h 20m,"Shoulder Taps",2,0,30.0,0,0.0,
2024-09-16 18:04:19,"Chest and Shoulders (Growth)",1h 20m,"Shoulder Taps",3,0,30.0,0,0.0,
2024-09-16 18:04:19,"Chest and Shoulders (Growth)",1h 20m,"Plank",1,0,0.0,0,60.0,
2024-09-16 18:04:19,"Chest and Shoulders (Growth)",1h 20m,"Plank",2,0,0.0,0,60.0,
2024-09-16 18:04:19,"Chest and Shoulders (Growth)",1h 20m,"Plank",3,0,0.0,0,60.0,
2024-09-17 20:12:40,"Evening Workout",1h 6m,"Tyre Flip",1,100.0,10.0,0,0.0,
2024-09-17 20:12:40,"Evening Workout",1h 6m,"Tyre Flip",2,100.0,17.0,0,0.0,
2024-09-17 20:12:40,"Evening Workout",1h 6m,"Tyre Flip",3,100.0,15.0,0,0.0,
2024-09-17 20:12:40,"Evening Workout",1h 6m,"Tyre Flip",4,100.0,10.0,0,0.0,
2024-09-17 20:12:40,"Evening Workout",1h 6m,"Pull Up (Assisted)",1,33.0,8.0,0,0.0,
2024-09-17 20:12:40,"Evening Workout",1h 6m,"Pull Up (Assisted)",2,33.0,8.0,0,0.0,
2024-09-17 20:12:40,"Evening Workout",1h 6m,"Pull Up (Assisted)",3,33.0,8.0,0,0.0,
2024-09-17 20:12:40,"Evening Workout",1h 6m,"Pull Up (Assisted)",4,40.0,8.0,0,0.0,
2024-09-17 20:12:40,"Evening Workout",1h 6m,"Push Cart",1,45.0,1.0,0,0.0,
2024-09-17 20:12:40,"Evening Workout",1h 6m,"Push Cart",2,45.0,1.0,0,0.0,
2024-09-17 20:12:40,"Evening Workout",1h 6m,"Push Cart",3,45.0,1.0,0,0.0,
2024-09-17 20:12:40,"Evening Workout",1h 6m,"Farmer Walks",1,20.0,1.0,0,0.0,
2024-09-17 20:12:40,"Evening Workout",1h 6m,"Farmer Walks",2,20.0,1.0,0,0.0,
2024-09-17 20:12:40,"Evening Workout",1h 6m,"Farmer Walks",3,20.0,1.0,0,0.0,
2024-09-20 21:38:54,"Evening Workout",32m,"Incline Bench Press (Dumbbell)",1,16.0,10.0,0,0.0,
2024-09-20 21:38:54,"Evening Workout",32m,"Incline Bench Press (Dumbbell)",2,16.0,10.0,0,0.0,
2024-09-20 21:38:54,"Evening Workout",32m,"Incline Bench Press (Dumbbell)",3,16.0,10.0,0,0.0,
2024-09-20 21:38:54,"Evening Workout",32m,"Incline Bench Press (Dumbbell)",4,18.0,10.0,0,0.0,
2024-09-20 21:38:54,"Evening Workout",32m,"Incline Bench Press (Dumbbell)",5,18.0,10.0,0,0.0,
2024-09-20 21:38:54,"Evening Workout",32m,"Lateral Raise (Dumbbell)",1,6.0,10.0,0,0.0,
2024-09-20 21:38:54,"Evening Workout",32m,"Lateral Raise (Dumbbell)",2,6.0,10.0,0,0.0,
2024-09-20 21:38:54,"Evening Workout",32m,"Lateral Raise (Dumbbell)",3,6.0,10.0,0,0.0,
2024-09-20 21:38:54,"Evening Workout",32m,"Lateral Raise (Dumbbell)",4,6.0,10.0,0,0.0,
2024-09-20 21:38:54,"Evening Workout",32m,"Triceps Extension (Cable)",1,17.5,10.0,0,0.0,
2024-09-20 21:38:54,"Evening Workout",32m,"Triceps Extension (Cable)",2,20.0,10.0,0,0.0,
2024-09-20 21:38:54,"Evening Workout",32m,"Triceps Extension (Cable)",3,20.0,10.0,0,0.0,
2024-09-30 18:55:51,"Evening Workout",1h 1m,"Lat Pulldown (Cable)",1,33.0,12.0,0,0.0,
2024-09-30 18:55:51,"Evening Workout",1h 1m,"Lat Pulldown (Cable)",2,47.0,10.0,0,0.0,
2024-09-30 18:55:51,"Evening Workout",1h 1m,"Lat Pulldown (Cable)",3,47.0,10.0,0,0.0,
2024-09-30 18:55:51,"Evening Workout",1h 1m,"Lat Pulldown (Cable)",4,47.0,10.0,0,0.0,
2024-09-30 18:55:51,"Evening Workout",1h 1m,"Iso-Lateral Row (Machine)",W,40.8,12.0,0,0.0,
2024-09-30 18:55:51,"Evening Workout",1h 1m,"Iso-Lateral Row (Machine)",1,40.8,10.0,0,0.0,
2024-09-30 18:55:51,"Evening Workout",1h 1m,"Single Arm Vertical Iso-Lateral Row (Machine)",1,40.8,10.0,0,0.0,
2024-09-30 18:55:51,"Evening Workout",1h 1m,"Single Arm Vertical Iso-Lateral Row (Machine)",2,40.8,10.0,0,0.0,
2024-09-30 18:55:51,"Evening Workout",1h 1m,"Seated Row (Cable)",1,40.0,8.0,0,0.0,
2024-09-30 18:55:51,"Evening Workout",1h 1m,"Seated Row (Cable)",2,33.0,10.0,0,0.0,
2024-09-30 18:55:51,"Evening Workout",1h 1m,"Seated Row (Cable)",3,33.0,10.0,0,0.0,
2024-09-30 18:55:51,"Evening Workout",1h 1m,"Seated Row (Cable)",4,33.0,10.0,0,0.0,
2024-09-30 18:55:51,"Evening Workout",1h 1m,"Bicep Curl (Cable)",1,7.5,10.0,0,0.0,
2024-09-30 18:55:51,"Evening Workout",1h 1m,"Bicep Curl (Cable)",2,7.5,10.0,0,0.0,
2024-09-30 18:55:51,"Evening Workout",1h 1m,"Bicep Curl (Cable)",3,7.5,10.0,0,0.0,
2024-09-30 18:55:51,"Evening Workout",1h 1m,"Cable Crunch",1,31.5,30.0,0,0.0,
2024-09-30 18:55:51,"Evening Workout",1h 1m,"Cable Crunch",2,31.5,30.0,0,0.0,
2024-09-30 18:55:51,"Evening Workout",1h 1m,"Cable Crunch",3,31.5,40.0,0,0.0,
2024-09-30 18:55:51,"Evening Workout",1h 1m,"Hammer Curl (Dumbbell)",1,8.0,10.0,0,0.0,
2024-09-30 18:55:51,"Evening Workout",1h 1m,"Hammer Curl (Dumbbell)",2,8.0,10.0,0,0.0,
2024-09-30 18:55:51,"Evening Workout",1h 1m,"Hammer Curl (Dumbbell)",3,8.0,10.0,0,0.0,
2024-10-01 18:48:20,"Evening Workout",1h 8m,"Chest Press (Machine)",1,35.0,10.0,0,0.0,
2024-10-01 18:48:20,"Evening Workout",1h 8m,"Chest Press (Machine)",2,42.5,10.0,0,0.0,
2024-10-01 18:48:20,"Evening Workout",1h 8m,"Chest Press (Machine)",3,42.5,10.0,0,0.0,
2024-10-01 18:48:20,"Evening Workout",1h 8m,"Chest Press (Machine)",4,42.5,10.0,0,0.0,
2024-10-01 18:48:20,"Evening Workout",1h 8m,"Chest Press (Machine)",5,42.5,7.0,0,0.0,
2024-10-01 18:48:20,"Evening Workout",1h 8m,"Chest Fly",1,35.0,10.0,0,0.0,
2024-10-01 18:48:20,"Evening Workout",1h 8m,"Chest Fly",2,42.5,10.0,0,0.0,
2024-10-01 18:48:20,"Evening Workout",1h 8m,"Chest Fly",3,42.5,10.0,0,0.0,
2024-10-01 18:48:20,"Evening Workout",1h 8m,"Chest Fly",4,42.5,10.0,0,0.0,
2024-10-01 18:48:20,"Evening Workout",1h 8m,"Delt Rear Extension (Cable)",1,8.75,10.0,0,0.0,
2024-10-01 18:48:20,"Evening Workout",1h 8m,"Delt Rear Extension (Cable)",2,8.75,10.0,0,0.0,
2024-10-01 18:48:20,"Evening Workout",1h 8m,"Delt Rear Extension (Cable)",3,8.75,10.0,0,0.0,
2024-10-01 18:48:20,"Evening Workout",1h 8m,"Front Raise (Cable)",1,8.75,10.0,0,0.0,
2024-10-01 18:48:20,"Evening Workout",1h 8m,"Front Raise (Cable)",2,8.75,10.0,0,0.0,
2024-10-01 18:48:20,"Evening Workout",1h 8m,"Front Raise (Cable)",3,8.75,10.0,0,0.0,
2024-10-01 18:48:20,"Evening Workout",1h 8m,"Lateral Raise (Cable)",1,3.75,10.0,0,0.0,
2024-10-01 18:48:20,"Evening Workout",1h 8m,"Lateral Raise (Cable)",2,3.75,10.0,0,0.0,
2024-10-01 18:48:20,"Evening Workout",1h 8m,"Lateral Raise (Cable)",3,3.75,10.0,0,0.0,
2024-10-01 18:48:20,"Evening Workout",1h 8m,"Triceps Extension",1,18.75,12.0,0,0.0,
2024-10-01 18:48:20,"Evening Workout",1h 8m,"Triceps Extension",2,18.75,12.0,0,0.0,
2024-10-01 18:48:20,"Evening Workout",1h 8m,"Triceps Extension",3,18.75,12.0,0,0.0,
2024-10-01 18:48:20,"Evening Workout",1h 8m,"Russian Twist",1,0,40.0,0,0.0,
2024-10-01 18:48:20,"Evening Workout",1h 8m,"Russian Twist",2,0,40.0,0,0.0,
2024-10-01 18:48:20,"Evening Workout",1h 8m,"Russian Twist",3,0,40.0,0,0.0,
2024-10-01 18:48:20,"Evening Workout",1h 8m,"Ab Wheel",1,0,10.0,0,0.0,
2024-10-01 18:48:20,"Evening Workout",1h 8m,"Ab Wheel",2,0,10.0,0,0.0,
2024-10-01 18:48:20,"Evening Workout",1h 8m,"Ab Wheel",3,0,10.0,0,0.0,
2024-10-03 18:32:56,"Evening Workout",55m,"Single Arm Vertical Iso-Lateral Row (Machine)",1,40.8,10.0,0,0.0,
2024-10-03 18:32:56,"Evening Workout",55m,"Single Arm Vertical Iso-Lateral Row (Machine)",2,40.8,10.0,0,0.0,
2024-10-03 18:32:56,"Evening Workout",55m,"Single Arm Vertical Iso-Lateral Row (Machine)",3,45.3,10.0,0,0.0,
2024-10-03 18:32:56,"Evening Workout",55m,"Single Arm Vertical Iso-Lateral Row (Machine)",4,45.3,10.0,0,0.0,
2024-10-03 18:32:56,"Evening Workout",55m,"Seated Row (Cable)",1,40.0,10.0,0,0.0,
2024-10-03 18:32:56,"Evening Workout",55m,"Seated Row (Cable)",2,40.0,10.0,0,0.0,
2024-10-03 18:32:56,"Evening Workout",55m,"Seated Row (Cable)",3,47.0,8.0,0,0.0,
2024-10-03 18:32:56,"Evening Workout",55m,"Seated Row (Cable)",4,47.0,8.0,0,0.0,
2024-10-03 18:32:56,"Evening Workout",55m,"Lat Pulldown (Cable)",1,40.0,10.0,0,0.0,
2024-10-03 18:32:56,"Evening Workout",55m,"Lat Pulldown (Cable)",2,40.0,10.0,0,0.0,
2024-10-03 18:32:56,"Evening Workout",55m,"Lat Pulldown (Cable)",3,47.0,10.0,0,0.0,
2024-10-03 18:32:56,"Evening Workout",55m,"Lat Pulldown (Cable)",4,47.0,10.0,0,0.0,
2024-10-03 18:32:56,"Evening Workout",55m,"Bicep Curl (Cable)",1,7.5,10.0,0,0.0,
2024-10-03 18:32:56,"Evening Workout",55m,"Bicep Curl (Cable)",2,7.5,10.0,0,0.0,
2024-10-03 18:32:56,"Evening Workout",55m,"Bicep Curl (Cable)",3,7.5,10.0,0,0.0,
2024-10-03 18:32:56,"Evening Workout",55m,"Shoulder Taps",1,0,30.0,0,0.0,
2024-10-03 18:32:56,"Evening Workout",55m,"Shoulder Taps",2,0,30.0,0,0.0,
2024-10-03 18:32:56,"Evening Workout",55m,"Shoulder Taps",3,0,30.0,0,0.0,
2024-10-03 18:32:56,"Evening Workout",55m,"Plank",1,0,0.0,0,60.0,
2024-10-03 18:32:56,"Evening Workout",55m,"Plank",2,0,0.0,0,60.0,
2024-10-03 18:32:56,"Evening Workout",55m,"Plank",3,0,0.0,0,60.0,
2024-10-05 11:06:15,"Morning Workout",45m,"Iso-Lateral Chest Press (Machine)",1,20.4,10.0,0,0.0,
2024-10-05 11:06:15,"Morning Workout",45m,"Iso-Lateral Chest Press (Machine)",2,31.7,8.0,0,0.0,
2024-10-05 11:06:15,"Morning Workout",45m,"Iso-Lateral Chest Press (Machine)",3,31.7,8.0,0,0.0,
2024-10-05 11:06:15,"Morning Workout",45m,"Iso-Lateral Chest Press (Machine)",4,31.7,8.0,0,0.0,
2024-10-05 11:06:15,"Morning Workout",45m,"Iso-Lateral Chest Press (Machine)",5,31.7,7.0,0,0.0,
2024-10-05 11:06:15,"Morning Workout",45m,"Incline Chest Press (Machine)",1,11.3,10.0,0,0.0,
2024-10-05 11:06:15,"Morning Workout",45m,"Incline Chest Press (Machine)",2,15.8,8.0,0,0.0,
2024-10-05 11:06:15,"Morning Workout",45m,"Incline Chest Press (Machine)",3,15.8,8.0,0,0.0,
2024-10-05 11:06:15,"Morning Workout",45m,"Incline Chest Press (Machine)",4,15.8,6.0,0,0.0,
2024-10-05 11:06:15,"Morning Workout",45m,"Lateral Raise (Dumbbell)",1,6.0,8.0,0,0.0,
2024-10-05 11:06:15,"Morning Workout",45m,"Lateral Raise (Dumbbell)",2,6.0,8.0,0,0.0,
2024-10-05 11:06:15,"Morning Workout",45m,"Lateral Raise (Dumbbell)",3,6.0,10.0,0,0.0,
2024-10-05 11:06:15,"Morning Workout",45m,"Lateral Raise (Dumbbell)",4,6.0,10.0,0,0.0,
2024-10-05 11:06:15,"Morning Workout",45m,"Triceps Extension (Cable)",1,16.25,10.0,0,0.0,
2024-10-05 11:06:15,"Morning Workout",45m,"Triceps Extension (Cable)",2,21.25,10.0,0,0.0,
2024-10-05 11:06:15,"Morning Workout",45m,"Triceps Extension (Cable)",3,21.25,10.0,0,0.0,
2024-10-08 18:39:55,"Evening Workout",1h 24m,"Single Arm Vertical Iso-Lateral Row (Machine)",1,40.8,10.0,0,0.0,
2024-10-08 18:39:55,"Evening Workout",1h 24m,"Single Arm Vertical Iso-Lateral Row (Machine)",2,52.3,6.0,0,0.0,
2024-10-08 18:39:55,"Evening Workout",1h 24m,"Single Arm Vertical Iso-Lateral Row (Machine)",3,52.3,6.0,0,0.0,
2024-10-08 18:39:55,"Evening Workout",1h 24m,"Single Arm Vertical Iso-Lateral Row (Machine)",4,52.3,6.0,0,0.0,
2024-10-08 18:39:55,"Evening Workout",1h 24m,"Single Arm Vertical Iso-Lateral Row (Machine)",5,40.8,10.0,0,0.0,
2024-10-08 18:39:55,"Evening Workout",1h 24m,"Lat Pulldown (Cable)",1,47.0,10.0,0,0.0,
2024-10-08 18:39:55,"Evening Workout",1h 24m,"Lat Pulldown (Cable)",2,47.0,10.0,0,0.0,
2024-10-08 18:39:55,"Evening Workout",1h 24m,"Lat Pulldown (Cable)",3,47.0,10.0,0,0.0,
2024-10-08 18:39:55,"Evening Workout",1h 24m,"Lat Pulldown (Cable)",4,47.0,10.0,0,0.0,
2024-10-08 18:39:55,"Evening Workout",1h 24m,"Reverse Fly (Machine)",1,35.0,10.0,0,0.0,
2024-10-08 18:39:55,"Evening Workout",1h 24m,"Reverse Fly (Machine)",2,35.0,10.0,0,0.0,
2024-10-08 18:39:55,"Evening Workout",1h 24m,"Reverse Fly (Machine)",3,35.0,10.0,0,0.0,
2024-10-08 18:39:55,"Evening Workout",1h 24m,"Reverse Fly (Machine)",4,35.0,10.0,0,0.0,
2024-10-08 18:39:55,"Evening Workout",1h 24m,"Bicep Curl (Cable)",1,7.5,10.0,0,0.0,
2024-10-08 18:39:55,"Evening Workout",1h 24m,"Bicep Curl (Cable)",2,7.5,10.0,0,0.0,
2024-10-08 18:39:55,"Evening Workout",1h 24m,"Bicep Curl (Cable)",3,7.5,10.0,0,0.0,
2024-10-08 18:39:55,"Evening Workout",1h 24m,"Farmer Walks",1,20.0,1.0,0,0.0,
2024-10-08 18:39:55,"Evening Workout",1h 24m,"Farmer Walks",2,20.0,1.0,0,0.0,
2024-10-08 18:39:55,"Evening Workout",1h 24m,"Farmer Walks",3,20.0,1.0,0,0.0,
2024-10-08 18:39:55,"Evening Workout",1h 24m,"Russian Twist",1,0,40.0,0,0.0,
2024-10-08 18:39:55,"Evening Workout",1h 24m,"Russian Twist",2,0,40.0,0,0.0,
2024-10-08 18:39:55,"Evening Workout",1h 24m,"Russian Twist",3,0,40.0,0,0.0,
2024-10-08 18:39:55,"Evening Workout",1h 24m,"Ab Wheel",1,0,10.0,0,0.0,
2024-10-08 18:39:55,"Evening Workout",1h 24m,"Ab Wheel",2,0,10.0,0,0.0,
2024-10-08 18:39:55,"Evening Workout",1h 24m,"Ab Wheel",3,0,10.0,0,0.0,
2024-10-10 18:06:31,"Evening Workout",1h 55m,"Chest Press (Machine)",1,35.0,10.0,0,0.0,
2024-10-10 18:06:31,"Evening Workout",1h 55m,"Chest Press (Machine)",2,42.5,10.0,0,0.0,
2024-10-10 18:06:31,"Evening Workout",1h 55m,"Chest Press (Machine)",3,50.0,6.0,0,0.0,
2024-10-10 18:06:31,"Evening Workout",1h 55m,"Chest Press (Machine)",4,50.0,5.0,0,0.0,
2024-10-10 18:06:31,"Evening Workout",1h 55m,"Chest Press (Machine)",5,42.5,10.0,0,0.0,
2024-10-10 18:06:31,"Evening Workout",1h 55m,"Chest Fly",1,42.5,10.0,0,0.0,
2024-10-10 18:06:31,"Evening Workout",1h 55m,"Chest Fly",2,50.0,10.0,0,0.0,
2024-10-10 18:06:31,"Evening Workout",1h 55m,"Chest Fly",3,50.0,8.0,0,0.0,
2024-10-10 18:06:31,"Evening Workout",1h 55m,"Chest Fly",4,50.0,8.0,0,0.0,
2024-10-10 18:06:31,"Evening Workout",1h 55m,"Front Raise (Cable)",1,10.0,10.0,0,0.0,
2024-10-10 18:06:31,"Evening Workout",1h 55m,"Front Raise (Cable)",2,10.0,10.0,0,0.0,
2024-10-10 18:06:31,"Evening Workout",1h 55m,"Front Raise (Cable)",3,10.0,10.0,0,0.0,
2024-10-10 18:06:31,"Evening Workout",1h 55m,"Lateral Raise (Cable)",1,5.0,8.0,0,0.0,
2024-10-10 18:06:31,"Evening Workout",1h 55m,"Lateral Raise (Cable)",2,5.0,8.0,0,0.0,
2024-10-10 18:06:31,"Evening Workout",1h 55m,"Lateral Raise (Cable)",3,5.0,8.0,0,0.0,
2024-10-10 18:06:31,"Evening Workout",1h 55m,"Delt Rear Extension (Cable)",1,10.0,8.0,0,0.0,
2024-10-10 18:06:31,"Evening Workout",1h 55m,"Delt Rear Extension (Cable)",2,10.0,8.0,0,0.0,
2024-10-10 18:06:31,"Evening Workout",1h 55m,"Delt Rear Extension (Cable)",3,10.0,8.0,0,0.0,
2024-10-10 18:06:31,"Evening Workout",1h 55m,"EZ Bar Outward Tricep Extension",1,17.5,12.0,0,0.0,
2024-10-10 18:06:31,"Evening Workout",1h 55m,"EZ Bar Outward Tricep Extension",2,17.5,12.0,0,0.0,
2024-10-10 18:06:31,"Evening Workout",1h 55m,"EZ Bar Outward Tricep Extension",3,17.5,10.0,0,0.0,
2024-10-10 18:06:31,"Evening Workout",1h 55m,"Cable Crunch",1,33.5,30.0,0,0.0,
2024-10-10 18:06:31,"Evening Workout",1h 55m,"Cable Crunch",2,33.5,30.0,0,0.0,
2024-10-10 18:06:31,"Evening Workout",1h 55m,"Cable Crunch",3,33.5,40.0,0,0.0,
2024-10-13 11:05:32,"Morning Workout",40m,"Iso-Lateral Row (Machine)",1,40.8,10.0,0,0.0,
2024-10-13 11:05:32,"Morning Workout",40m,"Iso-Lateral Row (Machine)",2,45.3,8.0,0,0.0,
2024-10-13 11:05:32,"Morning Workout",40m,"Iso-Lateral Row (Machine)",3,45.3,10.0,0,0.0,
2024-10-13 11:05:32,"Morning Workout",40m,"Iso-Lateral Row (Machine)",4,45.3,8.0,0,0.0,
2024-10-13 11:05:32,"Morning Workout",40m,"Lat Pulldown (Cable)",1,47.0,8.0,0,0.0,
2024-10-13 11:05:32,"Morning Workout",40m,"Lat Pulldown (Cable)",2,57.0,6.0,0,0.0,
2024-10-13 11:05:32,"Morning Workout",40m,"Lat Pulldown (Cable)",3,47.0,10.0,0,0.0,
2024-10-13 11:05:32,"Morning Workout",40m,"Lat Pulldown (Cable)",4,47.0,8.0,0,0.0,
2024-10-13 11:05:32,"Morning Workout",40m,"Bicep Curl (Barbell)",1,18.0,10.0,0,0.0,
2024-10-13 11:05:32,"Morning Workout",40m,"Bicep Curl (Barbell)",2,18.0,10.0,0,0.0,
2024-10-13 11:05:32,"Morning Workout",40m,"Bicep Curl (Barbell)",3,18.0,10.0,0,0.0,
2024-10-13 11:05:32,"Morning Workout",40m,"Cable Crunch",1,31.5,30.0,0,0.0,
2024-10-13 11:05:32,"Morning Workout",40m,"Cable Crunch",2,31.5,30.0,0,0.0,
2024-10-13 11:05:32,"Morning Workout",40m,"Cable Crunch",3,31.5,40.0,0,0.0,
2024-10-14 18:37:37,"Evening Workout",42m,"Incline Chest Press (Machine)",1,11.3,12.0,0,0.0,
2024-10-14 18:37:37,"Evening Workout",42m,"Incline Chest Press (Machine)",2,15.8,10.0,0,0.0,
2024-10-14 18:37:37,"Evening Workout",42m,"Incline Chest Press (Machine)",3,22.6,8.0,0,0.0,
2024-10-14 18:37:37,"Evening Workout",42m,"Incline Chest Press (Machine)",4,22.6,8.0,0,0.0,
2024-10-14 18:37:37,"Evening Workout",42m,"Bench Press (Dumbbell)",1,16.0,10.0,0,0.0,
2024-10-14 18:37:37,"Evening Workout",42m,"Bench Press (Dumbbell)",2,16.0,10.0,0,0.0,
2024-10-14 18:37:37,"Evening Workout",42m,"Bench Press (Dumbbell)",3,16.0,8.0,0,0.0,
2024-10-14 18:37:37,"Evening Workout",42m,"Bench Press (Dumbbell)",4,16.0,8.0,0,0.0,
2024-10-14 18:37:37,"Evening Workout",42m,"Lateral Raise (Dumbbell)",1,6.0,10.0,0,0.0,
2024-10-14 18:37:37,"Evening Workout",42m,"Lateral Raise (Dumbbell)",2,6.0,10.0,0,0.0,
2024-10-14 18:37:37,"Evening Workout",42m,"Lateral Raise (Dumbbell)",3,6.0,10.0,0,0.0,
2024-10-14 18:37:37,"Evening Workout",42m,"Face Pull (Cable)",1,15.0,10.0,0,0.0,
2024-10-14 18:37:37,"Evening Workout",42m,"Face Pull (Cable)",2,15.0,10.0,0,0.0,
2024-10-14 18:37:37,"Evening Workout",42m,"Face Pull (Cable)",3,15.0,10.0,0,0.0,
2024-10-14 18:37:37,"Evening Workout",42m,"Face Pull (Cable)",4,15.0,10.0,0,0.0,
2024-10-14 18:37:37,"Evening Workout",42m,"Triceps Extension",1,18.75,10.0,0,0.0,
2024-10-14 18:37:37,"Evening Workout",42m,"Triceps Extension",2,18.75,10.0,0,0.0,
2024-10-14 18:37:37,"Evening Workout",42m,"Triceps Extension",3,21.0,10.0,0,0.0,
2024-10-14 18:37:37,"Evening Workout",42m,"Cable Crunch",1,31.5,30.0,0,0.0,
2024-10-14 18:37:37,"Evening Workout",42m,"Cable Crunch",2,31.5,30.0,0,0.0,
2024-10-14 18:37:37,"Evening Workout",42m,"Cable Crunch",3,28.0,40.0,0,0.0,
2024-10-16 18:01:18,"Evening Workout",1h 20m,"Single Arm Vertical Iso-Lateral Row (Machine)",1,40.8,10.0,0,0.0,
2024-10-16 18:01:18,"Evening Workout",1h 20m,"Single Arm Vertical Iso-Lateral Row (Machine)",2,52.3,6.0,0,0.0,
2024-10-16 18:01:18,"Evening Workout",1h 20m,"Single Arm Vertical Iso-Lateral Row (Machine)",3,52.3,6.0,0,0.0,
2024-10-16 18:01:18,"Evening Workout",1h 20m,"Single Arm Vertical Iso-Lateral Row (Machine)",4,52.3,6.0,0,0.0,
2024-10-16 18:01:18,"Evening Workout",1h 20m,"Lat Pulldown (Cable)",1,57.0,6.0,0,0.0,
2024-10-16 18:01:18,"Evening Workout",1h 20m,"Lat Pulldown (Cable)",2,57.0,6.0,0,0.0,
2024-10-16 18:01:18,"Evening Workout",1h 20m,"Lat Pulldown (Cable)",3,47.0,10.0,0,0.0,
2024-10-16 18:01:18,"Evening Workout",1h 20m,"Lat Pulldown (Cable)",4,47.0,10.0,0,0.0,
2024-10-16 18:01:18,"Evening Workout",1h 20m,"Seated Row (Cable)",1,40.0,8.0,0,0.0,
2024-10-16 18:01:18,"Evening Workout",1h 20m,"Seated Row (Cable)",2,40.0,8.0,0,0.0,
2024-10-16 18:01:18,"Evening Workout",1h 20m,"Seated Row (Cable)",3,35.0,8.0,0,0.0,
2024-10-16 18:01:18,"Evening Workout",1h 20m,"Seated Row (Cable)",4,40.0,8.0,0,0.0,
2024-10-16 18:01:18,"Evening Workout",1h 20m,"Bicep Curl (Cable)",1,7.5,10.0,0,0.0,
2024-10-16 18:01:18,"Evening Workout",1h 20m,"Bicep Curl (Cable)",2,7.5,10.0,0,0.0,
2024-10-16 18:01:18,"Evening Workout",1h 20m,"Bicep Curl (Cable)",3,10.0,6.0,0,0.0,
2024-10-16 18:01:18,"Evening Workout",1h 20m,"Ab Wheel",1,0,10.0,0,0.0,
2024-10-16 18:01:18,"Evening Workout",1h 20m,"Ab Wheel",2,0,10.0,0,0.0,
2024-10-16 18:01:18,"Evening Workout",1h 20m,"Ab Wheel",3,0,10.0,0,0.0,
2024-10-16 18:01:18,"Evening Workout",1h 20m,"Russian Twist",1,0,40.0,0,0.0,
2024-10-16 18:01:18,"Evening Workout",1h 20m,"Russian Twist",2,0,40.0,0,0.0,
2024-10-16 18:01:18,"Evening Workout",1h 20m,"Russian Twist",3,0,40.0,0,0.0,
2024-10-16 18:01:18,"Evening Workout",1h 20m,"Farmer Walks",1,20.0,1.0,0,0.0,
2024-10-16 18:01:18,"Evening Workout",1h 20m,"Farmer Walks",2,20.0,1.0,0,0.0,
2024-10-16 18:01:18,"Evening Workout",1h 20m,"Farmer Walks",3,20.0,1.0,0,0.0,
2024-10-17 17:52:39,"Afternoon Workout",50m,"Bench Press (Barbell)",1,20.0,10.0,0,0.0,
2024-10-17 17:52:39,"Afternoon Workout",50m,"Bench Press (Barbell)",2,51.5,5.0,0,0.0,
2024-10-17 17:52:39,"Afternoon Workout",50m,"Bench Press (Barbell)",3,51.5,8.0,0,0.0,
2024-10-17 17:52:39,"Afternoon Workout",50m,"Bench Press (Barbell)",4,51.5,6.0,0,0.0,
2024-10-17 17:52:39,"Afternoon Workout",50m,"Bench Press (Barbell)",5,51.5,6.0,0,0.0,
2024-10-17 17:52:39,"Afternoon Workout",50m,"Chest Fly",1,42.5,10.0,0,0.0,
2024-10-17 17:52:39,"Afternoon Workout",50m,"Chest Fly",2,42.5,10.0,0,0.0,
2024-10-17 17:52:39,"Afternoon Workout",50m,"Chest Fly",3,42.5,10.0,0,0.0,
2024-10-17 17:52:39,"Afternoon Workout",50m,"Chest Fly",4,42.5,10.0,0,0.0,
2024-10-17 17:52:39,"Afternoon Workout",50m,"Front Raise (Cable)",1,10.0,8.0,0,0.0,
2024-10-17 17:52:39,"Afternoon Workout",50m,"Front Raise (Cable)",2,10.0,8.0,0,0.0,
2024-10-17 17:52:39,"Afternoon Workout",50m,"Front Raise (Cable)",3,10.0,8.0,0,0.0,
2024-10-17 17:52:39,"Afternoon Workout",50m,"Lateral Raise (Cable)",1,5.0,8.0,0,0.0,
2024-10-17 17:52:39,"Afternoon Workout",50m,"Lateral Raise (Cable)",2,5.0,8.0,0,0.0,
2024-10-17 17:52:39,"Afternoon Workout",50m,"Lateral Raise (Cable)",3,2.5,12.0,0,0.0,
2024-10-17 17:52:39,"Afternoon Workout",50m,"Face Pull (Cable)",1,15.0,10.0,0,0.0,
2024-10-17 17:52:39,"Afternoon Workout",50m,"Face Pull (Cable)",2,17.5,10.0,0,0.0,
2024-10-17 17:52:39,"Afternoon Workout",50m,"Face Pull (Cable)",3,17.5,10.0,0,0.0,
2024-10-17 17:52:39,"Afternoon Workout",50m,"Triceps Extension",1,17.5,12.0,0,0.0,
2024-10-17 17:52:39,"Afternoon Workout",50m,"Triceps Extension",2,17.5,12.0,0,0.0,
2024-10-17 17:52:39,"Afternoon Workout",50m,"Triceps Extension",3,17.5,12.0,0,0.0,
2024-10-17 17:52:39,"Afternoon Workout",50m,"Cable Crunch",1,31.5,30.0,0,0.0,
2024-10-17 17:52:39,"Afternoon Workout",50m,"Cable Crunch",2,31.5,30.0,0,0.0,
2024-10-17 17:52:39,"Afternoon Workout",50m,"Cable Crunch",3,31.5,40.0,0,0.0,
2024-10-20 09:39:55,"Morning Workout",32m,"Iso-Lateral Row (Machine)",1,40.8,10.0,0,0.0,
2024-10-20 09:39:55,"Morning Workout",32m,"Iso-Lateral Row (Machine)",2,45.3,10.0,0,0.0,
2024-10-20 09:39:55,"Morning Workout",32m,"Iso-Lateral Row (Machine)",3,45.3,10.0,0,0.0,
2024-10-20 09:39:55,"Morning Workout",32m,"Iso-Lateral Row (Machine)",4,45.3,10.0,0,0.0,
2024-10-20 09:39:55,"Morning Workout",32m,"Pull Up (Assisted)",1,47.0,8.0,0,0.0,
2024-10-20 09:39:55,"Morning Workout",32m,"Pull Up (Assisted)",2,33.0,8.0,0,0.0,
2024-10-20 09:39:55,"Morning Workout",32m,"Pull Up (Assisted)",3,33.0,8.0,0,0.0,
2024-10-20 09:39:55,"Morning Workout",32m,"Pull Up (Assisted)",4,33.0,8.0,0,0.0,
2024-10-20 09:39:55,"Morning Workout",32m,"Seated Row (Cable)",1,33.0,8.0,0,0.0,
2024-10-20 09:39:55,"Morning Workout",32m,"Seated Row (Cable)",2,33.0,8.0,0,0.0,
2024-10-20 09:39:55,"Morning Workout",32m,"Seated Row (Cable)",3,40.0,8.0,0,0.0,
2024-10-20 09:39:55,"Morning Workout",32m,"Seated Row (Cable)",4,40.0,8.0,0,0.0,
2024-10-20 09:39:55,"Morning Workout",32m,"Bicep Curl (Cable)",1,10.0,6.0,0,0.0,
2024-10-20 09:39:55,"Morning Workout",32m,"Bicep Curl (Cable)",2,7.5,10.0,0,0.0,
2024-10-20 09:39:55,"Morning Workout",32m,"Bicep Curl (Cable)",3,7.5,10.0,0,0.0,
2024-10-20 09:39:55,"Morning Workout",32m,"Tyre Flip",1,100.0,10.0,0,0.0,
2024-10-21 18:31:53,"Evening Workout",1h 2m,"Iso-Lateral Chest Press (Machine)",1,20.4,10.0,0,0.0,
2024-10-21 18:31:53,"Evening Workout",1h 2m,"Iso-Lateral Chest Press (Machine)",2,31.7,8.0,0,0.0,
2024-10-21 18:31:53,"Evening Workout",1h 2m,"Iso-Lateral Chest Press (Machine)",3,31.7,8.0,0,0.0,
2024-10-21 18:31:53,"Evening Workout",1h 2m,"Iso-Lateral Chest Press (Machine)",4,31.7,8.0,0,0.0,
2024-10-21 18:31:53,"Evening Workout",1h 2m,"Iso-Lateral Chest Press (Machine)",5,31.7,8.0,0,0.0,
2024-10-21 18:31:53,"Evening Workout",1h 2m,"Chest Fly",1,42.5,10.0,0,0.0,
2024-10-21 18:31:53,"Evening Workout",1h 2m,"Chest Fly",2,42.5,10.0,0,0.0,
2024-10-21 18:31:53,"Evening Workout",1h 2m,"Chest Fly",3,42.5,10.0,0,0.0,
2024-10-21 18:31:53,"Evening Workout",1h 2m,"Chest Fly",4,42.5,10.0,0,0.0,
2024-10-21 18:31:53,"Evening Workout",1h 2m,"Lateral Raise (Dumbbell)",1,6.0,10.0,0,0.0,
2024-10-21 18:31:53,"Evening Workout",1h 2m,"Lateral Raise (Dumbbell)",2,6.0,10.0,0,0.0,
2024-10-21 18:31:53,"Evening Workout",1h 2m,"Lateral Raise (Dumbbell)",3,6.0,10.0,0,0.0,
2024-10-21 18:31:53,"Evening Workout",1h 2m,"Lateral Raise (Dumbbell)",4,6.0,10.0,0,0.0,
2024-10-21 18:31:53,"Evening Workout",1h 2m,"Seated Overhead Press (Dumbbell)",1,6.0,12.0,0,0.0,
2024-10-21 18:31:53,"Evening Workout",1h 2m,"Seated Overhead Press (Dumbbell)",2,6.0,10.0,0,0.0,
2024-10-21 18:31:53,"Evening Workout",1h 2m,"Seated Overhead Press (Dumbbell)",3,6.0,10.0,0,0.0,
2024-10-21 18:31:53,"Evening Workout",1h 2m,"Seated Overhead Press (Dumbbell)",4,6.0,10.0,0,0.0,
2024-10-21 18:31:53,"Evening Workout",1h 2m,"Triceps Extension (Cable)",1,15.0,10.0,0,0.0,
2024-10-21 18:31:53,"Evening Workout",1h 2m,"Triceps Extension (Cable)",2,15.0,8.0,0,0.0,
2024-10-21 18:31:53,"Evening Workout",1h 2m,"Triceps Extension (Cable)",3,15.0,8.0,0,0.0,
2024-10-21 18:31:53,"Evening Workout",1h 2m,"Cable Crunch",1,35.0,30.0,0,0.0,
2024-10-21 18:31:53,"Evening Workout",1h 2m,"Cable Crunch",2,35.0,30.0,0,0.0,
2024-10-21 18:31:53,"Evening Workout",1h 2m,"Cable Crunch",3,31.5,40.0,0,0.0,
2024-10-23 18:27:19,"Evening Workout",54m,"Single Arm Vertical Iso-Lateral Row (Machine)",1,40.8,10.0,0,0.0,
2024-10-23 18:27:19,"Evening Workout",54m,"Single Arm Vertical Iso-Lateral Row (Machine)",2,52.3,8.0,0,0.0,
2024-10-23 18:27:19,"Evening Workout",54m,"Single Arm Vertical Iso-Lateral Row (Machine)",3,52.3,8.0,0,0.0,
2024-10-23 18:27:19,"Evening Workout",54m,"Single Arm Vertical Iso-Lateral Row (Machine)",4,45.3,8.0,0,0.0,
2024-10-23 18:27:19,"Evening Workout",54m,"Seated Row (Cable)",1,40.0,8.0,0,0.0,
2024-10-23 18:27:19,"Evening Workout",54m,"Seated Row (Cable)",2,40.0,10.0,0,0.0,
2024-10-23 18:27:19,"Evening Workout",54m,"Seated Row (Cable)",3,40.0,10.0,0,0.0,
2024-10-23 18:27:19,"Evening Workout",54m,"Seated Row (Cable)",4,40.0,10.0,0,0.0,
2024-10-23 18:27:19,"Evening Workout",54m,"Pull Up (Assisted)",1,40.0,8.0,0,0.0,
2024-10-23 18:27:19,"Evening Workout",54m,"Pull Up (Assisted)",2,40.0,8.0,0,0.0,
2024-10-23 18:27:19,"Evening Workout",54m,"Pull Up (Assisted)",3,40.0,8.0,0,0.0,
2024-10-23 18:27:19,"Evening Workout",54m,"Bicep Curl (Barbell)",1,22.0,6.0,0,0.0,
2024-10-23 18:27:19,"Evening Workout",54m,"Bicep Curl (Barbell)",2,18.0,10.0,0,0.0,
2024-10-23 18:27:19,"Evening Workout",54m,"Bicep Curl (Barbell)",3,18.0,10.0,0,0.0,
2024-10-23 18:27:19,"Evening Workout",54m,"Hammer Curl (Dumbbell)",1,8.0,10.0,0,0.0,
2024-10-23 18:27:19,"Evening Workout",54m,"Hammer Curl (Dumbbell)",2,8.0,10.0,0,0.0,
2024-10-23 18:27:19,"Evening Workout",54m,"Hammer Curl (Dumbbell)",3,8.0,10.0,0,0.0,
2024-10-23 18:27:19,"Evening Workout",54m,"Ab Wheel",1,0,10.0,0,0.0,
2024-10-23 18:27:19,"Evening Workout",54m,"Ab Wheel",2,0,10.0,0,0.0,
2024-10-23 18:27:19,"Evening Workout",54m,"Ab Wheel",3,0,10.0,0,0.0,
2024-10-23 18:27:19,"Evening Workout",54m,"Russian Twist",1,0,40.0,0,0.0,
2024-10-23 18:27:19,"Evening Workout",54m,"Russian Twist",2,0,40.0,0,0.0,
2024-10-23 18:27:19,"Evening Workout",54m,"Russian Twist",3,0,40.0,0,0.0,
2024-10-26 11:08:01,"Morning Workout",51m,"Bench Press (Dumbbell)",1,16.0,10.0,0,0.0,
2024-10-26 11:08:01,"Morning Workout",51m,"Bench Press (Dumbbell)",2,18.0,10.0,0,0.0,
2024-10-26 11:08:01,"Morning Workout",51m,"Bench Press (Dumbbell)",3,18.0,10.0,0,0.0,
2024-10-26 11:08:01,"Morning Workout",51m,"Bench Press (Dumbbell)",4,18.0,10.0,0,0.0,
2024-10-26 11:08:01,"Morning Workout",51m,"Chest Fly",1,42.5,10.0,0,0.0,
2024-10-26 11:08:01,"Morning Workout",51m,"Chest Fly",2,42.5,10.0,0,0.0,
2024-10-26 11:08:01,"Morning Workout",51m,"Chest Fly",3,42.5,10.0,0,0.0,
2024-10-26 11:08:01,"Morning Workout",51m,"Chest Fly",4,42.5,10.0,0,0.0,
2024-10-26 11:08:01,"Morning Workout",51m,"Shoulder Press (Machine)",1,42.0,6.0,0,0.0,
2024-10-26 11:08:01,"Morning Workout",51m,"Shoulder Press (Machine)",2,22.6,10.0,0,0.0,
2024-10-26 11:08:01,"Morning Workout",51m,"Shoulder Press (Machine)",3,31.8,8.0,0,0.0,
2024-10-26 11:08:01,"Morning Workout",51m,"Shoulder Press (Machine)",4,31.8,6.0,0,0.0,
2024-10-26 11:08:01,"Morning Workout",51m,"Triceps Extension",1,17.5,12.0,0,0.0,
2024-10-26 11:08:01,"Morning Workout",51m,"Triceps Extension",2,17.5,12.0,0,0.0,
2024-10-26 11:08:01,"Morning Workout",51m,"Triceps Extension",3,17.5,12.0,0,0.0,
2024-10-26 11:08:01,"Morning Workout",51m,"Cable Crunch",1,35.0,30.0,0,0.0,
2024-10-26 11:08:01,"Morning Workout",51m,"Cable Crunch",2,35.0,30.0,0,0.0,
2024-10-26 11:08:01,"Morning Workout",51m,"Cable Crunch",3,31.5,20.0,0,0.0,
2024-10-28 18:24:17,"Evening Workout",50m,"Iso-Lateral Row (Machine)",1,40.8,10.0,0,0.0,
2024-10-28 18:24:17,"Evening Workout",50m,"Iso-Lateral Row (Machine)",2,45.3,10.0,0,0.0,
2024-10-28 18:24:17,"Evening Workout",50m,"Iso-Lateral Row (Machine)",3,45.3,10.0,0,0.0,
2024-10-28 18:24:17,"Evening Workout",50m,"Iso-Lateral Row (Machine)",4,45.3,10.0,0,0.0,
2024-10-28 18:24:17,"Evening Workout",50m,"Seated Row (Cable)",1,40.0,10.0,0,0.0,
2024-10-28 18:24:17,"Evening Workout",50m,"Seated Row (Cable)",2,40.0,10.0,0,0.0,
2024-10-28 18:24:17,"Evening Workout",50m,"Seated Row (Cable)",3,40.0,10.0,0,0.0,
2024-10-28 18:24:17,"Evening Workout",50m,"Seated Row (Cable)",4,40.0,10.0,0,0.0,
2024-10-28 18:24:17,"Evening Workout",50m,"Pull Up (Assisted)",1,40.0,8.0,0,0.0,
2024-10-28 18:24:17,"Evening Workout",50m,"Pull Up (Assisted)",2,40.0,8.0,0,0.0,
2024-10-28 18:24:17,"Evening Workout",50m,"Pull Up (Assisted)",3,40.0,8.0,0,0.0,
2024-10-28 18:24:17,"Evening Workout",50m,"Pull Up (Assisted)",4,40.0,8.0,0,0.0,
2024-10-28 18:24:17,"Evening Workout",50m,"Bicep Curl (Cable)",1,10.0,6.0,0,0.0,
2024-10-28 18:24:17,"Evening Workout",50m,"Bicep Curl (Cable)",2,7.5,10.0,0,0.0,
2024-10-28 18:24:17,"Evening Workout",50m,"Bicep Curl (Cable)",3,7.5,10.0,0,0.0,
2024-10-28 18:24:17,"Evening Workout",50m,"Bicep Curl (Cable)",4,5.0,10.0,0,0.0,
2024-10-28 18:24:17,"Evening Workout",50m,"Bicep Curl (Cable)",5,2.5,10.0,0,0.0,
2024-10-28 18:24:17,"Evening Workout",50m,"Ab Wheel",1,0,10.0,0,0.0,
2024-10-28 18:24:17,"Evening Workout",50m,"Ab Wheel",2,0,10.0,0,0.0,
2024-10-28 18:24:17,"Evening Workout",50m,"Ab Wheel",3,0,10.0,0,0.0,
2024-10-28 18:24:17,"Evening Workout",50m,"Russian Twist",1,0,40.0,0,0.0,
2024-10-28 18:24:17,"Evening Workout",50m,"Russian Twist",2,0,40.0,0,0.0,
2024-10-28 18:24:17,"Evening Workout",50m,"Russian Twist",3,0,40.0,0,0.0,
2024-10-31 10:54:02,"Morning Workout",44m,"Chest Press (Machine)",1,42.5,8.0,0,0.0,
2024-10-31 10:54:02,"Morning Workout",44m,"Chest Press (Machine)",2,42.5,10.0,0,0.0,
2024-10-31 10:54:02,"Morning Workout",44m,"Chest Press (Machine)",3,42.5,10.0,0,0.0,
2024-10-31 10:54:02,"Morning Workout",44m,"Chest Press (Machine)",4,42.5,10.0,0,0.0,
2024-10-31 10:54:02,"Morning Workout",44m,"Chest Fly",1,42.5,10.0,0,0.0,
2024-10-31 10:54:02,"Morning Workout",44m,"Chest Fly",2,42.5,10.0,0,0.0,
2024-10-31 10:54:02,"Morning Workout",44m,"Chest Fly",3,42.5,10.0,0,0.0,
2024-10-31 10:54:02,"Morning Workout",44m,"Chest Fly",4,42.5,10.0,0,0.0,
2024-10-31 10:54:02,"Morning Workout",44m,"Lateral Raise (Dumbbell)",1,6.0,10.0,0,0.0,
2024-10-31 10:54:02,"Morning Workout",44m,"Lateral Raise (Dumbbell)",2,6.0,10.0,0,0.0,
2024-10-31 10:54:02,"Morning Workout",44m,"Lateral Raise (Dumbbell)",3,6.0,10.0,0,0.0,
2024-10-31 10:54:02,"Morning Workout",44m,"Lateral Raise (Dumbbell)",4,6.0,10.0,0,0.0,
2024-10-31 10:54:02,"Morning Workout",44m,"Overhead Press (Dumbbell)",1,8.0,10.0,0,0.0,
2024-10-31 10:54:02,"Morning Workout",44m,"Overhead Press (Dumbbell)",2,8.0,10.0,0,0.0,
2024-10-31 10:54:02,"Morning Workout",44m,"Overhead Press (Dumbbell)",3,8.0,10.0,0,0.0,
2024-10-31 10:54:02,"Morning Workout",44m,"Overhead Press (Dumbbell)",4,8.0,10.0,0,0.0,
2024-10-31 10:54:02,"Morning Workout",44m,"Triceps Extension (Cable)",1,12.5,8.0,0,0.0,
2024-10-31 10:54:02,"Morning Workout",44m,"Triceps Extension (Cable)",2,12.5,8.0,0,0.0,
2024-10-31 10:54:02,"Morning Workout",44m,"Triceps Extension",1,17.5,10.0,0,0.0,
2024-10-31 10:54:02,"Morning Workout",44m,"Triceps Extension",2,12.5,10.0,0,0.0,
2024-10-31 10:54:02,"Morning Workout",44m,"Triceps Extension",3,7.5,10.0,0,0.0,
2024-10-31 10:54:02,"Morning Workout",44m,"Triceps Extension",4,2.5,10.0,0,0.0,
2024-11-02 16:22:10,"Afternoon Workout",54m,"Iso-Lateral Row (Machine)",1,40.8,10.0,0,0.0,
2024-11-02 16:22:10,"Afternoon Workout",54m,"Iso-Lateral Row (Machine)",2,45.3,10.0,0,0.0,
2024-11-02 16:22:10,"Afternoon Workout",54m,"Iso-Lateral Row (Machine)",3,45.3,10.0,0,0.0,
2024-11-02 16:22:10,"Afternoon Workout",54m,"Iso-Lateral Row (Machine)",4,45.3,10.0,0,0.0,
2024-11-02 16:22:10,"Afternoon Workout",54m,"Lat Pulldown (Cable)",1,40.0,10.0,0,0.0,
2024-11-02 16:22:10,"Afternoon Workout",54m,"Lat Pulldown (Cable)",2,47.0,10.0,0,0.0,
2024-11-02 16:22:10,"Afternoon Workout",54m,"Lat Pulldown (Cable)",3,47.0,10.0,0,0.0,
2024-11-02 16:22:10,"Afternoon Workout",54m,"Lat Pulldown (Cable)",4,47.0,10.0,0,0.0,
2024-11-02 16:22:10,"Afternoon Workout",54m,"Bicep Curl (Barbell)",1,18.0,10.0,0,0.0,
2024-11-02 16:22:10,"Afternoon Workout",54m,"Bicep Curl (Barbell)",2,18.0,10.0,0,0.0,
2024-11-02 16:22:10,"Afternoon Workout",54m,"Bicep Curl (Barbell)",3,18.0,10.0,0,0.0,
2024-11-02 16:22:10,"Afternoon Workout",54m,"Cable Crunch",1,31.25,30.0,0,0.0,
2024-11-02 16:22:10,"Afternoon Workout",54m,"Cable Crunch",2,31.25,30.0,0,0.0,
2024-11-02 16:22:10,"Afternoon Workout",54m,"Cable Crunch",3,31.25,40.0,0,0.0,
2024-11-04 18:11:36,"Evening Workout",1h 7m,"Bench Press (Barbell)",1,20.0,10.0,0,0.0,
2024-11-04 18:11:36,"Evening Workout",1h 7m,"Bench Press (Barbell)",2,51.5,5.0,0,0.0,
2024-11-04 18:11:36,"Evening Workout",1h 7m,"Bench Press (Barbell)",3,51.5,6.0,0,0.0,
2024-11-04 18:11:36,"Evening Workout",1h 7m,"Bench Press (Barbell)",4,51.5,6.0,0,0.0,
2024-11-04 18:11:36,"Evening Workout",1h 7m,"Bench Press (Barbell)",5,56.1,5.0,0,0.0,
2024-11-04 18:11:36,"Evening Workout",1h 7m,"Chest Fly",1,50.0,8.0,0,0.0,
2024-11-04 18:11:36,"Evening Workout",1h 7m,"Chest Fly",2,50.0,8.0,0,0.0,
2024-11-04 18:11:36,"Evening Workout",1h 7m,"Chest Fly",3,50.0,7.0,0,0.0,
2024-11-04 18:11:36,"Evening Workout",1h 7m,"Chest Fly",4,42.5,10.0,0,0.0,
2024-11-04 18:11:36,"Evening Workout",1h 7m,"Lateral Raise (Cable)",1,3.75,10.0,0,0.0,
2024-11-04 18:11:36,"Evening Workout",1h 7m,"Lateral Raise (Cable)",2,3.75,10.0,0,0.0,
2024-11-04 18:11:36,"Evening Workout",1h 7m,"Lateral Raise (Cable)",3,3.75,8.0,0,0.0,
2024-11-04 18:11:36,"Evening Workout",1h 7m,"Lateral Raise (Cable)",4,3.75,10.0,0,0.0,
2024-11-04 18:11:36,"Evening Workout",1h 7m,"Face Pull (Cable)",1,17.5,10.0,0,0.0,
2024-11-04 18:11:36,"Evening Workout",1h 7m,"Face Pull (Cable)",2,17.5,10.0,0,0.0,
2024-11-04 18:11:36,"Evening Workout",1h 7m,"Face Pull (Cable)",3,17.5,10.0,0,0.0,
2024-11-04 18:11:36,"Evening Workout",1h 7m,"Face Pull (Cable)",4,21.0,10.0,0,0.0,
2024-11-04 18:11:36,"Evening Workout",1h 7m,"Triceps Extension",1,17.5,12.0,0,0.0,
2024-11-04 18:11:36,"Evening Workout",1h 7m,"Triceps Extension",2,17.5,12.0,0,0.0,
2024-11-04 18:11:36,"Evening Workout",1h 7m,"Triceps Extension",3,17.5,10.0,0,0.0,
2024-11-04 18:11:36,"Evening Workout",1h 7m,"EZ Bar Outward Tricep Extension",1,17.5,8.0,0,0.0,
2024-11-04 18:11:36,"Evening Workout",1h 7m,"EZ Bar Outward Tricep Extension",2,17.5,8.0,0,0.0,
2024-11-04 18:11:36,"Evening Workout",1h 7m,"EZ Bar Outward Tricep Extension",3,17.5,8.0,0,0.0,
2024-11-04 18:11:36,"Evening Workout",1h 7m,"Cable Crunch",1,31.25,30.0,0,0.0,
2024-11-04 18:11:36,"Evening Workout",1h 7m,"Cable Crunch",2,31.25,40.0,0,0.0,
2024-11-04 18:11:36,"Evening Workout",1h 7m,"Cable Crunch",3,31.25,30.0,0,0.0,
2024-11-12 18:57:35,"Evening Workout",33m,"Seated Row (Cable)",1,40.0,10.0,0,0.0,
2024-11-12 18:57:35,"Evening Workout",33m,"Seated Row (Cable)",2,47.0,8.0,0,0.0,
2024-11-12 18:57:35,"Evening Workout",33m,"Seated Row (Cable)",3,47.0,8.0,0,0.0,
2024-11-12 18:57:35,"Evening Workout",33m,"Seated Row (Cable)",4,47.0,8.0,0,0.0,
2024-11-12 18:57:35,"Evening Workout",33m,"Lat Pulldown (Cable)",1,47.0,8.0,0,0.0,
2024-11-12 18:57:35,"Evening Workout",33m,"Lat Pulldown (Cable)",2,47.0,8.0,0,0.0,
2024-11-12 18:57:35,"Evening Workout",33m,"Lat Pulldown (Cable)",3,47.0,8.0,0,0.0,
2024-11-12 18:57:35,"Evening Workout",33m,"Lat Pulldown (Cable)",4,40.0,10.0,0,0.0,
2024-11-12 18:57:35,"Evening Workout",33m,"Bicep Curl (Barbell)",1,18.0,10.0,0,0.0,
2024-11-12 18:57:35,"Evening Workout",33m,"Bicep Curl (Barbell)",2,18.0,8.0,0,0.0,
2024-11-12 18:57:35,"Evening Workout",33m,"Bicep Curl (Barbell)",3,18.0,8.0,0,0.0,
2024-11-12 18:57:35,"Evening Workout",33m,"Decline Crunch",1,10.0,10.0,0,0.0,
2024-11-12 18:57:35,"Evening Workout",33m,"Decline Crunch",2,10.0,10.0,0,0.0,
2024-11-13 18:18:45,"Evening Workout",36m,"Bench Press (Dumbbell)",1,16.0,10.0,0,0.0,
2024-11-13 18:18:45,"Evening Workout",36m,"Bench Press (Dumbbell)",2,18.0,10.0,0,0.0,
2024-11-13 18:18:45,"Evening Workout",36m,"Bench Press (Dumbbell)",3,18.0,10.0,0,0.0,
2024-11-13 18:18:45,"Evening Workout",36m,"Bench Press (Dumbbell)",4,18.0,10.0,0,0.0,
2024-11-13 18:18:45,"Evening Workout",36m,"Incline Chest Press (Machine)",1,15.8,8.0,0,0.0,
2024-11-13 18:18:45,"Evening Workout",36m,"Incline Chest Press (Machine)",2,15.8,8.0,0,0.0,
2024-11-13 18:18:45,"Evening Workout",36m,"Incline Chest Press (Machine)",3,15.8,8.0,0,0.0,
2024-11-13 18:18:45,"Evening Workout",36m,"Incline Chest Press (Machine)",4,15.8,8.0,0,0.0,
2024-11-13 18:18:45,"Evening Workout",36m,"Lateral Raise (Dumbbell)",1,7.0,8.0,0,0.0,
2024-11-13 18:18:45,"Evening Workout",36m,"Lateral Raise (Dumbbell)",2,7.0,10.0,0,0.0,
2024-11-13 18:18:45,"Evening Workout",36m,"Lateral Raise (Dumbbell)",3,7.0,10.0,0,0.0,
2024-11-13 18:18:45,"Evening Workout",36m,"Lateral Raise (Dumbbell)",4,7.0,8.0,0,0.0,
2024-11-13 18:18:45,"Evening Workout",36m,"Triceps Extension",1,17.5,10.0,0,0.0,
2024-11-13 18:18:45,"Evening Workout",36m,"Triceps Extension",2,17.5,12.0,0,0.0,
2024-11-13 18:18:45,"Evening Workout",36m,"Triceps Extension",3,17.5,12.0,0,0.0,
2024-11-13 18:18:45,"Evening Workout",36m,"Overhead Press (Dumbbell)",1,5.0,10.0,0,0.0,
2024-11-13 18:18:45,"Evening Workout",36m,"Overhead Press (Dumbbell)",2,5.0,10.0,0,0.0,
2024-11-13 18:18:45,"Evening Workout",36m,"Overhead Press (Dumbbell)",3,5.0,10.0,0,0.0,
2024-11-17 09:50:15,"Morning Workout",1h 3m,"Iso-Lateral Row (Machine)",1,40.8,10.0,0,0.0,
2024-11-17 09:50:15,"Morning Workout",1h 3m,"Iso-Lateral Row (Machine)",2,52.1,8.0,0,0.0,
2024-11-17 09:50:15,"Morning Workout",1h 3m,"Iso-Lateral Row (Machine)",3,52.1,8.0,0,0.0,
2024-11-17 09:50:15,"Morning Workout",1h 3m,"Iso-Lateral Row (Machine)",4,40.8,10.0,0,0.0,
2024-11-17 09:50:15,"Morning Workout",1h 3m,"Lat Pulldown (Cable)",1,47.0,8.0,0,0.0,
2024-11-17 09:50:15,"Morning Workout",1h 3m,"Lat Pulldown (Cable)",2,47.0,8.0,0,0.0,
2024-11-17 09:50:15,"Morning Workout",1h 3m,"Lat Pulldown (Cable)",3,40.0,10.0,0,0.0,
2024-11-17 09:50:15,"Morning Workout",1h 3m,"Lat Pulldown (Cable)",4,47.0,8.0,0,0.0,
2024-11-17 09:50:15,"Morning Workout",1h 3m,"Seated Row (Cable)",1,40.0,10.0,0,0.0,
2024-11-17 09:50:15,"Morning Workout",1h 3m,"Seated Row (Cable)",2,47.0,8.0,0,0.0,
2024-11-17 09:50:15,"Morning Workout",1h 3m,"Seated Row (Cable)",3,47.0,8.0,0,0.0,
2024-11-17 09:50:15,"Morning Workout",1h 3m,"Seated Row (Cable)",4,47.0,8.0,0,0.0,
2024-11-17 09:50:15,"Morning Workout",1h 3m,"Bicep Curl (Barbell)",1,18.0,8.0,0,0.0,
2024-11-17 09:50:15,"Morning Workout",1h 3m,"Bicep Curl (Barbell)",2,18.0,8.0,0,0.0,
2024-11-17 09:50:15,"Morning Workout",1h 3m,"Bicep Curl (Barbell)",3,18.0,8.0,0,0.0,
2024-11-17 09:50:15,"Morning Workout",1h 3m,"Hammer Curl (Dumbbell)",1,7.0,10.0,0,0.0,
2024-11-17 09:50:15,"Morning Workout",1h 3m,"Hammer Curl (Dumbbell)",2,7.0,10.0,0,0.0,
2024-11-17 09:50:15,"Morning Workout",1h 3m,"Hammer Curl (Dumbbell)",3,7.0,10.0,0,0.0,
2024-11-17 09:50:15,"Morning Workout",1h 3m,"Cable Crunch",1,31.25,30.0,0,0.0,
2024-11-17 09:50:15,"Morning Workout",1h 3m,"Cable Crunch",2,31.25,40.0,0,0.0,
2024-11-17 09:50:15,"Morning Workout",1h 3m,"Cable Crunch",3,31.25,30.0,0,0.0,
2024-11-18 18:01:12,"Evening Workout",44m,"Chest Press (Machine)",1,45.0,8.0,0,0.0,
2024-11-18 18:01:12,"Evening Workout",44m,"Chest Press (Machine)",2,45.0,8.0,0,0.0,
2024-11-18 18:01:12,"Evening Workout",44m,"Chest Press (Machine)",3,45.0,8.0,0,0.0,
2024-11-18 18:01:12,"Evening Workout",44m,"Chest Press (Machine)",4,45.0,8.0,0,0.0,
2024-11-18 18:01:12,"Evening Workout",44m,"Chest Fly",1,42.5,10.0,0,0.0,
2024-11-18 18:01:12,"Evening Workout",44m,"Chest Fly",2,50.0,8.0,0,0.0,
2024-11-18 18:01:12,"Evening Workout",44m,"Chest Fly",3,50.0,8.0,0,0.0,
2024-11-18 18:01:12,"Evening Workout",44m,"Chest Fly",4,50.0,8.0,0,0.0,
2024-11-18 18:01:12,"Evening Workout",44m,"Lateral Raise (Dumbbell)",1,6.0,10.0,0,0.0,
2024-11-18 18:01:12,"Evening Workout",44m,"Lateral Raise (Dumbbell)",2,6.0,10.0,0,0.0,
2024-11-18 18:01:12,"Evening Workout",44m,"Lateral Raise (Dumbbell)",3,6.0,10.0,0,0.0,
2024-11-18 18:01:12,"Evening Workout",44m,"Lateral Raise (Dumbbell)",4,6.0,10.0,0,0.0,
2024-11-18 18:01:12,"Evening Workout",44m,"Face Pull (Cable)",1,17.5,10.0,0,0.0,
2024-11-18 18:01:12,"Evening Workout",44m,"Face Pull (Cable)",2,17.5,10.0,0,0.0,
2024-11-18 18:01:12,"Evening Workout",44m,"Face Pull (Cable)",3,17.5,10.0,0,0.0,
2024-11-18 18:01:12,"Evening Workout",44m,"Face Pull (Cable)",4,17.5,10.0,0,0.0,
2024-11-18 18:01:12,"Evening Workout",44m,"Triceps Extension",1,17.5,12.0,0,0.0,
2024-11-18 18:01:12,"Evening Workout",44m,"Triceps Extension",2,17.5,12.0,0,0.0,
2024-11-18 18:01:12,"Evening Workout",44m,"Cable Crunch",1,31.25,30.0,0,0.0,
2024-11-18 18:01:12,"Evening Workout",44m,"Cable Crunch",2,31.25,30.0,0,0.0,
2024-11-18 18:01:12,"Evening Workout",44m,"Cable Crunch",3,31.25,20.0,0,0.0,
2024-11-18 18:01:12,"Evening Workout",44m,"Cable Crunch",4,28.0,20.0,0,0.0,
2024-11-20 12:30:00,"Afternoon Workout",1h 37m,"Iso-Lateral Row (Machine)",1,40.8,10.0,0,0.0,
2024-11-20 12:30:00,"Afternoon Workout",1h 37m,"Iso-Lateral Row (Machine)",2,45.3,8.0,0,0.0,
2024-11-20 12:30:00,"Afternoon Workout",1h 37m,"Iso-Lateral Row (Machine)",3,45.3,8.0,0,0.0,
2024-11-20 12:30:00,"Afternoon Workout",1h 37m,"Iso-Lateral Row (Machine)",4,45.3,8.0,0,0.0,
2024-11-20 12:30:00,"Afternoon Workout",1h 37m,"Lat Pulldown (Cable)",1,47.0,10.0,0,0.0,
2024-11-20 12:30:00,"Afternoon Workout",1h 37m,"Lat Pulldown (Cable)",2,47.0,10.0,0,0.0,
2024-11-20 12:30:00,"Afternoon Workout",1h 37m,"Lat Pulldown (Cable)",3,47.0,10.0,0,0.0,
2024-11-20 12:30:00,"Afternoon Workout",1h 37m,"Seated Row (Cable)",1,47.0,8.0,0,0.0,
2024-11-20 12:30:00,"Afternoon Workout",1h 37m,"Seated Row (Cable)",2,40.0,10.0,0,0.0,
2024-11-20 12:30:00,"Afternoon Workout",1h 37m,"Seated Row (Cable)",3,40.0,10.0,0,0.0,
2024-11-20 12:30:00,"Afternoon Workout",1h 37m,"Seated Row (Cable)",4,40.0,10.0,0,0.0,
2024-11-20 12:30:00,"Afternoon Workout",1h 37m,"Bicep Curl (Cable)",1,7.5,10.0,0,0.0,
2024-11-20 12:30:00,"Afternoon Workout",1h 37m,"Bicep Curl (Cable)",2,7.5,10.0,0,0.0,
2024-11-20 12:30:00,"Afternoon Workout",1h 37m,"Bicep Curl (Cable)",3,7.5,10.0,0,0.0,
2024-11-24 10:59:10,"Morning Workout",42m,"Iso-Lateral Chest Press (Machine)",1,20.4,10.0,0,0.0,
2024-11-24 10:59:10,"Morning Workout",42m,"Iso-Lateral Chest Press (Machine)",2,31.7,6.0,0,0.0,
2024-11-24 10:59:10,"Morning Workout",42m,"Iso-Lateral Chest Press (Machine)",3,24.9,8.0,0,0.0,
2024-11-24 10:59:10,"Morning Workout",42m,"Iso-Lateral Chest Press (Machine)",4,24.9,8.0,0,0.0,
2024-11-24 10:59:10,"Morning Workout",42m,"Incline Chest Press (Machine)",1,15.8,8.0,0,0.0,
2024-11-24 10:59:10,"Morning Workout",42m,"Incline Chest Press (Machine)",2,15.8,8.0,0,0.0,
2024-11-24 10:59:10,"Morning Workout",42m,"Incline Chest Press (Machine)",3,18.1,6.0,0,0.0,
2024-11-24 10:59:10,"Morning Workout",42m,"Incline Chest Press (Machine)",4,18.1,6.0,0,0.0,
2024-11-24 10:59:10,"Morning Workout",42m,"Lateral Raise (Dumbbell)",1,6.0,10.0,0,0.0,
2024-11-24 10:59:10,"Morning Workout",42m,"Lateral Raise (Dumbbell)",2,6.0,10.0,0,0.0,
2024-11-24 10:59:10,"Morning Workout",42m,"Lateral Raise (Dumbbell)",3,6.0,10.0,0,0.0,
2024-11-24 10:59:10,"Morning Workout",42m,"Lateral Raise (Dumbbell)",4,6.0,10.0,0,0.0,
2024-11-24 10:59:10,"Morning Workout",42m,"Face Pull (Cable)",1,17.5,10.0,0,0.0,
2024-11-24 10:59:10,"Morning Workout",42m,"Face Pull (Cable)",2,17.5,10.0,0,0.0,
2024-11-24 10:59:10,"Morning Workout",42m,"Face Pull (Cable)",3,17.5,10.0,0,0.0,
2024-11-24 10:59:10,"Morning Workout",42m,"Face Pull (Cable)",4,17.5,10.0,0,0.0,
2024-11-24 10:59:10,"Morning Workout",42m,"Triceps Extension",1,17.5,10.0,0,0.0,
2024-11-24 10:59:10,"Morning Workout",42m,"Triceps Extension",2,17.5,10.0,0,0.0,
2024-11-24 10:59:10,"Morning Workout",42m,"Triceps Extension",3,17.5,10.0,0,0.0,
2024-11-25 18:05:34,"Evening Workout",1h 12m,"Iso-Lateral Row (Machine)",1,45.3,10.0,0,0.0,
2024-11-25 18:05:34,"Evening Workout",1h 12m,"Iso-Lateral Row (Machine)",2,52.2,6.0,0,0.0,
2024-11-25 18:05:34,"Evening Workout",1h 12m,"Iso-Lateral Row (Machine)",3,45.3,8.0,0,0.0,
2024-11-25 18:05:34,"Evening Workout",1h 12m,"Iso-Lateral Row (Machine)",4,45.3,8.0,0,0.0,
2024-11-25 18:05:34,"Evening Workout",1h 12m,"Lat Pulldown (Cable)",1,47.0,8.0,0,0.0,
2024-11-25 18:05:34,"Evening Workout",1h 12m,"Lat Pulldown (Cable)",2,47.0,8.0,0,0.0,
2024-11-25 18:05:34,"Evening Workout",1h 12m,"Lat Pulldown (Cable)",3,47.0,8.0,0,0.0,
2024-11-25 18:05:34,"Evening Workout",1h 12m,"Lat Pulldown (Cable)",4,47.0,8.0,0,0.0,
2024-11-25 18:05:34,"Evening Workout",1h 12m,"Seated Row (Cable)",1,47.0,8.0,0,0.0,
2024-11-25 18:05:34,"Evening Workout",1h 12m,"Seated Row (Cable)",2,47.0,8.0,0,0.0,
2024-11-25 18:05:34,"Evening Workout",1h 12m,"Seated Row (Cable)",3,47.0,8.0,0,0.0,
2024-11-25 18:05:34,"Evening Workout",1h 12m,"Bicep Curl (Dumbbell)",1,8.0,10.0,0,0.0,
2024-11-25 18:05:34,"Evening Workout",1h 12m,"Bicep Curl (Dumbbell)",2,8.0,10.0,0,0.0,
2024-11-25 18:05:34,"Evening Workout",1h 12m,"Bicep Curl (Dumbbell)",3,8.0,10.0,0,0.0,
2024-11-25 18:05:34,"Evening Workout",1h 12m,"Hammer Curl (Dumbbell)",1,8.0,10.0,0,0.0,
2024-11-25 18:05:34,"Evening Workout",1h 12m,"Hammer Curl (Dumbbell)",2,8.0,10.0,0,0.0,
2024-11-25 18:05:34,"Evening Workout",1h 12m,"Hammer Curl (Dumbbell)",3,8.0,10.0,0,0.0,
2024-11-25 18:05:34,"Evening Workout",1h 12m,"Cable Crunch",1,31.25,30.0,0,0.0,
2024-11-25 18:05:34,"Evening Workout",1h 12m,"Cable Crunch",2,31.25,30.0,0,0.0,
2024-11-25 18:05:34,"Evening Workout",1h 12m,"Cable Crunch",3,31.25,40.0,0,0.0,
2024-11-28 17:27:33,"Afternoon Workout",1h 12m,"Chest Press (Machine)",1,47.5,8.0,0,0.0,
2024-11-28 17:27:33,"Afternoon Workout",1h 12m,"Chest Press (Machine)",2,47.5,8.0,0,0.0,
2024-11-28 17:27:33,"Afternoon Workout",1h 12m,"Chest Press (Machine)",3,42.5,10.0,0,0.0,
2024-11-28 17:27:33,"Afternoon Workout",1h 12m,"Chest Press (Machine)",4,42.5,7.0,0,0.0,
2024-11-28 17:27:33,"Afternoon Workout",1h 12m,"Chest Press (Machine)",5,35.0,5.0,0,0.0,
2024-11-28 17:27:33,"Afternoon Workout",1h 12m,"Chest Fly",1,42.5,10.0,0,0.0,
2024-11-28 17:27:33,"Afternoon Workout",1h 12m,"Chest Fly",2,42.5,10.0,0,0.0,
2024-11-28 17:27:33,"Afternoon Workout",1h 12m,"Chest Fly",3,42.5,10.0,0,0.0,
2024-11-28 17:27:33,"Afternoon Workout",1h 12m,"Chest Fly",4,50.0,6.0,0,0.0,
2024-11-28 17:27:33,"Afternoon Workout",1h 12m,"Lateral Raise (Cable)",1,5.0,8.0,0,0.0,
2024-11-28 17:27:33,"Afternoon Workout",1h 12m,"Lateral Raise (Cable)",2,3.75,10.0,0,0.0,
2024-11-28 17:27:33,"Afternoon Workout",1h 12m,"Lateral Raise (Cable)",3,3.75,10.0,0,0.0,
2024-11-28 17:27:33,"Afternoon Workout",1h 12m,"Lateral Raise (Cable)",4,3.75,10.0,0,0.0,
2024-11-28 17:27:33,"Afternoon Workout",1h 12m,"Front Raise (Cable)",1,10.0,10.0,0,0.0,
2024-11-28 17:27:33,"Afternoon Workout",1h 12m,"Front Raise (Cable)",2,10.0,8.0,0,0.0,
2024-11-28 17:27:33,"Afternoon Workout",1h 12m,"Front Raise (Cable)",3,10.0,8.0,0,0.0,
2024-11-28 17:27:33,"Afternoon Workout",1h 12m,"Front Raise (Cable)",4,10.0,8.0,0,0.0,
2024-11-28 17:27:33,"Afternoon Workout",1h 12m,"Triceps Dip",1,40.0,8.0,0,0.0,
2024-11-28 17:27:33,"Afternoon Workout",1h 12m,"Triceps Dip",2,33.0,8.0,0,0.0,
2024-11-28 17:27:33,"Afternoon Workout",1h 12m,"Triceps Dip",3,40.0,8.0,0,0.0,
2024-11-28 17:27:33,"Afternoon Workout",1h 12m,"Cable Crunch",1,31.25,30.0,0,0.0,
2024-11-28 17:27:33,"Afternoon Workout",1h 12m,"Cable Crunch",2,31.25,30.0,0,0.0,
2024-11-28 17:27:33,"Afternoon Workout",1h 12m,"Cable Crunch",3,31.25,40.0,0,0.0,
2024-11-29 12:05:37,"Midday Workout",43m,"Iso-Lateral Row (Machine)",1,40.8,10.0,0,0.0,
2024-11-29 12:05:37,"Midday Workout",43m,"Iso-Lateral Row (Machine)",2,40.8,10.0,0,0.0,
2024-11-29 12:05:37,"Midday Workout",43m,"Iso-Lateral Row (Machine)",3,45.3,7.0,0,0.0,
2024-11-29 12:05:37,"Midday Workout",43m,"Iso-Lateral Row (Machine)",4,45.3,8.0,0,0.0,
2024-11-29 12:05:37,"Midday Workout",43m,"Lat Pulldown (Cable)",1,47.0,8.0,0,0.0,
2024-11-29 12:05:37,"Midday Workout",43m,"Lat Pulldown (Cable)",2,40.0,10.0,0,0.0,
2024-11-29 12:05:37,"Midday Workout",43m,"Lat Pulldown (Cable)",3,40.0,10.0,0,0.0,
2024-11-29 12:05:37,"Midday Workout",43m,"Lat Pulldown (Cable)",4,40.0,10.0,0,0.0,
2024-11-29 12:05:37,"Midday Workout",43m,"Bicep Curl (Cable)",1,10.0,6.0,0,0.0,
2024-11-29 12:05:37,"Midday Workout",43m,"Bicep Curl (Cable)",2,7.5,10.0,0,0.0,
2024-11-29 12:05:37,"Midday Workout",43m,"Bicep Curl (Cable)",3,7.5,10.0,0,0.0,
2024-11-29 12:05:37,"Midday Workout",43m,"Hammer Curl (Dumbbell)",1,8.0,10.0,0,0.0,
2024-11-29 12:05:37,"Midday Workout",43m,"Hammer Curl (Dumbbell)",2,8.0,10.0,0,0.0,
2024-11-29 12:05:37,"Midday Workout",43m,"Hammer Curl (Dumbbell)",3,8.0,10.0,0,0.0,
2024-11-29 12:05:37,"Midday Workout",43m,"Cable Crunch",1,31.25,30.0,0,0.0,
2024-11-29 12:05:37,"Midday Workout",43m,"Cable Crunch",2,31.25,30.0,0,0.0,
2024-11-29 12:05:37,"Midday Workout",43m,"Cable Crunch",3,31.25,40.0,0,0.0,
2024-11-30 10:59:57,"Morning Workout",38m,"Chest Press (Machine)",1,27.5,10.0,0,0.0,
2024-11-30 10:59:57,"Morning Workout",38m,"Chest Press (Machine)",2,35.0,12.0,0,0.0,
2024-11-30 10:59:57,"Morning Workout",38m,"Chest Press (Machine)",3,35.0,12.0,0,0.0,
2024-11-30 10:59:57,"Morning Workout",38m,"Chest Press (Machine)",4,35.0,8.0,0,0.0,
2024-11-30 10:59:57,"Morning Workout",38m,"Incline Chest Press (Machine)",1,15.8,8.0,0,0.0,
2024-11-30 10:59:57,"Morning Workout",38m,"Incline Chest Press (Machine)",2,15.8,8.0,0,0.0,
2024-11-30 10:59:57,"Morning Workout",38m,"Incline Chest Press (Machine)",3,15.8,8.0,0,0.0,
2024-11-30 10:59:57,"Morning Workout",38m,"Incline Chest Press (Machine)",4,15.8,8.0,0,0.0,
2024-11-30 10:59:57,"Morning Workout",38m,"Arnold Press (Dumbbell)",1,10.0,10.0,0,0.0,
2024-11-30 10:59:57,"Morning Workout",38m,"Arnold Press (Dumbbell)",2,10.0,10.0,0,0.0,
2024-11-30 10:59:57,"Morning Workout",38m,"Arnold Press (Dumbbell)",3,10.0,10.0,0,0.0,
2024-11-30 10:59:57,"Morning Workout",38m,"Arnold Press (Dumbbell)",4,10.0,10.0,0,0.0,
2024-11-30 10:59:57,"Morning Workout",38m,"Triceps Extension",1,17.5,10.0,0,0.0,
2024-11-30 10:59:57,"Morning Workout",38m,"Triceps Extension",2,17.5,10.0,0,0.0,
2024-11-30 10:59:57,"Morning Workout",38m,"Triceps Extension",3,17.5,10.0,0,0.0,
2024-12-02 17:57:38,"Afternoon Workout",50m,"Single Arm Vertical Iso-Lateral Row (Machine)",1,40.8,10.0,0,0.0,
2024-12-02 17:57:38,"Afternoon Workout",50m,"Single Arm Vertical Iso-Lateral Row (Machine)",2,52.3,6.0,0,0.0,
2024-12-02 17:57:38,"Afternoon Workout",50m,"Single Arm Vertical Iso-Lateral Row (Machine)",3,45.3,8.0,0,0.0,
2024-12-02 17:57:38,"Afternoon Workout",50m,"Single Arm Vertical Iso-Lateral Row (Machine)",4,45.3,8.0,0,0.0,
2024-12-02 17:57:38,"Afternoon Workout",50m,"Lat Pulldown (Cable)",1,20.0,8.0,0,0.0,
2024-12-02 17:57:38,"Afternoon Workout",50m,"Lat Pulldown (Cable)",2,23.5,8.0,0,0.0,
2024-12-02 17:57:38,"Afternoon Workout",50m,"Lat Pulldown (Cable)",3,23.5,8.0,0,0.0,
2024-12-02 17:57:38,"Afternoon Workout",50m,"Lat Pulldown (Cable)",4,23.5,8.0,0,0.0,
2024-12-02 17:57:38,"Afternoon Workout",50m,"Bicep Curl (Machine)",1,35.0,10.0,0,0.0,
2024-12-02 17:57:38,"Afternoon Workout",50m,"Bicep Curl (Machine)",2,42.5,8.0,0,0.0,
2024-12-02 17:57:38,"Afternoon Workout",50m,"Bicep Curl (Machine)",3,42.5,8.0,0,0.0,
2024-12-02 17:57:38,"Afternoon Workout",50m,"Hammer Curl (Dumbbell)",1,9.0,10.0,0,0.0,
2024-12-02 17:57:38,"Afternoon Workout",50m,"Hammer Curl (Dumbbell)",2,9.0,10.0,0,0.0,
2024-12-02 17:57:38,"Afternoon Workout",50m,"Hammer Curl (Dumbbell)",3,9.0,10.0,0,0.0,
2024-12-02 17:57:38,"Afternoon Workout",50m,"Cable Crunch",1,33.75,30.0,0,0.0,
2024-12-02 17:57:38,"Afternoon Workout",50m,"Cable Crunch",2,33.75,30.0,0,0.0,
2024-12-02 17:57:38,"Afternoon Workout",50m,"Cable Crunch",3,33.75,40.0,0,0.0,
2024-12-04 18:37:03,"Evening Workout",51m,"Chest Press (Machine)",1,35.0,10.0,0,0.0,
2024-12-04 18:37:03,"Evening Workout",51m,"Chest Press (Machine)",2,42.5,10.0,0,0.0,
2024-12-04 18:37:03,"Evening Workout",51m,"Chest Press (Machine)",3,50.0,8.0,0,0.0,
2024-12-04 18:37:03,"Evening Workout",51m,"Chest Press (Machine)",4,50.0,7.0,0,0.0,
2024-12-04 18:37:03,"Evening Workout",51m,"Chest Fly",1,42.5,10.0,0,0.0,
2024-12-04 18:37:03,"Evening Workout",51m,"Chest Fly",2,42.5,10.0,0,0.0,
2024-12-04 18:37:03,"Evening Workout",51m,"Chest Fly",3,42.5,10.0,0,0.0,
2024-12-04 18:37:03,"Evening Workout",51m,"Chest Fly",4,50.0,6.0,0,0.0,
2024-12-04 18:37:03,"Evening Workout",51m,"Lateral Raise (Dumbbell)",1,7.0,8.0,0,0.0,
2024-12-04 18:37:03,"Evening Workout",51m,"Lateral Raise (Dumbbell)",2,7.0,8.0,0,0.0,
2024-12-04 18:37:03,"Evening Workout",51m,"Lateral Raise (Dumbbell)",3,7.0,8.0,0,0.0,
2024-12-04 18:37:03,"Evening Workout",51m,"Lateral Raise (Dumbbell)",4,7.0,8.0,0,0.0,
2024-12-04 18:37:03,"Evening Workout",51m,"Arnold Press (Dumbbell)",1,7.0,10.0,0,0.0,
2024-12-04 18:37:03,"Evening Workout",51m,"Arnold Press (Dumbbell)",2,7.0,10.0,0,0.0,
2024-12-04 18:37:03,"Evening Workout",51m,"Arnold Press (Dumbbell)",3,7.0,10.0,0,0.0,
2024-12-04 18:37:03,"Evening Workout",51m,"Arnold Press (Dumbbell)",4,7.0,10.0,0,0.0,
2024-12-04 18:37:03,"Evening Workout",51m,"Triceps Extension",1,17.5,10.0,0,0.0,
2024-12-04 18:37:03,"Evening Workout",51m,"Triceps Extension",2,17.5,10.0,0,0.0,
2024-12-04 18:37:03,"Evening Workout",51m,"Triceps Extension",3,17.5,10.0,0,0.0,
2024-12-04 18:37:03,"Evening Workout",51m,"Cable Crunch",1,31.0,30.0,0,0.0,
2024-12-04 18:37:03,"Evening Workout",51m,"Cable Crunch",2,31.0,30.0,0,0.0,
2024-12-04 18:37:03,"Evening Workout",51m,"Cable Crunch",3,31.0,40.0,0,0.0,
2024-12-05 18:12:40,"Evening Workout",1h 11m,"Iso-Lateral Row (Machine)",W,20.0,12.0,0,0.0,
2024-12-05 18:12:40,"Evening Workout",1h 11m,"Iso-Lateral Row (Machine)",1,40.8,10.0,0,0.0,
2024-12-05 18:12:40,"Evening Workout",1h 11m,"Iso-Lateral Row (Machine)",2,45.3,10.0,0,0.0,
2024-12-05 18:12:40,"Evening Workout",1h 11m,"Iso-Lateral Row (Machine)",3,45.3,10.0,0,0.0,
2024-12-05 18:12:40,"Evening Workout",1h 11m,"Iso-Lateral Row (Machine)",4,47.5,8.0,0,0.0,
2024-12-05 18:12:40,"Evening Workout",1h 11m,"Pull Up (Assisted)",1,40.0,10.0,0,0.0,
2024-12-05 18:12:40,"Evening Workout",1h 11m,"Pull Up (Assisted)",2,33.0,8.0,0,0.0,
2024-12-05 18:12:40,"Evening Workout",1h 11m,"Pull Up (Assisted)",3,26.0,6.0,0,0.0,
2024-12-05 18:12:40,"Evening Workout",1h 11m,"Pull Up (Assisted)",4,33.0,8.0,0,0.0,
2024-12-05 18:12:40,"Evening Workout",1h 11m,"Seated Row (Cable)",1,40.0,10.0,0,0.0,
2024-12-05 18:12:40,"Evening Workout",1h 11m,"Seated Row (Cable)",2,47.0,10.0,0,0.0,
2024-12-05 18:12:40,"Evening Workout",1h 11m,"Seated Row (Cable)",3,47.0,10.0,0,0.0,
2024-12-05 18:12:40,"Evening Workout",1h 11m,"Seated Row (Cable)",4,47.0,10.0,0,0.0,
2024-12-05 18:12:40,"Evening Workout",1h 11m,"Bicep Curl (Dumbbell)",1,9.0,8.0,0,0.0,
2024-12-05 18:12:40,"Evening Workout",1h 11m,"Bicep Curl (Dumbbell)",2,9.0,9.0,0,0.0,
2024-12-05 18:12:40,"Evening Workout",1h 11m,"Bicep Curl (Dumbbell)",3,9.0,8.0,0,0.0,
2024-12-05 18:12:40,"Evening Workout",1h 11m,"Hammer Curl (Dumbbell)",1,9.0,12.0,0,0.0,
2024-12-05 18:12:40,"Evening Workout",1h 11m,"Hammer Curl (Dumbbell)",2,9.0,12.0,0,0.0,
2024-12-05 18:12:40,"Evening Workout",1h 11m,"Hammer Curl (Dumbbell)",3,9.0,12.0,0,0.0,
2024-12-05 18:12:40,"Evening Workout",1h 11m,"Cable Crunch",1,35.0,30.0,0,0.0,
2024-12-05 18:12:40,"Evening Workout",1h 11m,"Cable Crunch",2,35.0,30.0,0,0.0,
2024-12-05 18:12:40,"Evening Workout",1h 11m,"Cable Crunch",3,35.0,40.0,0,0.0,
2024-12-08 10:03:39,"Morning Workout",47m,"Bench Press (Barbell)",1,20.0,10.0,0,0.0,
2024-12-08 10:03:39,"Morning Workout",47m,"Bench Press (Barbell)",2,51.5,5.0,0,0.0,
2024-12-08 10:03:39,"Morning Workout",47m,"Bench Press (Barbell)",3,51.5,6.0,0,0.0,
2024-12-08 10:03:39,"Morning Workout",47m,"Bench Press (Barbell)",4,56.1,5.0,0,0.0,
2024-12-08 10:03:39,"Morning Workout",47m,"Bench Press (Barbell)",5,56.1,5.0,0,0.0,
2024-12-08 10:03:39,"Morning Workout",47m,"Incline Bench Press (Barbell)",1,29.6,8.0,0,0.0,
2024-12-08 10:03:39,"Morning Workout",47m,"Incline Bench Press (Barbell)",2,29.6,10.0,0,0.0,
2024-12-08 10:03:39,"Morning Workout",47m,"Incline Bench Press (Barbell)",3,34.5,8.0,0,0.0,
2024-12-08 10:03:39,"Morning Workout",47m,"Incline Bench Press (Barbell)",4,34.5,8.0,0,0.0,
2024-12-08 10:03:39,"Morning Workout",47m,"Lateral Raise (Dumbbell)",1,7.0,8.0,0,0.0,
2024-12-08 10:03:39,"Morning Workout",47m,"Lateral Raise (Dumbbell)",2,7.0,8.0,0,0.0,
2024-12-08 10:03:39,"Morning Workout",47m,"Lateral Raise (Dumbbell)",3,7.0,8.0,0,0.0,
2024-12-08 10:03:39,"Morning Workout",47m,"Lateral Raise (Dumbbell)",4,7.0,8.0,0,0.0,
2024-12-08 10:03:39,"Morning Workout",47m,"Arnold Press (Dumbbell)",1,7.0,10.0,0,0.0,
2024-12-08 10:03:39,"Morning Workout",47m,"Arnold Press (Dumbbell)",2,7.0,10.0,0,0.0,
2024-12-08 10:03:39,"Morning Workout",47m,"Arnold Press (Dumbbell)",3,7.0,10.0,0,0.0,
2024-12-08 10:03:39,"Morning Workout",47m,"Arnold Press (Dumbbell)",4,7.0,10.0,0,0.0,
2024-12-08 10:03:39,"Morning Workout",47m,"Triceps Extension (Cable)",1,10.0,7.0,0,0.0,
2024-12-08 10:03:39,"Morning Workout",47m,"EZ Bar Outward Tricep Extension",1,15.0,10.0,0,0.0,
2024-12-08 10:03:39,"Morning Workout",47m,"EZ Bar Outward Tricep Extension",2,17.5,10.0,0,0.0,
2024-12-08 10:03:39,"Morning Workout",47m,"EZ Bar Outward Tricep Extension",3,17.5,10.0,0,0.0,
2024-12-09 17:37:21,"Afternoon Workout",48m,"Single Arm Vertical Iso-Lateral Row (Machine)",1,40.8,10.0,0,0.0,
2024-12-09 17:37:21,"Afternoon Workout",48m,"Single Arm Vertical Iso-Lateral Row (Machine)",2,52.3,8.0,0,0.0,
2024-12-09 17:37:21,"Afternoon Workout",48m,"Single Arm Vertical Iso-Lateral Row (Machine)",3,52.3,8.0,0,0.0,
2024-12-09 17:37:21,"Afternoon Workout",48m,"Single Arm Vertical Iso-Lateral Row (Machine)",4,52.3,8.0,0,0.0,
2024-12-09 17:37:21,"Afternoon Workout",48m,"Lat Pulldown (Cable)",1,47.0,8.0,0,0.0,
2024-12-09 17:37:21,"Afternoon Workout",48m,"Lat Pulldown (Cable)",2,47.0,8.0,0,0.0,
2024-12-09 17:37:21,"Afternoon Workout",48m,"Lat Pulldown (Cable)",3,47.0,8.0,0,0.0,
2024-12-09 17:37:21,"Afternoon Workout",48m,"Pull Up (Assisted)",1,40.0,6.0,0,0.0,
2024-12-09 17:37:21,"Afternoon Workout",48m,"Pull Up (Assisted)",2,40.0,6.0,0,0.0,
2024-12-09 17:37:21,"Afternoon Workout",48m,"Pull Up (Assisted)",3,40.0,6.0,0,0.0,
2024-12-09 17:37:21,"Afternoon Workout",48m,"Bicep Curl (Barbell)",1,18.0,10.0,0,0.0,
2024-12-09 17:37:21,"Afternoon Workout",48m,"Bicep Curl (Barbell)",2,18.0,10.0,0,0.0,
2024-12-09 17:37:21,"Afternoon Workout",48m,"Bicep Curl (Barbell)",3,18.0,10.0,0,0.0,
2024-12-09 17:37:21,"Afternoon Workout",48m,"Cable Crunch",1,35.0,30.0,0,0.0,
2024-12-09 17:37:21,"Afternoon Workout",48m,"Cable Crunch",2,35.0,30.0,0,0.0,
2024-12-09 17:37:21,"Afternoon Workout",48m,"Cable Crunch",3,31.5,40.0,0,0.0,
2024-12-09 17:37:21,"Afternoon Workout",48m,"Hammer Curl (Dumbbell)",1,9.0,10.0,0,0.0,
2024-12-09 17:37:21,"Afternoon Workout",48m,"Hammer Curl (Dumbbell)",2,9.0,10.0,0,0.0,
2024-12-09 17:37:21,"Afternoon Workout",48m,"Hammer Curl (Dumbbell)",3,9.0,10.0,0,0.0,
2024-12-11 19:59:16,"Evening Workout",1h 9m,"Chest Press (Machine)",1,35.0,10.0,0,0.0,
2024-12-11 19:59:16,"Evening Workout",1h 9m,"Chest Press (Machine)",2,50.0,8.0,0,0.0,
2024-12-11 19:59:16,"Evening Workout",1h 9m,"Chest Press (Machine)",3,50.0,8.0,0,0.0,
2024-12-11 19:59:16,"Evening Workout",1h 9m,"Chest Press (Machine)",4,50.0,6.0,0,0.0,
2024-12-11 19:59:16,"Evening Workout",1h 9m,"Incline Bench Press (Barbell)",1,29.6,10.0,0,0.0,
2024-12-11 19:59:16,"Evening Workout",1h 9m,"Incline Bench Press (Barbell)",2,34.2,8.0,0,0.0,
2024-12-11 19:59:16,"Evening Workout",1h 9m,"Incline Bench Press (Barbell)",3,34.2,8.0,0,0.0,
2024-12-11 19:59:16,"Evening Workout",1h 9m,"Incline Bench Press (Barbell)",4,34.2,8.0,0,0.0,
2024-12-11 19:59:16,"Evening Workout",1h 9m,"Lateral Raise (Dumbbell)",1,6.0,8.0,0,0.0,
2024-12-11 19:59:16,"Evening Workout",1h 9m,"Lateral Raise (Dumbbell)",2,6.0,8.0,0,0.0,
2024-12-11 19:59:16,"Evening Workout",1h 9m,"Lateral Raise (Dumbbell)",3,6.0,8.0,0,0.0,
2024-12-11 19:59:16,"Evening Workout",1h 9m,"Lateral Raise (Dumbbell)",4,6.0,8.0,0,0.0,
2024-12-11 19:59:16,"Evening Workout",1h 9m,"Arnold Press (Dumbbell)",1,6.0,8.0,0,0.0,
2024-12-11 19:59:16,"Evening Workout",1h 9m,"Arnold Press (Dumbbell)",2,6.0,8.0,0,0.0,
2024-12-11 19:59:16,"Evening Workout",1h 9m,"Arnold Press (Dumbbell)",3,6.0,8.0,0,0.0,
2024-12-11 19:59:16,"Evening Workout",1h 9m,"Arnold Press (Dumbbell)",4,6.0,8.0,0,0.0,
2024-12-11 19:59:16,"Evening Workout",1h 9m,"Face Pull (Cable)",1,17.5,8.0,0,0.0,
2024-12-11 19:59:16,"Evening Workout",1h 9m,"Face Pull (Cable)",2,17.5,8.0,0,0.0,
2024-12-11 19:59:16,"Evening Workout",1h 9m,"Face Pull (Cable)",3,17.5,8.0,0,0.0,
2024-12-11 19:59:16,"Evening Workout",1h 9m,"Face Pull (Cable)",4,17.5,8.0,0,0.0,
2024-12-11 19:59:16,"Evening Workout",1h 9m,"Triceps Dip",1,40.0,10.0,0,0.0,
2024-12-11 19:59:16,"Evening Workout",1h 9m,"Triceps Dip",2,33.0,8.0,0,0.0,
2024-12-11 19:59:16,"Evening Workout",1h 9m,"Triceps Dip",3,33.0,8.0,0,0.0,
2024-12-11 19:59:16,"Evening Workout",1h 9m,"Cable Crunch",1,35.0,30.0,0,0.0,
2024-12-11 19:59:16,"Evening Workout",1h 9m,"Cable Crunch",2,35.0,30.0,0,0.0,
2024-12-11 19:59:16,"Evening Workout",1h 9m,"Cable Crunch",3,35.0,40.0,0,0.0,
2024-12-14 15:12:01,"Afternoon Workout",29m,"Iso-Lateral Row (Machine)",1,40.8,10.0,0,0.0,
2024-12-14 15:12:01,"Afternoon Workout",29m,"Iso-Lateral Row (Machine)",2,45.3,8.0,0,0.0,
2024-12-14 15:12:01,"Afternoon Workout",29m,"Iso-Lateral Row (Machine)",3,45.3,10.0,0,0.0,
2024-12-14 15:12:01,"Afternoon Workout",29m,"Iso-Lateral Row (Machine)",4,45.3,10.0,0,0.0,
2024-12-14 15:12:01,"Afternoon Workout",29m,"Pull Up (Assisted)",1,33.0,8.0,0,0.0,
2024-12-14 15:12:01,"Afternoon Workout",29m,"Pull Up (Assisted)",2,33.0,8.0,0,0.0,
2024-12-14 15:12:01,"Afternoon Workout",29m,"Pull Up (Assisted)",3,33.0,8.0,0,0.0,
2024-12-14 15:12:01,"Afternoon Workout",29m,"Pull Up (Assisted)",4,33.0,8.0,0,0.0,
2024-12-14 15:12:01,"Afternoon Workout",29m,"Bicep Curl (Cable)",1,7.5,10.0,0,0.0,
2024-12-14 15:12:01,"Afternoon Workout",29m,"Bicep Curl (Cable)",2,8.75,8.0,0,0.0,
2024-12-14 15:12:01,"Afternoon Workout",29m,"Bicep Curl (Cable)",3,8.75,10.0,0,0.0,
2024-12-16 18:22:02,"Evening Workout",57m,"Chest Press (Machine)",1,45.0,10.0,0,0.0,
2024-12-16 18:22:02,"Evening Workout",57m,"Chest Press (Machine)",2,45.0,10.0,0,0.0,
2024-12-16 18:22:02,"Evening Workout",57m,"Chest Press (Machine)",3,50.0,8.0,0,0.0,
2024-12-16 18:22:02,"Evening Workout",57m,"Chest Press (Machine)",4,50.0,6.0,0,0.0,
2024-12-16 18:22:02,"Evening Workout",57m,"Chest Press (Machine)",5,42.5,2.0,0,0.0,
2024-12-16 18:22:02,"Evening Workout",57m,"Incline Chest Press (Machine)",1,11.3,10.0,0,0.0,
2024-12-16 18:22:02,"Evening Workout",57m,"Incline Chest Press (Machine)",2,15.8,10.0,0,0.0,
2024-12-16 18:22:02,"Evening Workout",57m,"Incline Chest Press (Machine)",3,11.3,10.0,0,0.0,
2024-12-16 18:22:02,"Evening Workout",57m,"Incline Chest Press (Machine)",4,11.3,8.0,0,0.0,
2024-12-16 18:22:02,"Evening Workout",57m,"Shoulder Press (Machine)",1,20.0,8.0,0,0.0,
2024-12-16 18:22:02,"Evening Workout",57m,"Shoulder Press (Machine)",2,22.5,6.0,0,0.0,
2024-12-16 18:22:02,"Evening Workout",57m,"Shoulder Press (Machine)",3,20.0,8.0,0,0.0,
2024-12-16 18:22:02,"Evening Workout",57m,"Shoulder Press (Machine)",4,20.0,8.0,0,0.0,
2024-12-16 18:22:02,"Evening Workout",57m,"Face Pull (Cable)",1,15.0,10.0,0,0.0,
2024-12-16 18:22:02,"Evening Workout",57m,"Face Pull (Cable)",2,17.5,10.0,0,0.0,
2024-12-16 18:22:02,"Evening Workout",57m,"Face Pull (Cable)",3,17.5,10.0,0,0.0,
2024-12-16 18:22:02,"Evening Workout",57m,"Face Pull (Cable)",4,17.5,10.0,0,0.0,
2024-12-16 18:22:02,"Evening Workout",57m,"Triceps Extension",1,17.5,10.0,0,0.0,
2024-12-16 18:22:02,"Evening Workout",57m,"Triceps Extension",2,17.5,10.0,0,0.0,
2024-12-16 18:22:02,"Evening Workout",57m,"Triceps Extension",3,17.5,10.0,0,0.0,
2024-12-16 18:22:02,"Evening Workout",57m,"Cable Crunch",1,35.0,30.0,0,0.0,
2024-12-16 18:22:02,"Evening Workout",57m,"Cable Crunch",2,35.0,30.0,0,0.0,
2024-12-16 18:22:02,"Evening Workout",57m,"Cable Crunch",3,35.0,40.0,0,0.0,
2024-12-18 18:15:11,"Evening Workout",53m,"Single Arm Vertical Iso-Lateral Row (Machine)",1,40.8,10.0,0,0.0,
2024-12-18 18:15:11,"Evening Workout",53m,"Single Arm Vertical Iso-Lateral Row (Machine)",2,52.3,8.0,0,0.0,
2024-12-18 18:15:11,"Evening Workout",53m,"Single Arm Vertical Iso-Lateral Row (Machine)",3,52.3,8.0,0,0.0,
2024-12-18 18:15:11,"Evening Workout",53m,"Single Arm Vertical Iso-Lateral Row (Machine)",4,52.3,8.0,0,0.0,
2024-12-18 18:15:11,"Evening Workout",53m,"Pull Up (Assisted)",1,33.0,10.0,0,0.0,
2024-12-18 18:15:11,"Evening Workout",53m,"Pull Up (Assisted)",2,33.0,10.0,0,0.0,
2024-12-18 18:15:11,"Evening Workout",53m,"Pull Up (Assisted)",3,33.0,10.0,0,0.0,
2024-12-18 18:15:11,"Evening Workout",53m,"Pull Up (Assisted)",4,33.0,10.0,0,0.0,
2024-12-18 18:15:11,"Evening Workout",53m,"Seated Row (Cable)",1,47.0,8.0,0,0.0,
2024-12-18 18:15:11,"Evening Workout",53m,"Bicep Curl (Cable)",1,9.0,8.0,0,0.0,
2024-12-18 18:15:11,"Evening Workout",53m,"Bicep Curl (Cable)",2,9.0,8.0,0,0.0,
2024-12-18 18:15:11,"Evening Workout",53m,"Bicep Curl (Cable)",3,9.0,8.0,0,0.0,
2024-12-18 18:15:11,"Evening Workout",53m,"Cable Crunch",1,33.75,30.0,0,0.0,
2024-12-18 18:15:11,"Evening Workout",53m,"Cable Crunch",2,33.75,30.0,0,0.0,
2024-12-18 18:15:11,"Evening Workout",53m,"Cable Crunch",3,33.75,40.0,0,0.0,
2024-12-18 18:15:11,"Evening Workout",53m,"Hammer Curl (Dumbbell)",1,8.0,10.0,0,0.0,
2024-12-18 18:15:11,"Evening Workout",53m,"Hammer Curl (Dumbbell)",2,8.0,10.0,0,0.0,
2024-12-18 18:15:11,"Evening Workout",53m,"Hammer Curl (Dumbbell)",3,8.0,10.0,0,0.0,
2024-12-21 11:04:33,"Morning Workout",54m,"Chest Press (Machine)",1,42.5,10.0,0,0.0,
2024-12-21 11:04:33,"Morning Workout",54m,"Chest Press (Machine)",2,50.0,8.0,0,0.0,
2024-12-21 11:04:33,"Morning Workout",54m,"Chest Press (Machine)",3,50.0,8.0,0,0.0,
2024-12-21 11:04:33,"Morning Workout",54m,"Chest Press (Machine)",4,50.0,8.0,0,0.0,
2024-12-21 11:04:33,"Morning Workout",54m,"Chest Fly",1,42.5,10.0,0,0.0,
2024-12-21 11:04:33,"Morning Workout",54m,"Chest Fly",2,50.0,10.0,0,0.0,
2024-12-21 11:04:33,"Morning Workout",54m,"Chest Fly",3,50.0,10.0,0,0.0,
2024-12-21 11:04:33,"Morning Workout",54m,"Chest Fly",4,50.0,8.0,0,0.0,
2024-12-21 11:04:33,"Morning Workout",54m,"Lateral Raise (Dumbbell)",1,6.0,10.0,0,0.0,
2024-12-21 11:04:33,"Morning Workout",54m,"Lateral Raise (Dumbbell)",2,6.0,10.0,0,0.0,
2024-12-21 11:04:33,"Morning Workout",54m,"Lateral Raise (Dumbbell)",3,7.0,10.0,0,0.0,
2024-12-21 11:04:33,"Morning Workout",54m,"Lateral Raise (Dumbbell)",4,7.0,10.0,0,0.0,
2024-12-21 11:04:33,"Morning Workout",54m,"Arnold Press (Dumbbell)",1,6.0,8.0,0,0.0,
2024-12-21 11:04:33,"Morning Workout",54m,"Arnold Press (Dumbbell)",2,6.0,10.0,0,0.0,
2024-12-21 11:04:33,"Morning Workout",54m,"Arnold Press (Dumbbell)",3,7.0,10.0,0,0.0,
2024-12-21 11:04:33,"Morning Workout",54m,"Arnold Press (Dumbbell)",4,7.0,10.0,0,0.0,
2024-12-21 11:04:33,"Morning Workout",54m,"Bench Press - Close Grip (Barbell)",1,20.0,10.0,0,0.0,
2024-12-21 11:04:33,"Morning Workout",54m,"Bench Press - Close Grip (Barbell)",2,24.6,10.0,0,0.0,
2024-12-21 11:04:33,"Morning Workout",54m,"Bench Press - Close Grip (Barbell)",3,29.0,10.0,0,0.0,
2024-12-21 11:04:33,"Morning Workout",54m,"Bench Press - Close Grip (Barbell)",4,38.0,5.0,0,0.0,
2024-12-21 11:04:33,"Morning Workout",54m,"Cable Crunch",1,35.0,30.0,0,0.0,
2024-12-21 11:04:33,"Morning Workout",54m,"Cable Crunch",2,35.0,30.0,0,0.0,
2024-12-21 11:04:33,"Morning Workout",54m,"Cable Crunch",3,35.0,40.0,0,0.0,
2024-12-23 18:22:36,"Evening Workout",1h 10m,"Single Arm Vertical Iso-Lateral Row (Machine)",1,40.8,10.0,0,0.0,
2024-12-23 18:22:36,"Evening Workout",1h 10m,"Single Arm Vertical Iso-Lateral Row (Machine)",2,52.3,8.0,0,0.0,
2024-12-23 18:22:36,"Evening Workout",1h 10m,"Single Arm Vertical Iso-Lateral Row (Machine)",3,52.3,10.0,0,0.0,
2024-12-23 18:22:36,"Evening Workout",1h 10m,"Single Arm Vertical Iso-Lateral Row (Machine)",4,56.9,6.0,0,0.0,
2024-12-23 18:22:36,"Evening Workout",1h 10m,"Lat Pulldown (Cable)",1,20.0,10.0,0,0.0,
2024-12-23 18:22:36,"Evening Workout",1h 10m,"Lat Pulldown (Cable)",2,23.5,10.0,0,0.0,
2024-12-23 18:22:36,"Evening Workout",1h 10m,"Lat Pulldown (Cable)",3,23.5,10.0,0,0.0,
2024-12-23 18:22:36,"Evening Workout",1h 10m,"Lat Pulldown (Cable)",4,28.5,8.0,0,0.0,
2024-12-23 18:22:36,"Evening Workout",1h 10m,"Bicep Curl (Dumbbell)",1,9.0,10.0,0,0.0,
2024-12-23 18:22:36,"Evening Workout",1h 10m,"Bicep Curl (Dumbbell)",2,9.0,10.0,0,0.0,
2024-12-23 18:22:36,"Evening Workout",1h 10m,"Bicep Curl (Dumbbell)",3,9.0,10.0,0,0.0,
2024-12-23 18:22:36,"Evening Workout",1h 10m,"Cable Crunch",1,33.75,30.0,0,0.0,
2024-12-23 18:22:36,"Evening Workout",1h 10m,"Cable Crunch",2,33.75,30.0,0,0.0,
2024-12-23 18:22:36,"Evening Workout",1h 10m,"Cable Crunch",3,33.75,40.0,0,0.0,
2024-12-23 18:22:36,"Evening Workout",1h 10m,"Hammer Curl (Dumbbell)",1,9.0,10.0,0,0.0,
2024-12-23 18:22:36,"Evening Workout",1h 10m,"Hammer Curl (Dumbbell)",2,9.0,10.0,0,0.0,
2024-12-23 18:22:36,"Evening Workout",1h 10m,"Hammer Curl (Dumbbell)",3,9.0,10.0,0,0.0,
2024-12-24 16:03:07,"Afternoon Workout",1h 1m,"Bench Press (Dumbbell)",1,16.0,10.0,0,0.0,
2024-12-24 16:03:07,"Afternoon Workout",1h 1m,"Bench Press (Dumbbell)",2,20.0,8.0,0,0.0,
2024-12-24 16:03:07,"Afternoon Workout",1h 1m,"Bench Press (Dumbbell)",3,20.0,8.0,0,0.0,
2024-12-24 16:03:07,"Afternoon Workout",1h 1m,"Bench Press (Dumbbell)",4,20.0,8.0,0,0.0,
2024-12-24 16:03:07,"Afternoon Workout",1h 1m,"Incline Bench Press (Barbell)",1,20.0,15.0,0,0.0,
2024-12-24 16:03:07,"Afternoon Workout",1h 1m,"Incline Bench Press (Barbell)",2,29.6,10.0,0,0.0,
2024-12-24 16:03:07,"Afternoon Workout",1h 1m,"Incline Bench Press (Barbell)",3,29.6,12.0,0,0.0,
2024-12-24 16:03:07,"Afternoon Workout",1h 1m,"Incline Bench Press (Barbell)",4,29.6,12.0,0,0.0,
2024-12-24 16:03:07,"Afternoon Workout",1h 1m,"Arnold Press (Dumbbell)",1,12.0,8.0,0,0.0,
2024-12-24 16:03:07,"Afternoon Workout",1h 1m,"Arnold Press (Dumbbell)",2,12.0,8.0,0,0.0,
2024-12-24 16:03:07,"Afternoon Workout",1h 1m,"Arnold Press (Dumbbell)",3,12.0,8.0,0,0.0,
2024-12-24 16:03:07,"Afternoon Workout",1h 1m,"Lateral Raise (Cable)",1,5.0,8.0,0,0.0,
2024-12-24 16:03:07,"Afternoon Workout",1h 1m,"Lateral Raise (Cable)",2,5.0,8.0,0,0.0,
2024-12-24 16:03:07,"Afternoon Workout",1h 1m,"Lateral Raise (Cable)",3,5.0,8.0,0,0.0,
2024-12-24 16:03:07,"Afternoon Workout",1h 1m,"Lateral Raise (Cable)",4,5.0,8.0,0,0.0,
2024-12-24 16:03:07,"Afternoon Workout",1h 1m,"Triceps Dip",1,26.0,8.0,0,0.0,
2024-12-24 16:03:07,"Afternoon Workout",1h 1m,"Triceps Dip",2,26.0,8.0,0,0.0,
2024-12-24 16:03:07,"Afternoon Workout",1h 1m,"Triceps Dip",3,26.0,8.0,0,0.0,
2024-12-26 11:38:49,"Morning Workout",44m,"Pull Up",1,0.0,5.0,0,0.0,
2024-12-26 11:38:49,"Morning Workout",44m,"Pull Up",2,0.0,5.0,0,0.0,
2024-12-26 11:38:49,"Morning Workout",44m,"Pull Up",3,0.0,5.0,0,0.0,
2024-12-26 11:38:49,"Morning Workout",44m,"Pull Up",4,0.0,5.0,0,0.0,
2024-12-26 11:38:49,"Morning Workout",44m,"Pulldown (Band)",1,17.5,10.0,0,0.0,
2024-12-26 11:38:49,"Morning Workout",44m,"Pulldown (Band)",2,17.5,10.0,0,0.0,
2024-12-26 11:38:49,"Morning Workout",44m,"Pulldown (Band)",3,17.5,10.0,0,0.0,
2024-12-26 11:38:49,"Morning Workout",44m,"Pulldown (Band)",4,17.5,10.0,0,0.0,
2024-12-26 11:38:49,"Morning Workout",44m,"Bicep Curl (Dumbbell)",1,9.0,10.0,0,0.0,
2024-12-26 11:38:49,"Morning Workout",44m,"Bicep Curl (Dumbbell)",2,9.0,10.0,0,0.0,
2024-12-26 11:38:49,"Morning Workout",44m,"Bicep Curl (Dumbbell)",3,9.0,10.0,0,0.0,
2024-12-26 11:38:49,"Morning Workout",44m,"Cable Crunch",1,35.0,30.0,0,0.0,
2024-12-26 11:38:49,"Morning Workout",44m,"Cable Crunch",2,35.0,30.0,0,0.0,
2024-12-26 11:38:49,"Morning Workout",44m,"Cable Crunch",3,35.0,40.0,0,0.0,
2024-12-26 11:38:49,"Morning Workout",44m,"Hammer Curl (Dumbbell)",1,9.0,10.0,0,0.0,
2024-12-26 11:38:49,"Morning Workout",44m,"Hammer Curl (Dumbbell)",2,9.0,10.0,0,0.0,
2024-12-26 11:38:49,"Morning Workout",44m,"Hammer Curl (Dumbbell)",3,9.0,8.0,0,0.0,
2024-12-28 17:10:15,"Afternoon Workout",30m,"Chest Press (Machine)",1,42.5,10.0,0,0.0,
2024-12-28 17:10:15,"Afternoon Workout",30m,"Chest Press (Machine)",2,50.0,8.0,0,0.0,
2024-12-28 17:10:15,"Afternoon Workout",30m,"Chest Press (Machine)",3,50.0,10.0,0,0.0,
2024-12-28 17:10:15,"Afternoon Workout",30m,"Chest Press (Machine)",4,50.0,8.0,0,0.0,
2024-12-28 17:10:15,"Afternoon Workout",30m,"Chest Fly",1,50.0,10.0,0,0.0,
2024-12-28 17:10:15,"Afternoon Workout",30m,"Chest Fly",2,50.0,10.0,0,0.0,
2024-12-28 17:10:15,"Afternoon Workout",30m,"Chest Fly",3,50.0,10.0,0,0.0,
2024-12-28 17:10:15,"Afternoon Workout",30m,"Lateral Raise (Dumbbell)",1,7.0,10.0,0,0.0,
2024-12-28 17:10:15,"Afternoon Workout",30m,"Lateral Raise (Dumbbell)",2,7.0,10.0,0,0.0,
2024-12-28 17:10:15,"Afternoon Workout",30m,"Lateral Raise (Dumbbell)",3,7.0,10.0,0,0.0,
2024-12-28 17:10:15,"Afternoon Workout",30m,"Arnold Press (Dumbbell)",1,7.0,10.0,0,0.0,
2024-12-28 17:10:15,"Afternoon Workout",30m,"Arnold Press (Dumbbell)",2,7.0,10.0,0,0.0,
2024-12-28 17:10:15,"Afternoon Workout",30m,"Arnold Press (Dumbbell)",3,7.0,10.0,0,0.0,
2024-12-30 11:35:21,"Morning Workout",1h 10m,"Lat Pulldown (Machine)",W,10.0,12.0,0,0.0,
2024-12-30 11:35:21,"Morning Workout",1h 10m,"Lat Pulldown (Machine)",1,20.4,10.0,0,0.0,
2024-12-30 11:35:21,"Morning Workout",1h 10m,"Lat Pulldown (Machine)",2,31.7,8.0,0,0.0,
2024-12-30 11:35:21,"Morning Workout",1h 10m,"Lat Pulldown (Machine)",3,31.7,8.0,0,0.0,
2024-12-30 11:35:21,"Morning Workout",1h 10m,"Lat Pulldown (Machine)",4,31.7,8.0,0,0.0,
2024-12-30 11:35:21,"Morning Workout",1h 10m,"Seated Row (Cable)",1,47.0,8.0,0,0.0,
2024-12-30 11:35:21,"Morning Workout",1h 10m,"Seated Row (Cable)",2,47.0,8.0,0,0.0,
2024-12-30 11:35:21,"Morning Workout",1h 10m,"Seated Row (Cable)",3,47.0,8.0,0,0.0,
2024-12-30 11:35:21,"Morning Workout",1h 10m,"Seated Row (Cable)",4,47.0,8.0,0,0.0,
2024-12-30 11:35:21,"Morning Workout",1h 10m,"Back Extension",1,0,8.0,0,0.0,
2024-12-30 11:35:21,"Morning Workout",1h 10m,"Back Extension",2,0,10.0,0,0.0,
2024-12-30 11:35:21,"Morning Workout",1h 10m,"Back Extension",3,4.5,10.0,0,0.0,
2024-12-30 11:35:21,"Morning Workout",1h 10m,"Bicep Curl (Cable)",1,6.25,10.0,0,0.0,
2024-12-30 11:35:21,"Morning Workout",1h 10m,"Bicep Curl (Cable)",2,6.25,10.0,0,0.0,
2024-12-30 11:35:21,"Morning Workout",1h 10m,"Bicep Curl (Cable)",3,6.25,10.0,0,0.0,
2024-12-30 11:35:21,"Morning Workout",1h 10m,"Cable Crunch",1,35.0,30.0,0,0.0,
2024-12-30 11:35:21,"Morning Workout",1h 10m,"Cable Crunch",2,35.0,30.0,0,0.0,
2024-12-30 11:35:21,"Morning Workout",1h 10m,"Cable Crunch",3,35.0,40.0,0,0.0,
2024-12-30 11:35:21,"Morning Workout",1h 10m,"Hammer Curl (Dumbbell)",1,7.0,10.0,0,0.0,
2024-12-30 11:35:21,"Morning Workout",1h 10m,"Hammer Curl (Dumbbell)",2,7.0,10.0,0,0.0,
2024-12-30 11:35:21,"Morning Workout",1h 10m,"Hammer Curl (Dumbbell)",3,7.0,10.0,0,0.0,
2024-12-31 11:49:23,"Morning Workout",1h 23m,"Bench Press (Barbell)",1,20.0,10.0,0,0.0,
2024-12-31 11:49:23,"Morning Workout",1h 23m,"Bench Press (Barbell)",2,51.5,8.0,0,0.0,
2024-12-31 11:49:23,"Morning Workout",1h 23m,"Bench Press (Barbell)",3,56.1,5.0,0,0.0,
2024-12-31 11:49:23,"Morning Workout",1h 23m,"Bench Press (Barbell)",4,56.1,5.0,0,0.0,
2024-12-31 11:49:23,"Morning Workout",1h 23m,"Bench Press (Barbell)",5,60.6,3.0,0,0.0,
2024-12-31 11:49:23,"Morning Workout",1h 23m,"Incline Bench Press (Barbell)",1,20.0,15.0,0,0.0,
2024-12-31 11:49:23,"Morning Workout",1h 23m,"Incline Bench Press (Barbell)",2,29.6,10.0,0,0.0,
2024-12-31 11:49:23,"Morning Workout",1h 23m,"Incline Bench Press (Barbell)",3,42.6,8.0,0,0.0,
2024-12-31 11:49:23,"Morning Workout",1h 23m,"Incline Bench Press (Barbell)",4,42.6,8.0,0,0.0,
2024-12-31 11:49:23,"Morning Workout",1h 23m,"Lateral Raise (Dumbbell)",1,7.0,8.0,0,0.0,
2024-12-31 11:49:23,"Morning Workout",1h 23m,"Lateral Raise (Dumbbell)",2,7.0,8.0,0,0.0,
2024-12-31 11:49:23,"Morning Workout",1h 23m,"Lateral Raise (Dumbbell)",3,7.0,8.0,0,0.0,
2024-12-31 11:49:23,"Morning Workout",1h 23m,"Arnold Press (Dumbbell)",1,7.0,8.0,0,0.0,
2024-12-31 11:49:23,"Morning Workout",1h 23m,"Arnold Press (Dumbbell)",2,7.0,8.0,0,0.0,
2024-12-31 11:49:23,"Morning Workout",1h 23m,"Arnold Press (Dumbbell)",3,7.0,8.0,0,0.0,
2024-12-31 11:49:23,"Morning Workout",1h 23m,"Face Pull (Cable)",1,12.5,10.0,0,0.0,
2024-12-31 11:49:23,"Morning Workout",1h 23m,"Face Pull (Cable)",2,12.5,10.0,0,0.0,
2024-12-31 11:49:23,"Morning Workout",1h 23m,"Face Pull (Cable)",3,12.5,10.0,0,0.0,
2024-12-31 11:49:23,"Morning Workout",1h 23m,"Ab Wheel",1,0,10.0,0,0.0,
2024-12-31 11:49:23,"Morning Workout",1h 23m,"Ab Wheel",2,0,10.0,0,0.0,
2024-12-31 11:49:23,"Morning Workout",1h 23m,"Ab Wheel",3,0,10.0,0,0.0,
2025-01-05 11:10:06,"Morning Workout",39m,"Single Arm Vertical Iso-Lateral Row (Machine)",1,40.8,10.0,0,0.0,
2025-01-05 11:10:06,"Morning Workout",39m,"Single Arm Vertical Iso-Lateral Row (Machine)",2,52.3,8.0,0,0.0,
2025-01-05 11:10:06,"Morning Workout",39m,"Single Arm Vertical Iso-Lateral Row (Machine)",3,52.3,8.0,0,0.0,
2025-01-05 11:10:06,"Morning Workout",39m,"Single Arm Vertical Iso-Lateral Row (Machine)",4,52.3,8.0,0,0.0,
2025-01-05 11:10:06,"Morning Workout",39m,"Chin Up",1,0.0,6.0,0,0.0,
2025-01-05 11:10:06,"Morning Workout",39m,"Chin Up",2,0.0,5.0,0,0.0,
2025-01-05 11:10:06,"Morning Workout",39m,"Chin Up",3,0.0,5.0,0,0.0,
2025-01-05 11:10:06,"Morning Workout",39m,"Chin Up",4,0.0,4.0,0,0.0,
2025-01-05 11:10:06,"Morning Workout",39m,"Bicep Curl (Cable)",1,8.75,6.0,0,0.0,
2025-01-05 11:10:06,"Morning Workout",39m,"Bicep Curl (Cable)",2,6.25,8.0,0,0.0,
2025-01-05 11:10:06,"Morning Workout",39m,"Bicep Curl (Cable)",3,6.25,8.0,0,0.0,
2025-01-05 11:10:06,"Morning Workout",39m,"Cable Crunch",1,35.0,30.0,0,0.0,
2025-01-05 11:10:06,"Morning Workout",39m,"Cable Crunch",2,35.0,30.0,0,0.0,
2025-01-05 11:10:06,"Morning Workout",39m,"Cable Crunch",3,35.0,40.0,0,0.0,
2025-01-05 11:10:06,"Morning Workout",39m,"Hammer Curl (Dumbbell)",1,7.0,10.0,0,0.0,
2025-01-05 11:10:06,"Morning Workout",39m,"Hammer Curl (Dumbbell)",2,7.0,10.0,0,0.0,
2025-01-05 11:10:06,"Morning Workout",39m,"Hammer Curl (Dumbbell)",3,7.0,10.0,0,0.0,
2025-01-06 18:36:49,"Evening Workout",1h 17m,"Bench Press (Barbell)",1,20.0,10.0,0,0.0,
2025-01-06 18:36:49,"Evening Workout",1h 17m,"Bench Press (Barbell)",2,51.5,10.0,0,0.0,
2025-01-06 18:36:49,"Evening Workout",1h 17m,"Bench Press (Barbell)",3,56.1,8.0,0,0.0,
2025-01-06 18:36:49,"Evening Workout",1h 17m,"Bench Press (Barbell)",4,56.1,5.0,0,0.0,
2025-01-06 18:36:49,"Evening Workout",1h 17m,"Bench Press (Barbell)",5,56.1,5.0,0,0.0,
2025-01-06 18:36:49,"Evening Workout",1h 17m,"Incline Bench Press (Barbell)",1,34.2,8.0,0,0.0,
2025-01-06 18:36:49,"Evening Workout",1h 17m,"Incline Bench Press (Barbell)",2,34.2,8.0,0,0.0,
2025-01-06 18:36:49,"Evening Workout",1h 17m,"Incline Bench Press (Barbell)",3,34.2,8.0,0,0.0,
2025-01-06 18:36:49,"Evening Workout",1h 17m,"Incline Bench Press (Barbell)",4,34.2,8.0,0,0.0,
2025-01-06 18:36:49,"Evening Workout",1h 17m,"Lateral Raise (Dumbbell)",1,7.0,10.0,0,0.0,
2025-01-06 18:36:49,"Evening Workout",1h 17m,"Lateral Raise (Dumbbell)",2,7.0,10.0,0,0.0,
2025-01-06 18:36:49,"Evening Workout",1h 17m,"Lateral Raise (Dumbbell)",3,7.0,10.0,0,0.0,
2025-01-06 18:36:49,"Evening Workout",1h 17m,"Lateral Raise (Dumbbell)",4,7.0,8.0,0,0.0,
2025-01-06 18:36:49,"Evening Workout",1h 17m,"Arnold Press (Dumbbell)",1,7.0,10.0,0,0.0,
2025-01-06 18:36:49,"Evening Workout",1h 17m,"Arnold Press (Dumbbell)",2,7.0,10.0,0,0.0,
2025-01-06 18:36:49,"Evening Workout",1h 17m,"Arnold Press (Dumbbell)",3,7.0,10.0,0,0.0,
2025-01-06 18:36:49,"Evening Workout",1h 17m,"Arnold Press (Dumbbell)",4,7.0,8.0,0,0.0,
2025-01-06 18:36:49,"Evening Workout",1h 17m,"Triceps Dip",1,26.0,8.0,0,0.0,
2025-01-06 18:36:49,"Evening Workout",1h 17m,"Triceps Dip",2,26.0,8.0,0,0.0,
2025-01-06 18:36:49,"Evening Workout",1h 17m,"Triceps Dip",3,26.0,8.0,0,0.0,
2025-01-06 18:36:49,"Evening Workout",1h 17m,"Cable Crunch",1,35.0,30.0,0,0.0,
2025-01-06 18:36:49,"Evening Workout",1h 17m,"Cable Crunch",2,35.0,30.0,0,0.0,
2025-01-06 18:36:49,"Evening Workout",1h 17m,"Cable Crunch",3,35.0,40.0,0,0.0,
2025-01-09 20:45:30,"Evening Workout",52m,"Single Arm Vertical Iso-Lateral Row (Machine)",1,40.8,10.0,0,0.0,
2025-01-09 20:45:30,"Evening Workout",52m,"Single Arm Vertical Iso-Lateral Row (Machine)",2,52.3,8.0,0,0.0,
2025-01-09 20:45:30,"Evening Workout",52m,"Single Arm Vertical Iso-Lateral Row (Machine)",3,52.3,8.0,0,0.0,
2025-01-09 20:45:30,"Evening Workout",52m,"Single Arm Vertical Iso-Lateral Row (Machine)",4,56.8,6.0,0,0.0,
2025-01-09 20:45:30,"Evening Workout",52m,"Lat Pulldown (Cable)",1,40.0,10.0,0,0.0,
2025-01-09 20:45:30,"Evening Workout",52m,"Lat Pulldown (Cable)",2,47.0,8.0,0,0.0,
2025-01-09 20:45:30,"Evening Workout",52m,"Lat Pulldown (Cable)",3,47.0,8.0,0,0.0,
2025-01-09 20:45:30,"Evening Workout",52m,"Lat Pulldown (Cable)",4,47.0,8.0,0,0.0,
2025-01-09 20:45:30,"Evening Workout",52m,"Pulldown (Band)",1,7.5,10.0,0,0.0,
2025-01-09 20:45:30,"Evening Workout",52m,"Pulldown (Band)",2,12.5,10.0,0,0.0,
2025-01-09 20:45:30,"Evening Workout",52m,"Pulldown (Band)",3,10.0,8.0,0,0.0,
2025-01-09 20:45:30,"Evening Workout",52m,"Pulldown (Band)",4,10.0,8.0,0,0.0,
2025-01-09 20:45:30,"Evening Workout",52m,"Cable Crunch",1,35.0,30.0,0,0.0,
2025-01-09 20:45:30,"Evening Workout",52m,"Cable Crunch",2,35.0,30.0,0,0.0,
2025-01-09 20:45:30,"Evening Workout",52m,"Cable Crunch",3,35.0,40.0,0,0.0,
2025-01-09 20:45:30,"Evening Workout",52m,"Bicep Curl (Dumbbell)",1,8.0,10.0,0,0.0,
2025-01-09 20:45:30,"Evening Workout",52m,"Bicep Curl (Dumbbell)",2,8.0,10.0,0,0.0,
2025-01-09 20:45:30,"Evening Workout",52m,"Bicep Curl (Dumbbell)",3,8.0,10.0,0,0.0,
2025-01-10 12:12:41,"Midday Workout",48m,"Chest Press (Machine)",1,42.5,10.0,0,0.0,
2025-01-10 12:12:41,"Midday Workout",48m,"Chest Press (Machine)",2,50.0,8.0,0,0.0,
2025-01-10 12:12:41,"Midday Workout",48m,"Chest Press (Machine)",3,50.0,10.0,0,0.0,
2025-01-10 12:12:41,"Midday Workout",48m,"Chest Press (Machine)",4,50.0,8.0,0,0.0,
2025-01-10 12:12:41,"Midday Workout",48m,"Chest Fly",1,42.5,10.0,0,0.0,
2025-01-10 12:12:41,"Midday Workout",48m,"Chest Fly",2,50.0,8.0,0,0.0,
2025-01-10 12:12:41,"Midday Workout",48m,"Chest Fly",3,50.0,8.0,0,0.0,
2025-01-10 12:12:41,"Midday Workout",48m,"Chest Fly",4,50.0,10.0,0,0.0,
2025-01-10 12:12:41,"Midday Workout",48m,"Lateral Raise (Dumbbell)",1,7.0,10.0,0,0.0,
2025-01-10 12:12:41,"Midday Workout",48m,"Lateral Raise (Dumbbell)",2,7.0,10.0,0,0.0,
2025-01-10 12:12:41,"Midday Workout",48m,"Lateral Raise (Dumbbell)",3,7.0,10.0,0,0.0,
2025-01-10 12:12:41,"Midday Workout",48m,"Lateral Raise (Dumbbell)",4,7.0,10.0,0,0.0,
2025-01-10 12:12:41,"Midday Workout",48m,"Arnold Press (Dumbbell)",1,7.0,10.0,0,0.0,
2025-01-10 12:12:41,"Midday Workout",48m,"Arnold Press (Dumbbell)",2,7.0,10.0,0,0.0,
2025-01-10 12:12:41,"Midday Workout",48m,"Arnold Press (Dumbbell)",3,7.0,10.0,0,0.0,
2025-01-10 12:12:41,"Midday Workout",48m,"Arnold Press (Dumbbell)",4,7.0,10.0,0,0.0,
2025-01-10 12:12:41,"Midday Workout",48m,"Triceps Extension",1,17.5,15.0,0,0.0,
2025-01-10 12:12:41,"Midday Workout",48m,"Triceps Extension",2,17.5,15.0,0,0.0,
2025-01-10 12:12:41,"Midday Workout",48m,"Triceps Extension",3,17.5,10.0,0,0.0,
2025-01-10 12:12:41,"Midday Workout",48m,"Cable Crunch",1,35.0,30.0,0,0.0,
2025-01-10 12:12:41,"Midday Workout",48m,"Cable Crunch",2,35.0,30.0,0,0.0,
2025-01-10 12:12:41,"Midday Workout",48m,"Cable Crunch",3,31.5,40.0,0,0.0,
2025-01-12 11:41:23,"Morning Workout",54m,"Seated Row (Cable)",1,40.0,10.0,0,0.0,
2025-01-12 11:41:23,"Morning Workout",54m,"Seated Row (Cable)",2,47.0,10.0,0,0.0,
2025-01-12 11:41:23,"Morning Workout",54m,"Seated Row (Cable)",3,47.0,10.0,0,0.0,
2025-01-12 11:41:23,"Morning Workout",54m,"Seated Row (Cable)",4,57.0,6.0,0,0.0,
2025-01-12 11:41:23,"Morning Workout",54m,"Chin Up",1,0.0,5.0,0,0.0,
2025-01-12 11:41:23,"Morning Workout",54m,"Chin Up",2,0.0,5.0,0,0.0,
2025-01-12 11:41:23,"Morning Workout",54m,"Chin Up",3,0.0,5.0,0,0.0,
2025-01-12 11:41:23,"Morning Workout",54m,"Chin Up",4,0,5.0,0,0.0,
2025-01-12 11:41:23,"Morning Workout",54m,"Bicep Curl (Cable)",1,8.75,10.0,0,0.0,
2025-01-12 11:41:23,"Morning Workout",54m,"Bicep Curl (Cable)",2,8.75,8.0,0,0.0,
2025-01-12 11:41:23,"Morning Workout",54m,"Bicep Curl (Cable)",3,8.75,8.0,0,0.0,
2025-01-12 11:41:23,"Morning Workout",54m,"Bicep Curl (Cable)",4,8.75,8.0,0,0.0,
2025-01-12 11:41:23,"Morning Workout",54m,"Back Extension",1,7.0,10.0,0,0.0,
2025-01-12 11:41:23,"Morning Workout",54m,"Back Extension",2,7.0,10.0,0,0.0,
2025-01-12 11:41:23,"Morning Workout",54m,"Back Extension",3,7.0,10.0,0,0.0,
2025-01-12 11:41:23,"Morning Workout",54m,"Hammer Curl (Dumbbell)",1,7.0,10.0,0,0.0,
2025-01-12 11:41:23,"Morning Workout",54m,"Hammer Curl (Dumbbell)",2,7.0,10.0,0,0.0,
2025-01-12 11:41:23,"Morning Workout",54m,"Hammer Curl (Dumbbell)",3,7.0,10.0,0,0.0,
2025-01-13 17:04:20,"Afternoon Workout",283h 37m,"Chest Press (Machine)",1,42.5,10.0,0,0.0,
2025-01-13 17:04:20,"Afternoon Workout",283h 37m,"Chest Press (Machine)",2,50.0,10.0,0,0.0,
2025-01-13 17:04:20,"Afternoon Workout",283h 37m,"Chest Press (Machine)",3,50.0,10.0,0,0.0,
2025-01-13 17:04:20,"Afternoon Workout",283h 37m,"Chest Press (Machine)",4,50.0,10.0,0,0.0,
2025-01-13 17:04:20,"Afternoon Workout",283h 37m,"Incline Chest Press (Machine)",1,15.8,10.0,0,0.0,
2025-01-13 17:04:20,"Afternoon Workout",283h 37m,"Incline Chest Press (Machine)",2,15.8,10.0,0,0.0,
2025-01-13 17:04:20,"Afternoon Workout",283h 37m,"Incline Chest Press (Machine)",3,15.8,10.0,0,0.0,
2025-01-13 17:04:20,"Afternoon Workout",283h 37m,"Incline Chest Press (Machine)",4,15.8,10.0,0,0.0,
2025-01-13 17:04:20,"Afternoon Workout",283h 37m,"Lateral Raise (Dumbbell)",1,7.0,10.0,0,0.0,
2025-01-13 17:04:20,"Afternoon Workout",283h 37m,"Lateral Raise (Dumbbell)",2,7.0,10.0,0,0.0,
2025-01-13 17:04:20,"Afternoon Workout",283h 37m,"Lateral Raise (Dumbbell)",3,7.0,10.0,0,0.0,
2025-01-13 17:04:20,"Afternoon Workout",283h 37m,"Lateral Raise (Dumbbell)",4,7.0,10.0,0,0.0,
2025-01-13 17:04:20,"Afternoon Workout",283h 37m,"Bench Press - Close Grip (Barbell)",1,29.0,10.0,0,0.0,
2025-01-13 17:04:20,"Afternoon Workout",283h 37m,"Bench Press - Close Grip (Barbell)",2,29.0,10.0,0,0.0,
2025-01-13 17:04:20,"Afternoon Workout",283h 37m,"Bench Press - Close Grip (Barbell)",3,29.0,10.0,0,0.0,
2025-01-13 17:04:20,"Afternoon Workout",283h 37m,"Bench Press - Close Grip (Barbell)",4,29.0,5.0,0,0.0,
2025-01-13 17:04:20,"Afternoon Workout",283h 37m,"Cable Crunch",1,33.75,30.0,0,0.0,
2025-01-13 17:04:20,"Afternoon Workout",283h 37m,"Cable Crunch",2,31.5,30.0,0,0.0,
2025-01-13 17:04:20,"Afternoon Workout",283h 37m,"Cable Crunch",3,31.5,40.0,0,0.0,
2025-01-15 17:46:53,"Afternoon Workout",46m,"Iso-Lateral Row (Machine)",1,40.8,10.0,0,0.0,
2025-01-15 17:46:53,"Afternoon Workout",46m,"Iso-Lateral Row (Machine)",2,45.3,18.0,0,0.0,
2025-01-15 17:46:53,"Afternoon Workout",46m,"Iso-Lateral Row (Machine)",3,53.4,8.0,0,0.0,
2025-01-15 17:46:53,"Afternoon Workout",46m,"Iso-Lateral Row (Machine)",4,53.4,8.0,0,0.0,
2025-01-15 17:46:53,"Afternoon Workout",46m,"Pull Up",1,0.0,5.0,0,0.0,
2025-01-15 17:46:53,"Afternoon Workout",46m,"Pull Up",2,0.0,5.0,0,0.0,
2025-01-15 17:46:53,"Afternoon Workout",46m,"Pull Up",3,0.0,5.0,0,0.0,
2025-01-15 17:46:53,"Afternoon Workout",46m,"Pull Up",4,0.0,5.0,0,0.0,
2025-01-15 17:46:53,"Afternoon Workout",46m,"Face Pull (Cable)",1,13.75,10.0,0,0.0,
2025-01-15 17:46:53,"Afternoon Workout",46m,"Face Pull (Cable)",2,16.25,10.0,0,0.0,
2025-01-15 17:46:53,"Afternoon Workout",46m,"Face Pull (Cable)",3,16.25,10.0,0,0.0,
2025-01-15 17:46:53,"Afternoon Workout",46m,"Face Pull (Cable)",4,16.25,10.0,0,0.0,
2025-01-15 17:46:53,"Afternoon Workout",46m,"Bicep Curl (Dumbbell)",1,8.0,8.0,0,0.0,
2025-01-15 17:46:53,"Afternoon Workout",46m,"Bicep Curl (Dumbbell)",2,8.0,8.0,0,0.0,
2025-01-15 17:46:53,"Afternoon Workout",46m,"Bicep Curl (Dumbbell)",3,8.0,8.0,0,0.0,
2025-01-15 17:46:53,"Afternoon Workout",46m,"Cable Crunch",1,33.75,30.0,0,0.0,
2025-01-15 17:46:53,"Afternoon Workout",46m,"Cable Crunch",2,33.75,30.0,0,0.0,
2025-01-15 17:46:53,"Afternoon Workout",46m,"Cable Crunch",3,33.75,40.0,0,0.0,
2025-01-15 17:46:53,"Afternoon Workout",46m,"Hammer Curl (Dumbbell)",1,8.0,8.0,0,0.0,
2025-01-15 17:46:53,"Afternoon Workout",46m,"Hammer Curl (Dumbbell)",2,8.0,8.0,0,0.0,
2025-01-15 17:46:53,"Afternoon Workout",46m,"Hammer Curl (Dumbbell)",3,8.0,8.0,0,0.0,
2025-01-16 18:28:15,"Evening Workout",1h 5m,"Shoulder Press (Machine)",1,10.0,12.0,0,0.0,
2025-01-16 18:28:15,"Evening Workout",1h 5m,"Shoulder Press (Machine)",2,20.8,10.0,0,0.0,
2025-01-16 18:28:15,"Evening Workout",1h 5m,"Shoulder Press (Machine)",3,32.1,6.0,0,0.0,
2025-01-16 18:28:15,"Evening Workout",1h 5m,"Shoulder Press (Machine)",4,25.3,8.0,0,0.0,
2025-01-16 18:28:15,"Evening Workout",1h 5m,"Bench Press (Barbell)",1,20.0,10.0,0,0.0,
2025-01-16 18:28:15,"Evening Workout",1h 5m,"Bench Press (Barbell)",2,51.5,6.0,0,0.0,
2025-01-16 18:28:15,"Evening Workout",1h 5m,"Bench Press (Barbell)",3,51.5,8.0,0,0.0,
2025-01-16 18:28:15,"Evening Workout",1h 5m,"Bench Press (Barbell)",4,56.1,5.0,0,0.0,
2025-01-16 18:28:15,"Evening Workout",1h 5m,"Incline Bench Press (Barbell)",1,29.0,10.0,0,0.0,
2025-01-16 18:28:15,"Evening Workout",1h 5m,"Incline Bench Press (Barbell)",2,29.0,10.0,0,0.0,
2025-01-16 18:28:15,"Evening Workout",1h 5m,"Incline Bench Press (Barbell)",3,29.0,12.0,0,0.0,
2025-01-16 18:28:15,"Evening Workout",1h 5m,"Incline Bench Press (Barbell)",4,29.0,12.0,0,0.0,
2025-01-16 18:28:15,"Evening Workout",1h 5m,"Lateral Raise (Dumbbell)",1,7.0,8.0,0,0.0,
2025-01-16 18:28:15,"Evening Workout",1h 5m,"Lateral Raise (Dumbbell)",2,7.0,10.0,0,0.0,
2025-01-16 18:28:15,"Evening Workout",1h 5m,"Lateral Raise (Dumbbell)",3,7.0,10.0,0,0.0,
2025-01-16 18:28:15,"Evening Workout",1h 5m,"Lateral Raise (Dumbbell)",4,7.0,10.0,0,0.0,
2025-01-16 18:28:15,"Evening Workout",1h 5m,"One Handed Triceps Pull",1,5.0,8.0,0,0.0,
2025-01-16 18:28:15,"Evening Workout",1h 5m,"One Handed Triceps Pull",2,2.5,10.0,0,0.0,
2025-01-16 18:28:15,"Evening Workout",1h 5m,"One Handed Triceps Pull",3,2.5,10.0,0,0.0,
2025-01-16 18:28:15,"Evening Workout",1h 5m,"One Handed Triceps Pull",4,5.0,8.0,0,0.0,
2025-01-16 18:28:15,"Evening Workout",1h 5m,"Cable Crunch",1,35.0,30.0,0,0.0,
2025-01-16 18:28:15,"Evening Workout",1h 5m,"Cable Crunch",2,35.0,30.0,0,0.0,
2025-01-16 18:28:15,"Evening Workout",1h 5m,"Cable Crunch",3,35.0,40.0,0,0.0,
2025-01-19 11:27:47,"Morning Workout",46m,"Single Arm Vertical Iso-Lateral Row (Machine)",1,40.8,10.0,0,0.0,
2025-01-19 11:27:47,"Morning Workout",46m,"Single Arm Vertical Iso-Lateral Row (Machine)",2,52.3,8.0,0,0.0,
2025-01-19 11:27:47,"Morning Workout",46m,"Single Arm Vertical Iso-Lateral Row (Machine)",3,52.3,8.0,0,0.0,
2025-01-19 11:27:47,"Morning Workout",46m,"Single Arm Vertical Iso-Lateral Row (Machine)",4,52.3,10.0,0,0.0,
2025-01-19 11:27:47,"Morning Workout",46m,"Chin Up",1,0.0,3.0,0,0.0,
2025-01-19 11:27:47,"Morning Workout",46m,"Chin Up",2,0.0,4.0,0,0.0,
2025-01-19 11:27:47,"Morning Workout",46m,"Chin Up",3,0.0,5.0,0,0.0,
2025-01-19 11:27:47,"Morning Workout",46m,"Bicep Curl (Cable)",1,7.5,10.0,0,0.0,
2025-01-19 11:27:47,"Morning Workout",46m,"Bicep Curl (Cable)",2,7.5,10.0,0,0.0,
2025-01-19 11:27:47,"Morning Workout",46m,"Bicep Curl (Cable)",3,7.5,8.0,0,0.0,
2025-01-19 11:27:47,"Morning Workout",46m,"Bicep Curl (Cable)",4,5.0,10.0,0,0.0,
2025-01-19 11:27:47,"Morning Workout",46m,"Hanging Leg Raise",1,0,20.0,0,0.0,
2025-01-19 11:27:47,"Morning Workout",46m,"Hanging Leg Raise",2,0,20.0,0,0.0,
2025-01-19 11:27:47,"Morning Workout",46m,"Hanging Leg Raise",3,0,20.0,0,0.0,
2025-01-20 18:39:06,"Evening Workout",1h 13m,"Bench Press (Smith Machine)",1,40.0,6.0,0,0.0,
2025-01-20 18:39:06,"Evening Workout",1h 13m,"Bench Press (Smith Machine)",2,40.0,6.0,0,0.0,
2025-01-20 18:39:06,"Evening Workout",1h 13m,"Bench Press (Smith Machine)",3,40.0,8.0,0,0.0,
2025-01-20 18:39:06,"Evening Workout",1h 13m,"Bench Press (Smith Machine)",4,40.0,8.0,0,0.0,
2025-01-20 18:39:06,"Evening Workout",1h 13m,"Incline Bench Press (Barbell)",1,29.0,10.0,0,0.0,
2025-01-20 18:39:06,"Evening Workout",1h 13m,"Incline Bench Press (Barbell)",2,42.6,8.0,0,0.0,
2025-01-20 18:39:06,"Evening Workout",1h 13m,"Incline Bench Press (Barbell)",3,42.6,7.0,0,0.0,
2025-01-20 18:39:06,"Evening Workout",1h 13m,"Incline Bench Press (Barbell)",4,42.6,7.0,0,0.0,
2025-01-20 18:39:06,"Evening Workout",1h 13m,"Arnold Press (Dumbbell)",1,12.0,8.0,0,0.0,
2025-01-20 18:39:06,"Evening Workout",1h 13m,"Arnold Press (Dumbbell)",2,12.0,8.0,0,0.0,
2025-01-20 18:39:06,"Evening Workout",1h 13m,"Arnold Press (Dumbbell)",3,12.0,10.0,0,0.0,
2025-01-20 18:39:06,"Evening Workout",1h 13m,"Arnold Press (Dumbbell)",4,14.0,10.0,0,0.0,
2025-01-20 18:39:06,"Evening Workout",1h 13m,"One Handed Triceps Pull",1,5.0,10.0,0,0.0,
2025-01-20 18:39:06,"Evening Workout",1h 13m,"One Handed Triceps Pull",2,5.0,10.0,0,0.0,
2025-01-20 18:39:06,"Evening Workout",1h 13m,"One Handed Triceps Pull",3,5.0,8.0,0,0.0,
2025-01-20 18:39:06,"Evening Workout",1h 13m,"Lateral Raise (Dumbbell)",1,6.0,8.0,0,0.0,
2025-01-20 18:39:06,"Evening Workout",1h 13m,"Lateral Raise (Dumbbell)",2,6.0,8.0,0,0.0,
2025-01-20 18:39:06,"Evening Workout",1h 13m,"Lateral Raise (Dumbbell)",3,6.0,8.0,0,0.0,
2025-01-20 18:39:06,"Evening Workout",1h 13m,"Lateral Raise (Dumbbell)",4,6.0,8.0,0,0.0,
2025-01-20 18:39:06,"Evening Workout",1h 13m,"Cable Crunch",1,35.0,30.0,0,0.0,
2025-01-20 18:39:06,"Evening Workout",1h 13m,"Cable Crunch",2,35.0,30.0,0,0.0,
2025-01-20 18:39:06,"Evening Workout",1h 13m,"Cable Crunch",3,35.0,40.0,0,0.0,
2025-01-22 18:23:37,"Evening Workout",52m,"Single Arm Vertical Iso-Lateral Row (Machine)",1,40.8,10.0,0,0.0,
2025-01-22 18:23:37,"Evening Workout",52m,"Single Arm Vertical Iso-Lateral Row (Machine)",2,52.3,10.0,0,0.0,
2025-01-22 18:23:37,"Evening Workout",52m,"Single Arm Vertical Iso-Lateral Row (Machine)",3,52.3,10.0,0,0.0,
2025-01-22 18:23:37,"Evening Workout",52m,"Single Arm Vertical Iso-Lateral Row (Machine)",4,52.3,8.0,0,0.0,
2025-01-22 18:23:37,"Evening Workout",52m,"Pull Up",1,0.0,5.0,0,0.0,
2025-01-22 18:23:37,"Evening Workout",52m,"Pull Up",2,0.0,5.0,0,0.0,
2025-01-22 18:23:37,"Evening Workout",52m,"Pull Up",3,0.0,3.0,0,0.0,
2025-01-22 18:23:37,"Evening Workout",52m,"Bicep Curl (Cable)",1,8.75,8.0,0,0.0,
2025-01-22 18:23:37,"Evening Workout",52m,"Bicep Curl (Cable)",2,8.75,8.0,0,0.0,
2025-01-22 18:23:37,"Evening Workout",52m,"Bicep Curl (Cable)",3,6.25,8.0,0,0.0,
2025-01-22 18:23:37,"Evening Workout",52m,"Cable Crunch",1,35.0,30.0,0,0.0,
2025-01-22 18:23:37,"Evening Workout",52m,"Cable Crunch",2,35.0,30.0,0,0.0,
2025-01-22 18:23:37,"Evening Workout",52m,"Cable Crunch",3,35.0,40.0,0,0.0,
2025-01-22 18:23:37,"Evening Workout",52m,"Hammer Curl (Dumbbell)",1,7.0,10.0,0,0.0,
2025-01-22 18:23:37,"Evening Workout",52m,"Hammer Curl (Dumbbell)",2,7.0,12.0,0,0.0,
2025-01-22 18:23:37,"Evening Workout",52m,"Hammer Curl (Dumbbell)",3,7.0,12.0,0,0.0,
2025-01-22 18:23:37,"Evening Workout",52m,"Back Extension",1,10.0,10.0,0,0.0,
2025-01-22 18:23:37,"Evening Workout",52m,"Back Extension",2,10.0,10.0,0,0.0,
2025-01-22 18:23:37,"Evening Workout",52m,"Back Extension",3,10.0,10.0,0,0.0,
2025-01-23 18:30:56,"Evening Workout",53m,"Bench Press (Barbell)",W,20.0,15.0,0,0.0,
2025-01-23 18:30:56,"Evening Workout",53m,"Bench Press (Barbell)",1,51.5,8.0,0,0.0,
2025-01-23 18:30:56,"Evening Workout",53m,"Bench Press (Barbell)",2,61.6,5.0,0,0.0,
2025-01-23 18:30:56,"Evening Workout",53m,"Bench Press (Barbell)",3,61.6,5.0,0,0.0,
2025-01-23 18:30:56,"Evening Workout",53m,"Bench Press (Barbell)",4,61.6,6.0,0,0.0,
2025-01-23 18:30:56,"Evening Workout",53m,"Chest Fly",1,50.0,10.0,0,0.0,
2025-01-23 18:30:56,"Evening Workout",53m,"Chest Fly",2,50.0,10.0,0,0.0,
2025-01-23 18:30:56,"Evening Workout",53m,"Chest Fly",3,57.5,8.0,0,0.0,
2025-01-23 18:30:56,"Evening Workout",53m,"Chest Fly",4,57.5,8.0,0,0.0,
2025-01-23 18:30:56,"Evening Workout",53m,"Lateral Raise (Dumbbell)",1,6.0,8.0,0,0.0,
2025-01-23 18:30:56,"Evening Workout",53m,"Lateral Raise (Dumbbell)",2,6.0,8.0,0,0.0,
2025-01-23 18:30:56,"Evening Workout",53m,"Lateral Raise (Dumbbell)",3,6.0,10.0,0,0.0,
2025-01-23 18:30:56,"Evening Workout",53m,"Lateral Raise (Dumbbell)",4,6.0,10.0,0,0.0,
2025-01-23 18:30:56,"Evening Workout",53m,"Arnold Press (Dumbbell)",1,14.0,8.0,0,0.0,
2025-01-23 18:30:56,"Evening Workout",53m,"Arnold Press (Dumbbell)",2,14.0,5.0,0,0.0,
2025-01-23 18:30:56,"Evening Workout",53m,"Arnold Press (Dumbbell)",3,12.0,3.0,0,0.0,
2025-01-23 18:30:56,"Evening Workout",53m,"Arnold Press (Dumbbell)",4,12.0,10.0,0,0.0,
2025-01-23 18:30:56,"Evening Workout",53m,"Arnold Press (Dumbbell)",5,12.0,10.0,0,0.0,
2025-01-23 18:30:56,"Evening Workout",53m,"One Handed Triceps Pull",1,5.0,10.0,0,0.0,
2025-01-23 18:30:56,"Evening Workout",53m,"One Handed Triceps Pull",2,5.0,10.0,0,0.0,
2025-01-23 18:30:56,"Evening Workout",53m,"One Handed Triceps Pull",3,5.0,8.0,0,0.0,
2025-01-23 18:30:56,"Evening Workout",53m,"Hanging Leg Raise",1,0,20.0,0,0.0,
2025-01-23 18:30:56,"Evening Workout",53m,"Hanging Leg Raise",2,0,20.0,0,0.0,
2025-01-25 11:16:38,"Morning Workout",37m,"Iso-Lateral Row (Machine)",1,40.8,10.0,0,0.0,
2025-01-25 11:16:38,"Morning Workout",37m,"Iso-Lateral Row (Machine)",2,40.8,12.0,0,0.0,
2025-01-25 11:16:38,"Morning Workout",37m,"Iso-Lateral Row (Machine)",3,40.8,12.0,0,0.0,
2025-01-25 11:16:38,"Morning Workout",37m,"Iso-Lateral Row (Machine)",4,45.3,10.0,0,0.0,
2025-01-25 11:16:38,"Morning Workout",37m,"Chin Up",1,0.0,5.0,0,0.0,
2025-01-25 11:16:38,"Morning Workout",37m,"Chin Up",2,0.0,5.0,0,0.0,
2025-01-25 11:16:38,"Morning Workout",37m,"Chin Up",3,0.0,5.0,0,0.0,
2025-01-25 11:16:38,"Morning Workout",37m,"Chin Up",4,0.0,5.0,0,0.0,
2025-01-25 11:16:38,"Morning Workout",37m,"Bicep Curl (Cable)",1,6.25,10.0,0,0.0,
2025-01-25 11:16:38,"Morning Workout",37m,"Bicep Curl (Cable)",2,8.75,8.0,0,0.0,
2025-01-25 11:16:38,"Morning Workout",37m,"Bicep Curl (Cable)",3,6.25,8.0,0,0.0,
2025-01-25 11:16:38,"Morning Workout",37m,"Cable Crunch",1,36.25,30.0,0,0.0,
2025-01-25 11:16:38,"Morning Workout",37m,"Cable Crunch",2,36.25,30.0,0,0.0,
2025-01-25 11:16:38,"Morning Workout",37m,"Cable Crunch",3,36.25,40.0,0,0.0,
2025-01-27 11:22:40,"Morning Workout",1h 5m,"Bench Press (Barbell)",1,20.0,15.0,0,0.0,
2025-01-27 11:22:40,"Morning Workout",1h 5m,"Bench Press (Barbell)",2,61.6,5.0,0,0.0,
2025-01-27 11:22:40,"Morning Workout",1h 5m,"Bench Press (Barbell)",3,61.6,5.0,0,0.0,
2025-01-27 11:22:40,"Morning Workout",1h 5m,"Bench Press (Barbell)",4,61.6,5.0,0,0.0,
2025-01-27 11:22:40,"Morning Workout",1h 5m,"Bench Press (Barbell)",5,61.6,5.0,0,0.0,
2025-01-27 11:22:40,"Morning Workout",1h 5m,"Incline Bench Press (Barbell)",1,42.6,8.0,0,0.0,
2025-01-27 11:22:40,"Morning Workout",1h 5m,"Incline Bench Press (Barbell)",2,42.6,8.0,0,0.0,
2025-01-27 11:22:40,"Morning Workout",1h 5m,"Incline Bench Press (Barbell)",3,42.6,8.0,0,0.0,
2025-01-27 11:22:40,"Morning Workout",1h 5m,"Incline Bench Press (Barbell)",4,42.6,6.0,0,0.0,
2025-01-27 11:22:40,"Morning Workout",1h 5m,"Arnold Press (Dumbbell)",1,12.0,8.0,0,0.0,
2025-01-27 11:22:40,"Morning Workout",1h 5m,"Arnold Press (Dumbbell)",2,12.0,10.0,0,0.0,
2025-01-27 11:22:40,"Morning Workout",1h 5m,"Arnold Press (Dumbbell)",3,12.0,10.0,0,0.0,
2025-01-27 11:22:40,"Morning Workout",1h 5m,"Arnold Press (Dumbbell)",4,12.0,10.0,0,0.0,
2025-01-27 11:22:40,"Morning Workout",1h 5m,"One Handed Triceps Pull",1,5.0,8.0,0,0.0,
2025-01-27 11:22:40,"Morning Workout",1h 5m,"One Handed Triceps Pull",2,5.0,8.0,0,0.0,
2025-01-27 11:22:40,"Morning Workout",1h 5m,"One Handed Triceps Pull",3,5.0,8.0,0,0.0,
2025-01-27 11:22:40,"Morning Workout",1h 5m,"Lateral Raise (Cable)",1,5.0,8.0,0,0.0,
2025-01-27 11:22:40,"Morning Workout",1h 5m,"Lateral Raise (Cable)",2,5.0,8.0,0,0.0,
2025-01-27 11:22:40,"Morning Workout",1h 5m,"Lateral Raise (Cable)",3,3.75,10.0,0,0.0,
2025-01-27 11:22:40,"Morning Workout",1h 5m,"Lateral Raise (Cable)",4,3.75,10.0,0,0.0,
2025-01-27 11:22:40,"Morning Workout",1h 5m,"Cable Crunch",1,35.0,30.0,0,0.0,
2025-01-27 11:22:40,"Morning Workout",1h 5m,"Cable Crunch",2,35.0,30.0,0,0.0,
2025-01-27 11:22:40,"Morning Workout",1h 5m,"Cable Crunch",3,35.0,40.0,0,0.0,
2025-01-30 10:57:26,"Morning Workout",59m,"Seated Row (Cable)",1,47.0,10.0,0,0.0,
2025-01-30 10:57:26,"Morning Workout",59m,"Seated Row (Cable)",2,47.0,10.0,0,0.0,
2025-01-30 10:57:26,"Morning Workout",59m,"Seated Row (Cable)",3,47.0,10.0,0,0.0,
2025-01-30 10:57:26,"Morning Workout",59m,"Seated Row (Cable)",4,57.0,8.0,0,0.0,
2025-01-30 10:57:26,"Morning Workout",59m,"Lat Pulldown (Cable)",1,47.0,10.0,0,0.0,
2025-01-30 10:57:26,"Morning Workout",59m,"Lat Pulldown (Cable)",2,47.0,10.0,0,0.0,
2025-01-30 10:57:26,"Morning Workout",59m,"Lat Pulldown (Cable)",3,57.0,8.0,0,0.0,
2025-01-30 10:57:26,"Morning Workout",59m,"Lat Pulldown (Cable)",4,57.0,8.0,0,0.0,
2025-01-30 10:57:26,"Morning Workout",59m,"Bicep Curl (Barbell)",1,22.0,8.0,0,0.0,
2025-01-30 10:57:26,"Morning Workout",59m,"Bicep Curl (Barbell)",2,22.0,8.0,0,0.0,
2025-01-30 10:57:26,"Morning Workout",59m,"Bicep Curl (Barbell)",3,22.0,8.0,0,0.0,
2025-01-30 10:57:26,"Morning Workout",59m,"Cable Crunch",1,35.0,30.0,0,0.0,
2025-01-30 10:57:26,"Morning Workout",59m,"Cable Crunch",2,35.0,30.0,0,0.0,
2025-01-30 10:57:26,"Morning Workout",59m,"Cable Crunch",3,35.0,40.0,0,0.0,
2025-01-30 10:57:26,"Morning Workout",59m,"Hammer Curl (Dumbbell)",1,8.0,10.0,0,0.0,
2025-01-30 10:57:26,"Morning Workout",59m,"Hammer Curl (Dumbbell)",2,8.0,10.0,0,0.0,
2025-01-30 10:57:26,"Morning Workout",59m,"Hammer Curl (Dumbbell)",3,8.0,10.0,0,0.0,
2025-02-03 18:25:16,"Evening Workout",51m,"Single Arm Vertical Iso-Lateral Row (Machine)",1,40.8,10.0,0,0.0,
2025-02-03 18:25:16,"Evening Workout",51m,"Single Arm Vertical Iso-Lateral Row (Machine)",2,52.3,8.0,0,0.0,
2025-02-03 18:25:16,"Evening Workout",51m,"Single Arm Vertical Iso-Lateral Row (Machine)",3,52.3,8.0,0,0.0,
2025-02-03 18:25:16,"Evening Workout",51m,"Single Arm Vertical Iso-Lateral Row (Machine)",4,56.3,8.0,0,0.0,
2025-02-03 18:25:16,"Evening Workout",51m,"Pull Up",1,0.0,4.0,0,0.0,
2025-02-03 18:25:16,"Evening Workout",51m,"Pull Up",2,0.0,5.0,0,0.0,
2025-02-03 18:25:16,"Evening Workout",51m,"Pull Up",3,0.0,5.0,0,0.0,
2025-02-03 18:25:16,"Evening Workout",51m,"Pull Up",4,0.0,4.0,0,0.0,
2025-02-03 18:25:16,"Evening Workout",51m,"Bicep Curl (Cable)",1,5.0,12.0,0,0.0,
2025-02-03 18:25:16,"Evening Workout",51m,"Bicep Curl (Cable)",2,7.5,8.0,0,0.0,
2025-02-03 18:25:16,"Evening Workout",51m,"Bicep Curl (Cable)",3,7.5,8.0,0,0.0,
2025-02-03 18:25:16,"Evening Workout",51m,"Pulldown (Band)",1,17.5,10.0,0,0.0,
2025-02-03 18:25:16,"Evening Workout",51m,"Pulldown (Band)",2,17.5,10.0,0,0.0,
2025-02-03 18:25:16,"Evening Workout",51m,"Pulldown (Band)",3,17.5,10.0,0,0.0,
2025-02-03 18:25:16,"Evening Workout",51m,"Pulldown (Band)",4,17.5,10.0,0,0.0,
2025-02-03 18:25:16,"Evening Workout",51m,"Hammer Curl (Dumbbell)",1,8.0,10.0,0,0.0,
2025-02-03 18:25:16,"Evening Workout",51m,"Hammer Curl (Dumbbell)",2,8.0,10.0,0,0.0,
2025-02-03 18:25:16,"Evening Workout",51m,"Hammer Curl (Dumbbell)",3,8.0,10.0,0,0.0,
2025-02-03 18:25:16,"Evening Workout",51m,"Cable Crunch",1,35.0,30.0,0,0.0,
2025-02-03 18:25:16,"Evening Workout",51m,"Cable Crunch",2,35.0,30.0,0,0.0,
2025-02-03 18:25:16,"Evening Workout",51m,"Cable Crunch",3,35.0,40.0,0,0.0,
2025-02-03 18:25:16,"Evening Workout",51m,"Hanging Leg Raise",1,0,20.0,0,0.0,
2025-02-03 18:25:16,"Evening Workout",51m,"Hanging Leg Raise",2,0,20.0,0,0.0,
2025-02-05 19:23:18,"Evening Workout",1h 6m,"Bench Press (Barbell)",W,38.0,12.0,0,0.0,
2025-02-05 19:23:18,"Evening Workout",1h 6m,"Bench Press (Barbell)",1,61.6,5.0,0,0.0,
2025-02-05 19:23:18,"Evening Workout",1h 6m,"Bench Press (Barbell)",2,61.6,5.0,0,0.0,
2025-02-05 19:23:18,"Evening Workout",1h 6m,"Bench Press (Barbell)",3,61.6,5.0,0,0.0,
2025-02-05 19:23:18,"Evening Workout",1h 6m,"Bench Press (Barbell)",4,61.6,5.0,0,0.0,
2025-02-05 19:23:18,"Evening Workout",1h 6m,"Shoulder Press (Plate Loaded)",1,20.8,8.0,0,0.0,
2025-02-05 19:23:18,"Evening Workout",1h 6m,"Shoulder Press (Plate Loaded)",2,25.3,8.0,0,0.0,
2025-02-05 19:23:18,"Evening Workout",1h 6m,"Shoulder Press (Plate Loaded)",3,25.3,8.0,0,0.0,
2025-02-05 19:23:18,"Evening Workout",1h 6m,"Shoulder Press (Plate Loaded)",4,25.3,8.0,0,0.0,
2025-02-05 19:23:18,"Evening Workout",1h 6m,"Chest Fly",1,50.0,8.0,0,0.0,
2025-02-05 19:23:18,"Evening Workout",1h 6m,"Chest Fly",2,50.0,8.0,0,0.0,
2025-02-05 19:23:18,"Evening Workout",1h 6m,"Chest Fly",3,35.0,10.0,0,0.0,
2025-02-05 19:23:18,"Evening Workout",1h 6m,"Chest Fly",4,35.0,10.0,0,0.0,
2025-02-05 19:23:18,"Evening Workout",1h 6m,"One Handed Triceps Pull",1,5.0,12.0,0,0.0,
2025-02-05 19:23:18,"Evening Workout",1h 6m,"One Handed Triceps Pull",2,5.0,10.0,0,0.0,
2025-02-05 19:23:18,"Evening Workout",1h 6m,"One Handed Triceps Pull",3,5.0,8.0,0,0.0,
2025-02-05 19:23:18,"Evening Workout",1h 6m,"Lateral Raise (Dumbbell)",1,6.0,10.0,0,0.0,
2025-02-05 19:23:18,"Evening Workout",1h 6m,"Lateral Raise (Dumbbell)",2,6.0,10.0,0,0.0,
2025-02-05 19:23:18,"Evening Workout",1h 6m,"Lateral Raise (Dumbbell)",3,6.0,10.0,0,0.0,
2025-02-05 19:23:18,"Evening Workout",1h 6m,"Lateral Raise (Dumbbell)",4,6.0,10.0,0,0.0,
2025-02-05 19:23:18,"Evening Workout",1h 6m,"Knee Raise (Captain's Chair)",1,0,20.0,0,0.0,
2025-02-05 19:23:18,"Evening Workout",1h 6m,"Knee Raise (Captain's Chair)",2,0,20.0,0,0.0,
2025-02-05 19:23:18,"Evening Workout",1h 6m,"Knee Raise (Captain's Chair)",3,0,20.0,0,0.0,
2025-02-06 18:59:18,"Evening Workout",54m,"Iso-Lateral Row (Machine)",1,40.8,10.0,0,0.0,
2025-02-06 18:59:18,"Evening Workout",54m,"Iso-Lateral Row (Machine)",2,52.1,8.0,0,0.0,
2025-02-06 18:59:18,"Evening Workout",54m,"Iso-Lateral Row (Machine)",3,52.1,8.0,0,0.0,
2025-02-06 18:59:18,"Evening Workout",54m,"Iso-Lateral Row (Machine)",4,52.1,8.0,0,0.0,
2025-02-06 18:59:18,"Evening Workout",54m,"Bicep Curl (Cable)",1,7.5,10.0,0,0.0,
2025-02-06 18:59:18,"Evening Workout",54m,"Bicep Curl (Cable)",2,7.5,10.0,0,0.0,
2025-02-06 18:59:18,"Evening Workout",54m,"Bicep Curl (Cable)",3,7.5,8.0,0,0.0,
2025-02-06 18:59:18,"Evening Workout",54m,"Chin Up",1,0.0,5.0,0,0.0,
2025-02-06 18:59:18,"Evening Workout",54m,"Chin Up",2,0.0,4.0,0,0.0,
2025-02-06 18:59:18,"Evening Workout",54m,"Chin Up",3,0.0,4.0,0,0.0,
2025-02-06 18:59:18,"Evening Workout",54m,"Chin Up",4,0.0,5.0,0,0.0,
2025-02-06 18:59:18,"Evening Workout",54m,"Pulldown (Band)",1,17.5,10.0,0,0.0,
2025-02-06 18:59:18,"Evening Workout",54m,"Pulldown (Band)",2,17.5,10.0,0,0.0,
2025-02-06 18:59:18,"Evening Workout",54m,"Pulldown (Band)",3,17.5,10.0,0,0.0,
2025-02-06 18:59:18,"Evening Workout",54m,"Pulldown (Band)",4,17.5,10.0,0,0.0,
2025-02-06 18:59:18,"Evening Workout",54m,"Hammer Curl (Dumbbell)",1,8.0,10.0,0,0.0,
2025-02-06 18:59:18,"Evening Workout",54m,"Hammer Curl (Dumbbell)",2,8.0,10.0,0,0.0,
2025-02-06 18:59:18,"Evening Workout",54m,"Hammer Curl (Dumbbell)",3,8.0,10.0,0,0.0,
2025-02-06 18:59:18,"Evening Workout",54m,"Cable Crunch",1,35.0,30.0,0,0.0,
2025-02-06 18:59:18,"Evening Workout",54m,"Cable Crunch",2,35.0,30.0,0,0.0,
2025-02-06 18:59:18,"Evening Workout",54m,"Cable Crunch",3,35.0,40.0,0,0.0,
2025-02-08 11:13:04,"Morning Workout",1h 8m,"Shoulder Press (Machine)",1,27.5,8.0,0,0.0,
2025-02-08 11:13:04,"Morning Workout",1h 8m,"Shoulder Press (Machine)",2,27.5,10.0,0,0.0,
2025-02-08 11:13:04,"Morning Workout",1h 8m,"Shoulder Press (Machine)",3,27.5,8.0,0,0.0,
2025-02-08 11:13:04,"Morning Workout",1h 8m,"Shoulder Press (Machine)",4,27.5,10.0,0,0.0,
2025-02-08 11:13:04,"Morning Workout",1h 8m,"Bench Press (Barbell)",1,61.6,2.0,0,0.0,
2025-02-08 11:13:04,"Morning Workout",1h 8m,"Bench Press (Barbell)",2,51.6,5.0,0,0.0,
2025-02-08 11:13:04,"Morning Workout",1h 8m,"Bench Press (Barbell)",3,51.6,8.0,0,0.0,
2025-02-08 11:13:04,"Morning Workout",1h 8m,"Bench Press (Barbell)",4,51.6,8.0,0,0.0,
2025-02-08 11:13:04,"Morning Workout",1h 8m,"Bench Press (Barbell)",5,51.6,5.0,0,0.0,
2025-02-08 11:13:04,"Morning Workout",1h 8m,"Chest Fly",1,35.0,10.0,0,0.0,
2025-02-08 11:13:04,"Morning Workout",1h 8m,"Chest Fly",2,42.5,8.0,0,0.0,
2025-02-08 11:13:04,"Morning Workout",1h 8m,"Chest Fly",3,42.5,10.0,0,0.0,
2025-02-08 11:13:04,"Morning Workout",1h 8m,"Chest Fly",4,42.5,10.0,0,0.0,
2025-02-08 11:13:04,"Morning Workout",1h 8m,"Lateral Raise (Dumbbell)",1,6.0,10.0,0,0.0,
2025-02-08 11:13:04,"Morning Workout",1h 8m,"Lateral Raise (Dumbbell)",2,6.0,10.0,0,0.0,
2025-02-08 11:13:04,"Morning Workout",1h 8m,"Lateral Raise (Dumbbell)",3,6.0,10.0,0,0.0,
2025-02-08 11:13:04,"Morning Workout",1h 8m,"Lateral Raise (Dumbbell)",4,6.0,10.0,0,0.0,
2025-02-08 11:13:04,"Morning Workout",1h 8m,"One Handed Triceps Pull",1,5.0,10.0,0,0.0,
2025-02-08 11:13:04,"Morning Workout",1h 8m,"One Handed Triceps Pull",2,5.0,10.0,0,0.0,
2025-02-08 11:13:04,"Morning Workout",1h 8m,"One Handed Triceps Pull",3,6.25,8.0,0,0.0,
2025-02-08 11:13:04,"Morning Workout",1h 8m,"Cable Crunch",1,35.0,30.0,0,0.0,
2025-02-08 11:13:04,"Morning Workout",1h 8m,"Cable Crunch",2,35.0,30.0,0,0.0,
2025-02-08 11:13:04,"Morning Workout",1h 8m,"Cable Crunch",3,35.0,40.0,0,0.0,
2025-02-10 18:47:35,"Evening Workout",1h 6m,"Single Arm Vertical Iso-Lateral Row (Machine)",1,40.8,10.0,0,0.0,
2025-02-10 18:47:35,"Evening Workout",1h 6m,"Single Arm Vertical Iso-Lateral Row (Machine)",2,61.2,6.0,0,0.0,
2025-02-10 18:47:35,"Evening Workout",1h 6m,"Single Arm Vertical Iso-Lateral Row (Machine)",3,52.3,8.0,0,0.0,
2025-02-10 18:47:35,"Evening Workout",1h 6m,"Single Arm Vertical Iso-Lateral Row (Machine)",4,52.3,8.0,0,0.0,
2025-02-10 18:47:35,"Evening Workout",1h 6m,"Single Arm Vertical Iso-Lateral Row (Machine)",5,61.2,5.0,0,0.0,
2025-02-10 18:47:35,"Evening Workout",1h 6m,"Lat Pulldown (Cable)",1,40.0,10.0,0,0.0,
2025-02-10 18:47:35,"Evening Workout",1h 6m,"Lat Pulldown (Cable)",2,57.0,8.0,0,0.0,
2025-02-10 18:47:35,"Evening Workout",1h 6m,"Lat Pulldown (Cable)",3,57.0,8.0,0,0.0,
2025-02-10 18:47:35,"Evening Workout",1h 6m,"Lat Pulldown (Cable)",4,57.0,8.0,0,0.0,
2025-02-10 18:47:35,"Evening Workout",1h 6m,"Lat Pulldown (Cable)",5,47.0,10.0,0,0.0,
2025-02-10 18:47:35,"Evening Workout",1h 6m,"Bicep Curl (Machine)",1,27.5,10.0,0,0.0,
2025-02-10 18:47:35,"Evening Workout",1h 6m,"Bicep Curl (Machine)",2,42.5,6.0,0,0.0,
2025-02-10 18:47:35,"Evening Workout",1h 6m,"Bicep Curl (Machine)",3,35.0,8.0,0,0.0,
2025-02-10 18:47:35,"Evening Workout",1h 6m,"Cable Crunch",1,35.0,30.0,0,0.0,
2025-02-10 18:47:35,"Evening Workout",1h 6m,"Cable Crunch",2,35.0,30.0,0,0.0,
2025-02-10 18:47:35,"Evening Workout",1h 6m,"Cable Crunch",3,35.0,40.0,0,0.0,
2025-02-10 18:47:35,"Evening Workout",1h 6m,"Hammer Curl (Dumbbell)",1,8.0,10.0,0,0.0,
2025-02-10 18:47:35,"Evening Workout",1h 6m,"Hammer Curl (Dumbbell)",2,8.0,10.0,0,0.0,
2025-02-10 18:47:35,"Evening Workout",1h 6m,"Hammer Curl (Dumbbell)",3,8.0,10.0,0,0.0,
2025-02-10 18:47:35,"Evening Workout",1h 6m,"Pulldown (Band)",1,17.5,10.0,0,0.0,
2025-02-10 18:47:35,"Evening Workout",1h 6m,"Pulldown (Band)",2,17.5,10.0,0,0.0,
2025-02-10 18:47:35,"Evening Workout",1h 6m,"Pulldown (Band)",3,21.0,8.0,0,0.0,
2025-02-12 20:34:21,"Evening Workout",40m,"Bench Press (Barbell)",1,40.0,12.0,0,0.0,
2025-02-12 20:34:21,"Evening Workout",40m,"Bench Press (Barbell)",2,61.6,5.0,0,0.0,
2025-02-12 20:34:21,"Evening Workout",40m,"Bench Press (Barbell)",3,61.6,6.0,0,0.0,
2025-02-12 20:34:21,"Evening Workout",40m,"Bench Press (Barbell)",4,61.6,5.0,0,0.0,
2025-02-12 20:34:21,"Evening Workout",40m,"Bench Press (Barbell)",5,61.6,5.0,0,0.0,
2025-02-12 20:34:21,"Evening Workout",40m,"Incline Bench Press (Barbell)",1,42.6,8.0,0,0.0,
2025-02-12 20:34:21,"Evening Workout",40m,"Incline Bench Press (Barbell)",2,42.6,7.0,0,0.0,
2025-02-12 20:34:21,"Evening Workout",40m,"Incline Bench Press (Barbell)",3,42.6,6.0,0,0.0,
2025-02-12 20:34:21,"Evening Workout",40m,"Incline Bench Press (Barbell)",4,42.6,6.0,0,0.0,
2025-02-12 20:34:21,"Evening Workout",40m,"Lateral Raise (Dumbbell)",1,6.0,10.0,0,0.0,
2025-02-12 20:34:21,"Evening Workout",40m,"Lateral Raise (Dumbbell)",2,6.0,10.0,0,0.0,
2025-02-12 20:34:21,"Evening Workout",40m,"Lateral Raise (Dumbbell)",3,6.0,10.0,0,0.0,
2025-02-12 20:34:21,"Evening Workout",40m,"Lateral Raise (Dumbbell)",4,6.0,10.0,0,0.0,
2025-02-12 20:34:21,"Evening Workout",40m,"One Handed Triceps Pull",1,5.0,10.0,0,0.0,
2025-02-12 20:34:21,"Evening Workout",40m,"One Handed Triceps Pull",2,5.0,10.0,0,0.0,
2025-02-12 20:34:21,"Evening Workout",40m,"One Handed Triceps Pull",3,5.0,10.0,0,0.0,
2025-02-12 20:34:21,"Evening Workout",40m,"Knee Raise (Captain's Chair)",1,0,20.0,0,0.0,
2025-02-12 20:34:21,"Evening Workout",40m,"Knee Raise (Captain's Chair)",2,0,20.0,0,0.0,
2025-02-17 18:25:31,"Evening Workout",1h 13m,"Bench Press (Barbell)",1,40.0,8.0,0,0.0,
2025-02-17 18:25:31,"Evening Workout",1h 13m,"Bench Press (Barbell)",2,61.6,5.0,0,0.0,
2025-02-17 18:25:31,"Evening Workout",1h 13m,"Bench Press (Barbell)",3,61.6,5.0,0,0.0,
2025-02-17 18:25:31,"Evening Workout",1h 13m,"Bench Press (Barbell)",4,61.6,5.0,0,0.0,
2025-02-17 18:25:31,"Evening Workout",1h 13m,"Bench Press (Barbell)",5,61.6,5.0,0,0.0,
2025-02-17 18:25:31,"Evening Workout",1h 13m,"Incline Bench Press (Barbell)",1,42.6,8.0,0,0.0,
2025-02-17 18:25:31,"Evening Workout",1h 13m,"Incline Bench Press (Barbell)",2,42.6,8.0,0,0.0,
2025-02-17 18:25:31,"Evening Workout",1h 13m,"Incline Bench Press (Barbell)",3,42.6,8.0,0,0.0,
2025-02-17 18:25:31,"Evening Workout",1h 13m,"Incline Bench Press (Barbell)",4,42.6,8.0,0,0.0,
2025-02-17 18:25:31,"Evening Workout",1h 13m,"Shoulder Press (Plate Loaded)",1,20.8,7.0,0,0.0,
2025-02-17 18:25:31,"Evening Workout",1h 13m,"Shoulder Press (Plate Loaded)",2,20.8,8.0,0,0.0,
2025-02-17 18:25:31,"Evening Workout",1h 13m,"Shoulder Press (Plate Loaded)",3,20.8,8.0,0,0.0,
2025-02-17 18:25:31,"Evening Workout",1h 13m,"Shoulder Press (Plate Loaded)",4,25.3,6.0,0,0.0,
2025-02-17 18:25:31,"Evening Workout",1h 13m,"Lateral Raise (Dumbbell)",1,7.0,8.0,0,0.0,
2025-02-17 18:25:31,"Evening Workout",1h 13m,"Lateral Raise (Dumbbell)",2,7.0,8.0,0,0.0,
2025-02-17 18:25:31,"Evening Workout",1h 13m,"Lateral Raise (Dumbbell)",3,7.0,8.0,0,0.0,
2025-02-17 18:25:31,"Evening Workout",1h 13m,"Lateral Raise (Dumbbell)",4,7.0,8.0,0,0.0,
2025-02-17 18:25:31,"Evening Workout",1h 13m,"One Handed Triceps Pull",1,6.25,10.0,0,0.0,
2025-02-17 18:25:31,"Evening Workout",1h 13m,"One Handed Triceps Pull",2,6.25,10.0,0,0.0,
2025-02-17 18:25:31,"Evening Workout",1h 13m,"One Handed Triceps Pull",3,6.25,8.0,0,0.0,
2025-02-17 18:25:31,"Evening Workout",1h 13m,"Cable Crunch",1,38.5,30.0,0,0.0,
2025-02-17 18:25:31,"Evening Workout",1h 13m,"Cable Crunch",2,38.5,30.0,0,0.0,
2025-02-17 18:25:31,"Evening Workout",1h 13m,"Cable Crunch",3,38.5,40.0,0,0.0,
2025-02-18 18:31:47,"Evening Workout",1h 4m,"Single Arm Vertical Iso-Lateral Row (Machine)",1,40.8,10.0,0,0.0,
2025-02-18 18:31:47,"Evening Workout",1h 4m,"Single Arm Vertical Iso-Lateral Row (Machine)",2,61.2,6.0,0,0.0,
2025-02-18 18:31:47,"Evening Workout",1h 4m,"Single Arm Vertical Iso-Lateral Row (Machine)",3,61.2,6.0,0,0.0,
2025-02-18 18:31:47,"Evening Workout",1h 4m,"Single Arm Vertical Iso-Lateral Row (Machine)",4,61.2,6.0,0,0.0,
2025-02-18 18:31:47,"Evening Workout",1h 4m,"Single Arm Vertical Iso-Lateral Row (Machine)",5,52.3,10.0,0,0.0,
2025-02-18 18:31:47,"Evening Workout",1h 4m,"Chin Up",1,0.0,6.0,0,0.0,
2025-02-18 18:31:47,"Evening Workout",1h 4m,"Chin Up",2,0.0,5.0,0,0.0,
2025-02-18 18:31:47,"Evening Workout",1h 4m,"Chin Up",3,0.0,5.0,0,0.0,
2025-02-18 18:31:47,"Evening Workout",1h 4m,"Chin Up",4,0.0,5.0,0,0.0,
2025-02-18 18:31:47,"Evening Workout",1h 4m,"Bicep Curl (Cable)",1,7.5,8.0,0,0.0,
2025-02-18 18:31:47,"Evening Workout",1h 4m,"Bicep Curl (Cable)",2,7.5,8.0,0,0.0,
2025-02-18 18:31:47,"Evening Workout",1h 4m,"Bicep Curl (Cable)",3,7.5,8.0,0,0.0,
2025-02-18 18:31:47,"Evening Workout",1h 4m,"Cable Crunch",1,38.5,30.0,0,0.0,
2025-02-18 18:31:47,"Evening Workout",1h 4m,"Cable Crunch",2,38.5,30.0,0,0.0,
2025-02-18 18:31:47,"Evening Workout",1h 4m,"Cable Crunch",3,38.5,40.0,0,0.0,
2025-02-18 18:31:47,"Evening Workout",1h 4m,"Farmer Walks",1,20.0,1.0,0,0.0,
2025-02-18 18:31:47,"Evening Workout",1h 4m,"Farmer Walks",2,20.0,1.0,0,0.0,
2025-02-18 18:31:47,"Evening Workout",1h 4m,"Farmer Walks",3,20.0,1.0,0,0.0,
2025-02-20 18:36:50,"Evening Workout",1h 8m,"Bench Press (Barbell)",1,40.0,10.0,0,0.0,
2025-02-20 18:36:50,"Evening Workout",1h 8m,"Bench Press (Barbell)",2,61.6,5.0,0,0.0,
2025-02-20 18:36:50,"Evening Workout",1h 8m,"Bench Press (Barbell)",3,61.6,5.0,0,0.0,
2025-02-20 18:36:50,"Evening Workout",1h 8m,"Bench Press (Barbell)",4,61.6,5.0,0,0.0,
2025-02-20 18:36:50,"Evening Workout",1h 8m,"Bench Press (Barbell)",5,61.6,5.0,0,0.0,
2025-02-20 18:36:50,"Evening Workout",1h 8m,"Incline Bench Press (Barbell)",1,42.6,8.0,0,0.0,
2025-02-20 18:36:50,"Evening Workout",1h 8m,"Incline Bench Press (Barbell)",2,42.6,7.0,0,0.0,
2025-02-20 18:36:50,"Evening Workout",1h 8m,"Incline Bench Press (Barbell)",3,42.6,7.0,0,0.0,
2025-02-20 18:36:50,"Evening Workout",1h 8m,"Incline Bench Press (Barbell)",4,42.6,7.0,0,0.0,
2025-02-20 18:36:50,"Evening Workout",1h 8m,"Squat (Barbell)",W,20.0,10.0,0,0.0,
2025-02-20 18:36:50,"Evening Workout",1h 8m,"Squat (Barbell)",1,42.6,6.0,0,0.0,
2025-02-20 18:36:50,"Evening Workout",1h 8m,"Squat (Barbell)",2,42.6,6.0,0,0.0,
2025-02-20 18:36:50,"Evening Workout",1h 8m,"Squat (Barbell)",3,42.6,8.0,0,0.0,
2025-02-20 18:36:50,"Evening Workout",1h 8m,"Squat (Barbell)",4,42.6,8.0,0,0.0,
2025-02-20 18:36:50,"Evening Workout",1h 8m,"Hip Thrust (Plate Loaded)",1,22.6,10.0,0,0.0,
2025-02-20 18:36:50,"Evening Workout",1h 8m,"Hip Thrust (Plate Loaded)",2,22.6,10.0,0,0.0,
2025-02-20 18:36:50,"Evening Workout",1h 8m,"Hip Thrust (Plate Loaded)",3,22.6,10.0,0,0.0,
2025-02-20 18:36:50,"Evening Workout",1h 8m,"Hip Thrust (Plate Loaded)",4,31.8,10.0,0,0.0,
2025-02-20 18:36:50,"Evening Workout",1h 8m,"Triceps Extension",1,21.0,10.0,0,0.0,
2025-02-20 18:36:50,"Evening Workout",1h 8m,"Triceps Extension",2,17.5,10.0,0,0.0,
2025-02-20 18:36:50,"Evening Workout",1h 8m,"Triceps Extension",3,17.5,10.0,0,0.0,
2025-02-20 18:36:50,"Evening Workout",1h 8m,"Cable Crunch",1,38.5,30.0,0,0.0,
2025-02-20 18:36:50,"Evening Workout",1h 8m,"Cable Crunch",2,38.5,30.0,0,0.0,
2025-02-20 18:36:50,"Evening Workout",1h 8m,"Cable Crunch",3,38.5,40.0,0,0.0,
2025-02-20 18:36:50,"Evening Workout",1h 8m,"Leg Extension (Machine)",1,11.3,8.0,0,0.0,
2025-02-20 18:36:50,"Evening Workout",1h 8m,"Leg Extension (Machine)",2,11.3,8.0,0,0.0,
2025-02-20 18:36:50,"Evening Workout",1h 8m,"Leg Extension (Machine)",3,11.3,8.0,0,0.0,
2025-02-21 19:45:46,"Evening Workout",58m,"Iso-Lateral Row (Machine)",1,40.8,10.0,0,0.0,
2025-02-21 19:45:46,"Evening Workout",58m,"Iso-Lateral Row (Machine)",2,52.1,8.0,0,0.0,
2025-02-21 19:45:46,"Evening Workout",58m,"Iso-Lateral Row (Machine)",3,52.1,8.0,0,0.0,
2025-02-21 19:45:46,"Evening Workout",58m,"Iso-Lateral Row (Machine)",4,60.6,5.0,0,0.0,
2025-02-21 19:45:46,"Evening Workout",58m,"Iso-Lateral Row (Machine)",5,40.8,10.0,0,0.0,
2025-02-21 19:45:46,"Evening Workout",58m,"Lat Pulldown (Cable)",1,40.0,10.0,0,0.0,
2025-02-21 19:45:46,"Evening Workout",58m,"Lat Pulldown (Cable)",2,57.0,8.0,0,0.0,
2025-02-21 19:45:46,"Evening Workout",58m,"Lat Pulldown (Cable)",3,57.0,8.0,0,0.0,
2025-02-21 19:45:46,"Evening Workout",58m,"Lat Pulldown (Cable)",4,57.0,8.0,0,0.0,
2025-02-21 19:45:46,"Evening Workout",58m,"Pull Up",1,0.0,4.0,0,0.0,
2025-02-21 19:45:46,"Evening Workout",58m,"Face Pull (Cable)",1,18.75,10.0,0,0.0,
2025-02-21 19:45:46,"Evening Workout",58m,"Face Pull (Cable)",2,18.75,10.0,0,0.0,
2025-02-21 19:45:46,"Evening Workout",58m,"Face Pull (Cable)",3,18.75,10.0,0,0.0,
2025-02-21 19:45:46,"Evening Workout",58m,"Lateral Raise (Dumbbell)",1,7.0,10.0,0,0.0,
2025-02-21 19:45:46,"Evening Workout",58m,"Lateral Raise (Dumbbell)",2,7.0,10.0,0,0.0,
2025-02-21 19:45:46,"Evening Workout",58m,"Lateral Raise (Dumbbell)",3,7.0,10.0,0,0.0,
2025-02-21 19:45:46,"Evening Workout",58m,"Lateral Raise (Dumbbell)",4,7.0,10.0,0,0.0,
2025-02-21 19:45:46,"Evening Workout",58m,"Bicep Curl (Cable)",1,6.25,10.0,0,0.0,
2025-02-21 19:45:46,"Evening Workout",58m,"Bicep Curl (Cable)",2,8.75,8.0,0,0.0,
2025-02-21 19:45:46,"Evening Workout",58m,"Bicep Curl (Cable)",3,8.75,8.0,0,0.0,
2025-02-21 19:45:46,"Evening Workout",58m,"Cable Crunch",1,38.5,30.0,0,0.0,
2025-02-21 19:45:46,"Evening Workout",58m,"Cable Crunch",2,38.5,30.0,0,0.0,
2025-02-21 19:45:46,"Evening Workout",58m,"Cable Crunch",3,38.5,40.0,0,0.0,
2025-02-24 11:24:20,"Morning Workout",55m,"Bench Press (Barbell)",1,40.0,10.0,0,0.0,
2025-02-24 11:24:20,"Morning Workout",55m,"Bench Press (Barbell)",2,61.6,5.0,0,0.0,
2025-02-24 11:24:20,"Morning Workout",55m,"Bench Press (Barbell)",3,61.6,5.0,0,0.0,
2025-02-24 11:24:20,"Morning Workout",55m,"Bench Press (Barbell)",4,61.6,5.0,0,0.0,
2025-02-24 11:24:20,"Morning Workout",55m,"Bench Press (Barbell)",5,61.6,4.0,0,0.0,
2025-02-24 11:24:20,"Morning Workout",55m,"Chest Fly",1,42.5,10.0,0,0.0,
2025-02-24 11:24:20,"Morning Workout",55m,"Chest Fly",2,50.0,10.0,0,0.0,
2025-02-24 11:24:20,"Morning Workout",55m,"Chest Fly",3,50.0,10.0,0,0.0,
2025-02-24 11:24:20,"Morning Workout",55m,"Chest Fly",4,57.5,8.0,0,0.0,
2025-02-24 11:24:20,"Morning Workout",55m,"Shoulder Press (Machine)",1,27.5,8.0,0,0.0,
2025-02-24 11:24:20,"Morning Workout",55m,"Shoulder Press (Machine)",2,27.5,8.0,0,0.0,
2025-02-24 11:24:20,"Morning Workout",55m,"Shoulder Press (Machine)",3,30.0,8.0,0,0.0,
2025-02-24 11:24:20,"Morning Workout",55m,"Shoulder Press (Machine)",4,30.0,6.0,0,0.0,
2025-02-24 11:24:20,"Morning Workout",55m,"Lateral Raise (Dumbbell)",1,8.0,8.0,0,0.0,
2025-02-24 11:24:20,"Morning Workout",55m,"Lateral Raise (Dumbbell)",2,8.0,8.0,0,0.0,
2025-02-24 11:24:20,"Morning Workout",55m,"Lateral Raise (Dumbbell)",3,8.0,8.0,0,0.0,
2025-02-24 11:24:20,"Morning Workout",55m,"Lateral Raise (Dumbbell)",4,8.0,8.0,0,0.0,
2025-02-24 11:24:20,"Morning Workout",55m,"One Handed Triceps Pull",1,6.25,7.0,0,0.0,
2025-02-24 11:24:20,"Morning Workout",55m,"One Handed Triceps Pull",2,6.25,8.0,0,0.0,
2025-02-24 11:24:20,"Morning Workout",55m,"One Handed Triceps Pull",3,6.25,8.0,0,0.0,
2025-02-24 11:24:20,"Morning Workout",55m,"Cable Crunch",1,38.5,30.0,0,0.0,
2025-02-24 11:24:20,"Morning Workout",55m,"Cable Crunch",2,38.5,30.0,0,0.0,
2025-02-24 11:24:20,"Morning Workout",55m,"Cable Crunch",3,38.5,40.0,0,0.0,
2025-02-27 18:44:07,"Evening Workout",1h 9m,"Single Arm Vertical Iso-Lateral Row (Machine)",1,40.8,10.0,0,0.0,
2025-02-27 18:44:07,"Evening Workout",1h 9m,"Single Arm Vertical Iso-Lateral Row (Machine)",2,61.2,6.0,0,0.0,
2025-02-27 18:44:07,"Evening Workout",1h 9m,"Single Arm Vertical Iso-Lateral Row (Machine)",3,61.2,6.0,0,0.0,
2025-02-27 18:44:07,"Evening Workout",1h 9m,"Single Arm Vertical Iso-Lateral Row (Machine)",4,61.2,6.0,0,0.0,
2025-02-27 18:44:07,"Evening Workout",1h 9m,"Single Arm Vertical Iso-Lateral Row (Machine)",5,61.2,8.0,0,0.0,
2025-02-27 18:44:07,"Evening Workout",1h 9m,"Pull Up",1,0.0,5.0,0,0.0,
2025-02-27 18:44:07,"Evening Workout",1h 9m,"Pull Up",2,0.0,5.0,0,0.0,
2025-02-27 18:44:07,"Evening Workout",1h 9m,"Pull Up",3,0.0,5.0,0,0.0,
2025-02-27 18:44:07,"Evening Workout",1h 9m,"Pull Up",4,0.0,3.0,0,0.0,
2025-02-27 18:44:07,"Evening Workout",1h 9m,"Bicep Curl (Barbell)",1,18.0,10.0,0,0.0,
2025-02-27 18:44:07,"Evening Workout",1h 9m,"Bicep Curl (Barbell)",2,18.0,10.0,0,0.0,
2025-02-27 18:44:07,"Evening Workout",1h 9m,"Bicep Curl (Barbell)",3,22.0,6.0,0,0.0,
2025-02-27 18:44:07,"Evening Workout",1h 9m,"Squat (Barbell)",1,20.0,10.0,0,0.0,
2025-02-27 18:44:07,"Evening Workout",1h 9m,"Squat (Barbell)",2,42.6,8.0,0,0.0,
2025-02-27 18:44:07,"Evening Workout",1h 9m,"Squat (Barbell)",3,42.6,8.0,0,0.0,
2025-02-27 18:44:07,"Evening Workout",1h 9m,"Squat (Barbell)",4,42.6,8.0,0,0.0,
2025-02-27 18:44:07,"Evening Workout",1h 9m,"Squat (Barbell)",5,51.2,6.0,0,0.0,
2025-02-27 18:44:07,"Evening Workout",1h 9m,"Hip Thrust (Plate Loaded)",1,22.6,10.0,0,0.0,
2025-02-27 18:44:07,"Evening Workout",1h 9m,"Hip Thrust (Plate Loaded)",2,31.8,10.0,0,0.0,
2025-02-27 18:44:07,"Evening Workout",1h 9m,"Hip Thrust (Plate Loaded)",3,31.8,10.0,0,0.0,
2025-02-27 18:44:07,"Evening Workout",1h 9m,"Hip Thrust (Plate Loaded)",4,31.8,10.0,0,0.0,
2025-02-27 18:44:07,"Evening Workout",1h 9m,"Leg Extension (Machine)",1,11.3,8.0,0,0.0,
2025-02-27 18:44:07,"Evening Workout",1h 9m,"Leg Extension (Machine)",2,11.3,10.0,0,0.0,
2025-02-27 18:44:07,"Evening Workout",1h 9m,"Leg Extension (Machine)",3,11.3,10.0,0,0.0,
2025-02-27 18:44:07,"Evening Workout",1h 9m,"Cable Crunch",1,38.5,30.0,0,0.0,
2025-02-27 18:44:07,"Evening Workout",1h 9m,"Cable Crunch",2,38.5,30.0,0,0.0,
2025-02-27 18:44:07,"Evening Workout",1h 9m,"Cable Crunch",3,38.5,40.0,0,0.0,
2025-02-28 10:58:45,"Morning Workout",1h 17m,"Bench Press (Barbell)",1,40.0,10.0,0,0.0,
2025-02-28 10:58:45,"Morning Workout",1h 17m,"Bench Press (Barbell)",2,61.6,6.0,0,0.0,
2025-02-28 10:58:45,"Morning Workout",1h 17m,"Bench Press (Barbell)",3,61.6,6.0,0,0.0,
2025-02-28 10:58:45,"Morning Workout",1h 17m,"Bench Press (Barbell)",4,61.6,6.0,0,0.0,
2025-02-28 10:58:45,"Morning Workout",1h 17m,"Bench Press (Barbell)",5,61.6,4.0,0,0.0,
2025-02-28 10:58:45,"Morning Workout",1h 17m,"Incline Bench Press (Barbell)",1,42.6,8.0,0,0.0,
2025-02-28 10:58:45,"Morning Workout",1h 17m,"Incline Bench Press (Barbell)",2,42.6,8.0,0,0.0,
2025-02-28 10:58:45,"Morning Workout",1h 17m,"Incline Bench Press (Barbell)",3,42.6,7.0,0,0.0,
2025-02-28 10:58:45,"Morning Workout",1h 17m,"Incline Bench Press (Barbell)",4,42.6,6.0,0,0.0,
2025-02-28 10:58:45,"Morning Workout",1h 17m,"Shoulder Press (Plate Loaded)",1,20.8,6.0,0,0.0,
2025-02-28 10:58:45,"Morning Workout",1h 17m,"Shoulder Press (Plate Loaded)",2,20.8,8.0,0,0.0,
2025-02-28 10:58:45,"Morning Workout",1h 17m,"Shoulder Press (Plate Loaded)",3,31.2,5.0,0,0.0,
2025-02-28 10:58:45,"Morning Workout",1h 17m,"Shoulder Press (Plate Loaded)",4,20.8,8.0,0,0.0,
2025-02-28 10:58:45,"Morning Workout",1h 17m,"One Handed Triceps Pull",1,6.25,8.0,0,0.0,
2025-02-28 10:58:45,"Morning Workout",1h 17m,"One Handed Triceps Pull",2,6.25,8.0,0,0.0,
2025-02-28 10:58:45,"Morning Workout",1h 17m,"One Handed Triceps Pull",3,6.25,8.0,0,0.0,
2025-02-28 10:58:45,"Morning Workout",1h 17m,"Lateral Raise (Dumbbell)",1,8.0,8.0,0,0.0,
2025-02-28 10:58:45,"Morning Workout",1h 17m,"Lateral Raise (Dumbbell)",2,8.0,8.0,0,0.0,
2025-02-28 10:58:45,"Morning Workout",1h 17m,"Lateral Raise (Dumbbell)",3,8.0,8.0,0,0.0,
2025-02-28 10:58:45,"Morning Workout",1h 17m,"Lateral Raise (Dumbbell)",4,8.0,8.0,0,0.0,
2025-02-28 10:58:45,"Morning Workout",1h 17m,"Cable Crunch",1,38.5,30.0,0,0.0,
2025-02-28 10:58:45,"Morning Workout",1h 17m,"Cable Crunch",2,38.5,30.0,0,0.0,
2025-02-28 10:58:45,"Morning Workout",1h 17m,"Cable Crunch",3,38.5,40.0,0,0.0,
2025-03-02 19:30:28,"Evening Workout",1h 20m,"Iso-Lateral Row (Machine)",1,40.8,12.0,0,0.0,
2025-03-02 19:30:28,"Evening Workout",1h 20m,"Iso-Lateral Row (Machine)",2,60.6,8.0,0,0.0,
2025-03-02 19:30:28,"Evening Workout",1h 20m,"Iso-Lateral Row (Machine)",3,60.6,8.0,0,0.0,
2025-03-02 19:30:28,"Evening Workout",1h 20m,"Iso-Lateral Row (Machine)",4,60.6,8.0,0,0.0,
2025-03-02 19:30:28,"Evening Workout",1h 20m,"Iso-Lateral Row (Machine)",5,52.1,10.0,0,0.0,
2025-03-02 19:30:28,"Evening Workout",1h 20m,"Lat Pulldown (Cable)",1,47.0,10.0,0,0.0,
2025-03-02 19:30:28,"Evening Workout",1h 20m,"Lat Pulldown (Cable)",2,57.0,8.0,0,0.0,
2025-03-02 19:30:28,"Evening Workout",1h 20m,"Lat Pulldown (Cable)",3,57.0,10.0,0,0.0,
2025-03-02 19:30:28,"Evening Workout",1h 20m,"Lat Pulldown (Cable)",4,67.0,3.0,0,0.0,
2025-03-02 19:30:28,"Evening Workout",1h 20m,"Pull Up",1,0.0,4.0,0,0.0,
2025-03-02 19:30:28,"Evening Workout",1h 20m,"Squat (Barbell)",1,20.0,10.0,0,0.0,
2025-03-02 19:30:28,"Evening Workout",1h 20m,"Squat (Barbell)",2,42.6,10.0,0,0.0,
2025-03-02 19:30:28,"Evening Workout",1h 20m,"Squat (Barbell)",3,42.6,10.0,0,0.0,
2025-03-02 19:30:28,"Evening Workout",1h 20m,"Squat (Barbell)",4,51.2,6.0,0,0.0,
2025-03-02 19:30:28,"Evening Workout",1h 20m,"Squat (Barbell)",5,51.2,6.0,0,0.0,
2025-03-02 19:30:28,"Evening Workout",1h 20m,"Hip Thrust (Plate Loaded)",1,22.6,10.0,0,0.0,
2025-03-02 19:30:28,"Evening Workout",1h 20m,"Hip Thrust (Plate Loaded)",2,31.8,10.0,0,0.0,
2025-03-02 19:30:28,"Evening Workout",1h 20m,"Hip Thrust (Plate Loaded)",3,31.8,10.0,0,0.0,
2025-03-02 19:30:28,"Evening Workout",1h 20m,"Hip Thrust (Plate Loaded)",4,31.8,10.0,0,0.0,
2025-03-02 19:30:28,"Evening Workout",1h 20m,"Bicep Curl (Barbell)",1,22.0,10.0,0,0.0,
2025-03-02 19:30:28,"Evening Workout",1h 20m,"Bicep Curl (Barbell)",2,22.0,10.0,0,0.0,
2025-03-02 19:30:28,"Evening Workout",1h 20m,"Bicep Curl (Barbell)",3,22.0,10.0,0,0.0,
2025-03-02 19:30:28,"Evening Workout",1h 20m,"Leg Extension (Machine)",1,11.3,10.0,0,0.0,
2025-03-02 19:30:28,"Evening Workout",1h 20m,"Leg Extension (Machine)",2,11.3,10.0,0,0.0,
2025-03-02 19:30:28,"Evening Workout",1h 20m,"Leg Extension (Machine)",3,11.3,10.0,0,0.0,
2025-03-02 19:30:28,"Evening Workout",1h 20m,"Cable Crunch",1,38.5,30.0,0,0.0,
2025-03-02 19:30:28,"Evening Workout",1h 20m,"Cable Crunch",2,38.5,30.0,0,0.0,
2025-03-02 19:30:28,"Evening Workout",1h 20m,"Cable Crunch",3,38.5,40.0,0,0.0,
2025-03-03 18:52:50,"Evening Workout",50m,"Shoulder Press (Plate Loaded)",1,20.8,10.0,0,0.0,
2025-03-03 18:52:50,"Evening Workout",50m,"Shoulder Press (Plate Loaded)",2,25.4,10.0,0,0.0,
2025-03-03 18:52:50,"Evening Workout",50m,"Shoulder Press (Plate Loaded)",3,31.2,8.0,0,0.0,
2025-03-03 18:52:50,"Evening Workout",50m,"Shoulder Press (Plate Loaded)",4,31.2,8.0,0,0.0,
2025-03-03 18:52:50,"Evening Workout",50m,"Incline Bench Press (Barbell)",1,42.6,6.0,0,0.0,
2025-03-03 18:52:50,"Evening Workout",50m,"Bench Press (Barbell)",1,61.6,5.0,0,0.0,
2025-03-03 18:52:50,"Evening Workout",50m,"Bench Press (Barbell)",2,61.6,5.0,0,0.0,
2025-03-03 18:52:50,"Evening Workout",50m,"Bench Press (Barbell)",3,40.8,10.0,0,0.0,
2025-03-03 18:52:50,"Evening Workout",50m,"Lateral Raise (Dumbbell)",1,8.0,10.0,0,0.0,
2025-03-03 18:52:50,"Evening Workout",50m,"Lateral Raise (Dumbbell)",2,8.0,10.0,0,0.0,
2025-03-03 18:52:50,"Evening Workout",50m,"Lateral Raise (Dumbbell)",3,8.0,10.0,0,0.0,
2025-03-03 18:52:50,"Evening Workout",50m,"One Handed Triceps Pull",1,7.5,8.0,0,0.0,
2025-03-03 18:52:50,"Evening Workout",50m,"One Handed Triceps Pull",2,7.5,10.0,0,0.0,
2025-03-03 18:52:50,"Evening Workout",50m,"One Handed Triceps Pull",3,7.5,8.0,0,0.0,
2025-03-03 18:52:50,"Evening Workout",50m,"Chest Fly",1,50.0,10.0,0,0.0,
2025-03-03 18:52:50,"Evening Workout",50m,"Chest Fly",2,57.5,8.0,0,0.0,
2025-03-03 18:52:50,"Evening Workout",50m,"Chest Fly",3,57.5,8.0,0,0.0,
2025-03-03 18:52:50,"Evening Workout",50m,"Chest Fly",4,50.0,10.0,0,0.0,
2025-03-03 18:52:50,"Evening Workout",50m,"Knee Raise (Captain's Chair)",1,0,20.0,0,0.0,
2025-03-03 18:52:50,"Evening Workout",50m,"Knee Raise (Captain's Chair)",2,0,20.0,0,0.0,
2025-03-03 18:52:50,"Evening Workout",50m,"Knee Raise (Captain's Chair)",3,0,20.0,0,0.0,
2025-03-05 18:53:32,"Evening Workout",55m,"Iso-Lateral Row (Machine)",1,40.8,10.0,0,0.0,
2025-03-05 18:53:32,"Evening Workout",55m,"Iso-Lateral Row (Machine)",2,60.6,8.0,0,0.0,
2025-03-05 18:53:32,"Evening Workout",55m,"Iso-Lateral Row (Machine)",3,60.6,8.0,0,0.0,
2025-03-05 18:53:32,"Evening Workout",55m,"Iso-Lateral Row (Machine)",4,60.6,8.0,0,0.0,
2025-03-05 18:53:32,"Evening Workout",55m,"Iso-Lateral Row (Machine)",5,60.6,6.0,0,0.0,
2025-03-05 18:53:32,"Evening Workout",55m,"Iso-Lateral Row (Machine)",6,40.8,8.0,0,0.0,
2025-03-05 18:53:32,"Evening Workout",55m,"Chin Up",1,0.0,5.0,0,0.0,
2025-03-05 18:53:32,"Evening Workout",55m,"Chin Up",2,0.0,5.0,0,0.0,
2025-03-05 18:53:32,"Evening Workout",55m,"Chin Up",3,0.0,5.0,0,0.0,
2025-03-05 18:53:32,"Evening Workout",55m,"Chin Up",4,0.0,5.0,0,0.0,
2025-03-05 18:53:32,"Evening Workout",55m,"Lateral Raise (Dumbbell)",1,8.0,10.0,0,0.0,
2025-03-05 18:53:32,"Evening Workout",55m,"Lateral Raise (Dumbbell)",2,8.0,10.0,0,0.0,
2025-03-05 18:53:32,"Evening Workout",55m,"Lateral Raise (Dumbbell)",3,8.0,10.0,0,0.0,
2025-03-05 18:53:32,"Evening Workout",55m,"Lateral Raise (Dumbbell)",4,8.0,10.0,0,0.0,
2025-03-05 18:53:32,"Evening Workout",55m,"Shoulder Press (Machine)",1,27.5,10.0,0,0.0,
2025-03-05 18:53:32,"Evening Workout",55m,"Shoulder Press (Machine)",2,35.0,8.0,0,0.0,
2025-03-05 18:53:32,"Evening Workout",55m,"Shoulder Press (Machine)",3,35.0,8.0,0,0.0,
2025-03-05 18:53:32,"Evening Workout",55m,"Shoulder Press (Machine)",4,35.0,8.0,0,0.0,
2025-03-05 18:53:32,"Evening Workout",55m,"Bicep Curl (Barbell)",1,26.0,8.0,0,0.0,
2025-03-05 18:53:32,"Evening Workout",55m,"Bicep Curl (Barbell)",2,26.0,8.0,0,0.0,
2025-03-05 18:53:32,"Evening Workout",55m,"Bicep Curl (Barbell)",3,26.0,8.0,0,0.0,
2025-03-05 18:53:32,"Evening Workout",55m,"Cable Crunch",1,38.5,30.0,0,0.0,
2025-03-05 18:53:32,"Evening Workout",55m,"Cable Crunch",2,38.5,30.0,0,0.0,
2025-03-05 18:53:32,"Evening Workout",55m,"Cable Crunch",3,38.5,40.0,0,0.0,
2025-03-06 17:59:33,"Afternoon Workout",1h 16m,"Bench Press (Barbell)",1,40.8,10.0,0,0.0,
2025-03-06 17:59:33,"Afternoon Workout",1h 16m,"Bench Press (Barbell)",2,61.6,6.0,0,0.0,
2025-03-06 17:59:33,"Afternoon Workout",1h 16m,"Bench Press (Barbell)",3,61.6,6.0,0,0.0,
2025-03-06 17:59:33,"Afternoon Workout",1h 16m,"Bench Press (Barbell)",4,61.6,6.0,0,0.0,
2025-03-06 17:59:33,"Afternoon Workout",1h 16m,"Bench Press (Barbell)",5,61.6,5.0,0,0.0,
2025-03-06 17:59:33,"Afternoon Workout",1h 16m,"Incline Bench Press (Barbell)",1,42.6,8.0,0,0.0,
2025-03-06 17:59:33,"Afternoon Workout",1h 16m,"Incline Bench Press (Barbell)",2,42.6,8.0,0,0.0,
2025-03-06 17:59:33,"Afternoon Workout",1h 16m,"Incline Bench Press (Barbell)",3,42.6,8.0,0,0.0,
2025-03-06 17:59:33,"Afternoon Workout",1h 16m,"Incline Bench Press (Barbell)",4,42.6,8.0,0,0.0,
2025-03-06 17:59:33,"Afternoon Workout",1h 16m,"Squat (Barbell)",1,20.0,10.0,0,0.0,
2025-03-06 17:59:33,"Afternoon Workout",1h 16m,"Squat (Barbell)",2,42.6,8.0,0,0.0,
2025-03-06 17:59:33,"Afternoon Workout",1h 16m,"Squat (Barbell)",3,51.2,6.0,0,0.0,
2025-03-06 17:59:33,"Afternoon Workout",1h 16m,"Squat (Barbell)",4,51.2,6.0,0,0.0,
2025-03-06 17:59:33,"Afternoon Workout",1h 16m,"Squat (Barbell)",5,51.2,8.0,0,0.0,
2025-03-06 17:59:33,"Afternoon Workout",1h 16m,"Push Up",1,0.0,10.0,0,0.0,
2025-03-06 17:59:33,"Afternoon Workout",1h 16m,"Push Up",2,0.0,10.0,0,0.0,
2025-03-06 17:59:33,"Afternoon Workout",1h 16m,"Push Up",3,0.0,10.0,0,0.0,
2025-03-06 17:59:33,"Afternoon Workout",1h 16m,"Hip Thrust (Plate Loaded)",1,31.8,10.0,0,0.0,
2025-03-06 17:59:33,"Afternoon Workout",1h 16m,"Hip Thrust (Plate Loaded)",2,31.8,10.0,0,0.0,
2025-03-06 17:59:33,"Afternoon Workout",1h 16m,"Hip Thrust (Plate Loaded)",3,46.4,8.0,0,0.0,
2025-03-06 17:59:33,"Afternoon Workout",1h 16m,"Hip Thrust (Plate Loaded)",4,46.4,8.0,0,0.0,
2025-03-06 17:59:33,"Afternoon Workout",1h 16m,"Chest Fly",1,50.0,10.0,0,0.0,
2025-03-06 17:59:33,"Afternoon Workout",1h 16m,"Leg Extension (Machine)",1,11.3,10.0,0,0.0,
2025-03-06 17:59:33,"Afternoon Workout",1h 16m,"Leg Extension (Machine)",2,15.9,8.0,0,0.0,
2025-03-06 17:59:33,"Afternoon Workout",1h 16m,"Leg Extension (Machine)",3,15.9,8.0,0,0.0,
2025-03-06 17:59:33,"Afternoon Workout",1h 16m,"Cable Crunch",1,38.5,30.0,0,0.0,
2025-03-06 17:59:33,"Afternoon Workout",1h 16m,"Cable Crunch",2,38.5,30.0,0,0.0,
2025-03-06 17:59:33,"Afternoon Workout",1h 16m,"Cable Crunch",3,38.5,40.0,0,0.0,
2025-03-06 17:59:33,"Afternoon Workout",1h 16m,"Triceps Extension",1,17.5,8.0,0,0.0,
2025-03-06 17:59:33,"Afternoon Workout",1h 16m,"Triceps Extension",2,17.5,8.0,0,0.0,
2025-03-06 17:59:33,"Afternoon Workout",1h 16m,"Triceps Extension",3,17.5,8.0,0,0.0,
2025-03-08 10:51:49,"Morning Workout",49m,"Seated Row (Cable)",1,47.0,10.0,0,0.0,
2025-03-08 10:51:49,"Morning Workout",49m,"Seated Row (Cable)",2,57.0,10.0,0,0.0,
2025-03-08 10:51:49,"Morning Workout",49m,"Seated Row (Cable)",3,67.0,8.0,0,0.0,
2025-03-08 10:51:49,"Morning Workout",49m,"Seated Row (Cable)",4,67.0,8.0,0,0.0,
2025-03-08 10:51:49,"Morning Workout",49m,"Shoulder Press (Plate Loaded)",1,20.8,10.0,0,0.0,
2025-03-08 10:51:49,"Morning Workout",49m,"Shoulder Press (Plate Loaded)",2,20.8,10.0,0,0.0,
2025-03-08 10:51:49,"Morning Workout",49m,"Shoulder Press (Plate Loaded)",3,31.2,8.0,0,0.0,
2025-03-08 10:51:49,"Morning Workout",49m,"Shoulder Press (Plate Loaded)",4,31.2,8.0,0,0.0,
2025-03-08 10:51:49,"Morning Workout",49m,"Shoulder Press (Plate Loaded)",5,31.2,8.0,0,0.0,
2025-03-08 10:51:49,"Morning Workout",49m,"Face Pull (Cable)",1,23.75,10.0,0,0.0,
2025-03-08 10:51:49,"Morning Workout",49m,"Face Pull (Cable)",2,23.75,10.0,0,0.0,
2025-03-08 10:51:49,"Morning Workout",49m,"Face Pull (Cable)",3,23.75,10.0,0,0.0,
2025-03-08 10:51:49,"Morning Workout",49m,"Lateral Raise (Dumbbell)",1,7.0,10.0,0,0.0,
2025-03-08 10:51:49,"Morning Workout",49m,"Lateral Raise (Dumbbell)",2,7.0,8.0,0,0.0,
2025-03-08 10:51:49,"Morning Workout",49m,"Lateral Raise (Dumbbell)",3,7.0,8.0,0,0.0,
2025-03-08 10:51:49,"Morning Workout",49m,"Lateral Raise (Dumbbell)",4,7.0,8.0,0,0.0,
2025-03-08 10:51:49,"Morning Workout",49m,"Pull Up",1,0.0,5.0,0,0.0,
2025-03-08 10:51:49,"Morning Workout",49m,"Pull Up",2,0.0,5.0,0,0.0,
2025-03-08 10:51:49,"Morning Workout",49m,"Pull Up",3,0.0,5.0,0,0.0,
2025-03-08 10:51:49,"Morning Workout",49m,"Cable Crunch",1,38.5,30.0,0,0.0,
2025-03-08 10:51:49,"Morning Workout",49m,"Cable Crunch",2,38.5,30.0,0,0.0,
2025-03-08 10:51:49,"Morning Workout",49m,"Cable Crunch",3,38.5,40.0,0,0.0,
2025-03-10 18:48:54,"Evening Workout",1h 11m,"Bench Press (Barbell)",1,20.4,18.0,0,0.0,
2025-03-10 18:48:54,"Evening Workout",1h 11m,"Bench Press (Barbell)",2,61.6,5.0,0,0.0,
2025-03-10 18:48:54,"Evening Workout",1h 11m,"Bench Press (Barbell)",3,61.6,6.0,0,0.0,
2025-03-10 18:48:54,"Evening Workout",1h 11m,"Bench Press (Barbell)",4,61.6,6.0,0,0.0,
2025-03-10 18:48:54,"Evening Workout",1h 11m,"Bench Press (Barbell)",5,61.6,6.0,0,0.0,
2025-03-10 18:48:54,"Evening Workout",1h 11m,"Incline Bench Press (Barbell)",1,42.6,8.0,0,0.0,
2025-03-10 18:48:54,"Evening Workout",1h 11m,"Incline Bench Press (Barbell)",2,42.6,8.0,0,0.0,
2025-03-10 18:48:54,"Evening Workout",1h 11m,"Incline Bench Press (Barbell)",3,42.6,8.0,0,0.0,
2025-03-10 18:48:54,"Evening Workout",1h 11m,"Incline Bench Press (Barbell)",4,42.6,8.0,0,0.0,
2025-03-10 18:48:54,"Evening Workout",1h 11m,"One Handed Triceps Pull",1,6.25,10.0,0,0.0,
2025-03-10 18:48:54,"Evening Workout",1h 11m,"One Handed Triceps Pull",2,6.25,10.0,0,0.0,
2025-03-10 18:48:54,"Evening Workout",1h 11m,"One Handed Triceps Pull",3,6.25,10.0,0,0.0,
2025-03-10 18:48:54,"Evening Workout",1h 11m,"Hip Thrust (Plate Loaded)",1,40.6,8.0,0,0.0,
2025-03-10 18:48:54,"Evening Workout",1h 11m,"Hip Thrust (Plate Loaded)",2,40.6,8.0,0,0.0,
2025-03-10 18:48:54,"Evening Workout",1h 11m,"Hip Thrust (Plate Loaded)",3,40.6,8.0,0,0.0,
2025-03-10 18:48:54,"Evening Workout",1h 11m,"Hip Thrust (Plate Loaded)",4,40.6,8.0,0,0.0,
2025-03-10 18:48:54,"Evening Workout",1h 11m,"Squat (Smith Machine)",1,50.0,6.0,0,0.0,
2025-03-10 18:48:54,"Evening Workout",1h 11m,"Squat (Smith Machine)",2,50.0,6.0,0,0.0,
2025-03-10 18:48:54,"Evening Workout",1h 11m,"Squat (Smith Machine)",3,50.0,6.0,0,0.0,
2025-03-10 18:48:54,"Evening Workout",1h 11m,"Squat (Smith Machine)",4,50.0,6.0,0,0.0,
2025-03-10 18:48:54,"Evening Workout",1h 11m,"Cable Crunch",1,38.5,30.0,0,0.0,
2025-03-10 18:48:54,"Evening Workout",1h 11m,"Cable Crunch",2,38.5,30.0,0,0.0,
2025-03-10 18:48:54,"Evening Workout",1h 11m,"Cable Crunch",3,38.5,40.0,0,0.0,
2025-03-12 18:20:01,"Evening Workout",1h 16m,"Shoulder Press (Plate Loaded)",1,22.6,10.0,0,0.0,
2025-03-12 18:20:01,"Evening Workout",1h 16m,"Shoulder Press (Plate Loaded)",2,33.9,8.0,0,0.0,
2025-03-12 18:20:01,"Evening Workout",1h 16m,"Shoulder Press (Plate Loaded)",3,33.9,6.0,0,0.0,
2025-03-12 18:20:01,"Evening Workout",1h 16m,"Shoulder Press (Plate Loaded)",4,33.9,6.0,0,0.0,
2025-03-12 18:20:01,"Evening Workout",1h 16m,"Single Arm Vertical Iso-Lateral Row (Machine)",1,40.8,10.0,0,0.0,
2025-03-12 18:20:01,"Evening Workout",1h 16m,"Single Arm Vertical Iso-Lateral Row (Machine)",2,61.2,8.0,0,0.0,
2025-03-12 18:20:01,"Evening Workout",1h 16m,"Single Arm Vertical Iso-Lateral Row (Machine)",3,61.2,8.0,0,0.0,
2025-03-12 18:20:01,"Evening Workout",1h 16m,"Single Arm Vertical Iso-Lateral Row (Machine)",4,61.2,8.0,0,0.0,
2025-03-12 18:20:01,"Evening Workout",1h 16m,"Single Arm Vertical Iso-Lateral Row (Machine)",5,65.8,6.0,0,0.0,
2025-03-12 18:20:01,"Evening Workout",1h 16m,"Chin Up",1,0.0,5.0,0,0.0,
2025-03-12 18:20:01,"Evening Workout",1h 16m,"Chin Up",2,0.0,5.0,0,0.0,
2025-03-12 18:20:01,"Evening Workout",1h 16m,"Chin Up",3,0.0,5.0,0,0.0,
2025-03-12 18:20:01,"Evening Workout",1h 16m,"Chin Up",4,0.0,5.0,0,0.0,
2025-03-12 18:20:01,"Evening Workout",1h 16m,"Lateral Raise (Dumbbell)",1,8.0,10.0,0,0.0,
2025-03-12 18:20:01,"Evening Workout",1h 16m,"Lateral Raise (Dumbbell)",2,8.0,10.0,0,0.0,
2025-03-12 18:20:01,"Evening Workout",1h 16m,"Lateral Raise (Dumbbell)",3,8.0,10.0,0,0.0,
2025-03-12 18:20:01,"Evening Workout",1h 16m,"Lateral Raise (Dumbbell)",4,8.0,10.0,0,0.0,
2025-03-12 18:20:01,"Evening Workout",1h 16m,"Bicep Curl (Cable)",1,7.5,8.0,0,0.0,
2025-03-12 18:20:01,"Evening Workout",1h 16m,"Bicep Curl (Cable)",2,7.5,8.0,0,0.0,
2025-03-12 18:20:01,"Evening Workout",1h 16m,"Bicep Curl (Cable)",3,7.5,8.0,0,0.0,
2025-03-12 18:20:01,"Evening Workout",1h 16m,"Cable Crunch",1,38.5,30.0,0,0.0,
2025-03-12 18:20:01,"Evening Workout",1h 16m,"Cable Crunch",2,38.5,30.0,0,0.0,
2025-03-12 18:20:01,"Evening Workout",1h 16m,"Cable Crunch",3,38.5,40.0,0,0.0,
2025-03-13 18:22:51,"Evening Workout",1h 17m,"Bench Press (Barbell)",1,40.8,10.0,0,0.0,
2025-03-13 18:22:51,"Evening Workout",1h 17m,"Bench Press (Barbell)",2,61.6,8.0,0,0.0,
2025-03-13 18:22:51,"Evening Workout",1h 17m,"Bench Press (Barbell)",3,61.6,8.0,0,0.0,
2025-03-13 18:22:51,"Evening Workout",1h 17m,"Bench Press (Barbell)",4,61.6,5.0,0,0.0,
2025-03-13 18:22:51,"Evening Workout",1h 17m,"Bench Press (Barbell)",5,61.6,5.0,0,0.0,
2025-03-13 18:22:51,"Evening Workout",1h 17m,"Chest Fly",1,50.0,8.0,0,0.0,
2025-03-13 18:22:51,"Evening Workout",1h 17m,"Chest Fly",2,50.0,8.0,0,0.0,
2025-03-13 18:22:51,"Evening Workout",1h 17m,"Chest Fly",3,50.0,8.0,0,0.0,
2025-03-13 18:22:51,"Evening Workout",1h 17m,"Chest Fly",4,50.0,8.0,0,0.0,
2025-03-13 18:22:51,"Evening Workout",1h 17m,"Squat (Barbell)",1,20.0,8.0,0,0.0,
2025-03-13 18:22:51,"Evening Workout",1h 17m,"Squat (Barbell)",2,51.2,6.0,0,0.0,
2025-03-13 18:22:51,"Evening Workout",1h 17m,"Squat (Barbell)",3,51.2,6.0,0,0.0,
2025-03-13 18:22:51,"Evening Workout",1h 17m,"Squat (Barbell)",4,51.2,6.0,0,0.0,
2025-03-13 18:22:51,"Evening Workout",1h 17m,"Squat (Barbell)",5,62.4,5.0,0,0.0,
2025-03-13 18:22:51,"Evening Workout",1h 17m,"Hip Thrust (Plate Loaded)",1,40.6,8.0,0,0.0,
2025-03-13 18:22:51,"Evening Workout",1h 17m,"Hip Thrust (Plate Loaded)",2,40.6,10.0,0,0.0,
2025-03-13 18:22:51,"Evening Workout",1h 17m,"Hip Thrust (Plate Loaded)",3,40.6,10.0,0,0.0,
2025-03-13 18:22:51,"Evening Workout",1h 17m,"Hip Thrust (Plate Loaded)",4,40.6,10.0,0,0.0,
2025-03-13 18:22:51,"Evening Workout",1h 17m,"Leg Extension (Machine)",1,11.3,10.0,0,0.0,
2025-03-13 18:22:51,"Evening Workout",1h 17m,"Leg Extension (Machine)",2,15.9,8.0,0,0.0,
2025-03-13 18:22:51,"Evening Workout",1h 17m,"Leg Extension (Machine)",3,15.9,10.0,0,0.0,
2025-03-13 18:22:51,"Evening Workout",1h 17m,"One Handed Triceps Pull",1,5.0,10.0,0,0.0,
2025-03-13 18:22:51,"Evening Workout",1h 17m,"One Handed Triceps Pull",2,5.0,10.0,0,0.0,
2025-03-13 18:22:51,"Evening Workout",1h 17m,"One Handed Triceps Pull",3,6.25,10.0,0,0.0,
2025-03-13 18:22:51,"Evening Workout",1h 17m,"Cable Crunch",1,38.5,30.0,0,0.0,
2025-03-13 18:22:51,"Evening Workout",1h 17m,"Cable Crunch",2,38.5,30.0,0,0.0,
2025-03-13 18:22:51,"Evening Workout",1h 17m,"Cable Crunch",3,38.5,40.0,0,0.0,
2025-03-16 11:11:13,"Morning Workout",1h 16m,"Iso-Lateral Row (Machine)",1,40.8,10.0,0,0.0,
2025-03-16 11:11:13,"Morning Workout",1h 16m,"Iso-Lateral Row (Machine)",2,60.6,6.0,0,0.0,
2025-03-16 11:11:13,"Morning Workout",1h 16m,"Iso-Lateral Row (Machine)",3,60.6,7.0,0,0.0,
2025-03-16 11:11:13,"Morning Workout",1h 16m,"Iso-Lateral Row (Machine)",4,51.3,6.0,0,0.0,
2025-03-16 11:11:13,"Morning Workout",1h 16m,"Iso-Lateral Row (Machine)",5,51.3,8.0,0,0.0,
2025-03-16 11:11:13,"Morning Workout",1h 16m,"Lat Pulldown (Cable)",1,57.0,8.0,0,0.0,
2025-03-16 11:11:13,"Morning Workout",1h 16m,"Lat Pulldown (Cable)",2,57.0,8.0,0,0.0,
2025-03-16 11:11:13,"Morning Workout",1h 16m,"Lat Pulldown (Cable)",3,57.0,8.0,0,0.0,
2025-03-16 11:11:13,"Morning Workout",1h 16m,"Lat Pulldown (Cable)",4,57.0,8.0,0,0.0,
2025-03-16 11:11:13,"Morning Workout",1h 16m,"Lateral Raise (Dumbbell)",1,8.0,8.0,0,0.0,
2025-03-16 11:11:13,"Morning Workout",1h 16m,"Lateral Raise (Dumbbell)",2,8.0,8.0,0,0.0,
2025-03-16 11:11:13,"Morning Workout",1h 16m,"Lateral Raise (Dumbbell)",3,8.0,8.0,0,0.0,
2025-03-16 11:11:13,"Morning Workout",1h 16m,"Lateral Raise (Dumbbell)",4,7.0,10.0,0,0.0,
2025-03-16 11:11:13,"Morning Workout",1h 16m,"Shoulder Press (Plate Loaded)",1,33.9,8.0,0,0.0,
2025-03-16 11:11:13,"Morning Workout",1h 16m,"Shoulder Press (Plate Loaded)",2,33.9,8.0,0,0.0,
2025-03-16 11:11:13,"Morning Workout",1h 16m,"Shoulder Press (Plate Loaded)",3,33.9,8.0,0,0.0,
2025-03-16 11:11:13,"Morning Workout",1h 16m,"Shoulder Press (Plate Loaded)",4,33.9,8.0,0,0.0,
2025-03-16 11:11:13,"Morning Workout",1h 16m,"Bicep Curl (Cable)",1,7.5,8.0,0,0.0,
2025-03-16 11:11:13,"Morning Workout",1h 16m,"Bicep Curl (Cable)",2,7.5,8.0,0,0.0,
2025-03-16 11:11:13,"Morning Workout",1h 16m,"Bicep Curl (Cable)",3,7.5,8.0,0,0.0,
2025-03-16 11:11:13,"Morning Workout",1h 16m,"Cable Crunch",1,38.5,30.0,0,0.0,
2025-03-16 11:11:13,"Morning Workout",1h 16m,"Cable Crunch",2,38.5,30.0,0,0.0,
2025-03-16 11:11:13,"Morning Workout",1h 16m,"Cable Crunch",3,38.5,40.0,0,0.0,
2025-03-19 12:58:11,"Midday Workout",55m,"Bench Press (Barbell)",1,20.0,10.0,0,0.0,
2025-03-19 12:58:11,"Midday Workout",55m,"Bench Press (Barbell)",2,60.8,8.0,0,0.0,
2025-03-19 12:58:11,"Midday Workout",55m,"Bench Press (Barbell)",3,60.8,8.0,0,0.0,
2025-03-19 12:58:11,"Midday Workout",55m,"Bench Press (Barbell)",4,65.4,3.0,0,0.0,
2025-03-19 12:58:11,"Midday Workout",55m,"Bench Press (Barbell)",5,60.8,5.0,0,0.0,
2025-03-19 12:58:11,"Midday Workout",55m,"Incline Bench Press (Barbell)",1,42.6,8.0,0,0.0,
2025-03-19 12:58:11,"Midday Workout",55m,"Incline Bench Press (Barbell)",2,47.2,6.0,0,0.0,
2025-03-19 12:58:11,"Midday Workout",55m,"Incline Bench Press (Barbell)",3,47.2,6.0,0,0.0,
2025-03-19 12:58:11,"Midday Workout",55m,"Incline Bench Press (Barbell)",4,47.2,6.0,0,0.0,
2025-03-19 12:58:11,"Midday Workout",55m,"Squat (Barbell)",1,20.0,8.0,0,0.0,
2025-03-19 12:58:11,"Midday Workout",55m,"Squat (Barbell)",2,60.8,5.0,0,0.0,
2025-03-19 12:58:11,"Midday Workout",55m,"Squat (Barbell)",3,60.8,5.0,0,0.0,
2025-03-19 12:58:11,"Midday Workout",55m,"Squat (Barbell)",4,60.8,5.0,0,0.0,
2025-03-19 12:58:11,"Midday Workout",55m,"Squat (Barbell)",5,60.8,5.0,0,0.0,
2025-03-19 12:58:11,"Midday Workout",55m,"Hip Thrust (Plate Loaded)",1,40.6,10.0,0,0.0,
2025-03-19 12:58:11,"Midday Workout",55m,"Hip Thrust (Plate Loaded)",2,40.6,10.0,0,0.0,
2025-03-19 12:58:11,"Midday Workout",55m,"Hip Thrust (Plate Loaded)",3,40.6,10.0,0,0.0,
2025-03-19 12:58:11,"Midday Workout",55m,"Hip Thrust (Plate Loaded)",4,50.2,8.0,0,0.0,
2025-03-19 12:58:11,"Midday Workout",55m,"One Handed Triceps Pull",1,5.0,8.0,0,0.0,
2025-03-19 12:58:11,"Midday Workout",55m,"One Handed Triceps Pull",2,5.0,8.0,0,0.0,
2025-03-19 12:58:11,"Midday Workout",55m,"One Handed Triceps Pull",3,5.0,8.0,0,0.0,
2025-03-19 12:58:11,"Midday Workout",55m,"Knee Raise (Captain's Chair)",1,0,20.0,0,0.0,
2025-03-19 12:58:11,"Midday Workout",55m,"Knee Raise (Captain's Chair)",2,0,20.0,0,0.0,
2025-03-19 12:58:11,"Midday Workout",55m,"Knee Raise (Captain's Chair)",3,0,20.0,0,0.0,
2025-03-29 11:04:17,"Morning Workout",57m,"Chest Fly",1,50.0,10.0,0,0.0,
2025-03-29 11:04:17,"Morning Workout",57m,"Chest Fly",2,50.0,10.0,0,0.0,
2025-03-29 11:04:17,"Morning Workout",57m,"Chest Fly",3,50.0,10.0,0,0.0,
2025-03-29 11:04:17,"Morning Workout",57m,"Chest Fly",4,50.0,10.0,0,0.0,
2025-03-29 11:04:17,"Morning Workout",57m,"Bench Press (Barbell)",1,40.8,8.0,0,0.0,
2025-03-29 11:04:17,"Morning Workout",57m,"Bench Press (Barbell)",2,60.8,5.0,0,0.0,
2025-03-29 11:04:17,"Morning Workout",57m,"Bench Press (Barbell)",3,60.8,5.0,0,0.0,
2025-03-29 11:04:17,"Morning Workout",57m,"Bench Press (Barbell)",4,60.8,5.0,0,0.0,
2025-03-29 11:04:17,"Morning Workout",57m,"Bench Press (Barbell)",5,65.4,2.0,0,0.0,
2025-03-29 11:04:17,"Morning Workout",57m,"Bench Press (Barbell)",6,60.8,3.0,0,0.0,
2025-03-29 11:04:17,"Morning Workout",57m,"Squat (Barbell)",1,20.0,8.0,0,0.0,
2025-03-29 11:04:17,"Morning Workout",57m,"Squat (Barbell)",2,40.8,5.0,0,0.0,
2025-03-29 11:04:17,"Morning Workout",57m,"Squat (Barbell)",3,60.8,5.0,0,0.0,
2025-03-29 11:04:17,"Morning Workout",57m,"Squat (Barbell)",4,60.8,5.0,0,0.0,
2025-03-29 11:04:17,"Morning Workout",57m,"Squat (Barbell)",5,60.8,5.0,0,0.0,
2025-03-29 11:04:17,"Morning Workout",57m,"Hip Thrust (Plate Loaded)",1,40.6,10.0,0,0.0,
2025-03-29 11:04:17,"Morning Workout",57m,"Hip Thrust (Plate Loaded)",2,40.6,10.0,0,0.0,
2025-03-29 11:04:17,"Morning Workout",57m,"Hip Thrust (Plate Loaded)",3,40.6,10.0,0,0.0,
2025-03-29 11:04:17,"Morning Workout",57m,"Hip Thrust (Plate Loaded)",4,40.6,10.0,0,0.0,
2025-03-29 11:04:17,"Morning Workout",57m,"One Handed Triceps Pull",1,5.0,10.0,0,0.0,
2025-03-29 11:04:17,"Morning Workout",57m,"One Handed Triceps Pull",2,5.0,10.0,0,0.0,
2025-03-29 11:04:17,"Morning Workout",57m,"One Handed Triceps Pull",3,5.0,10.0,0,0.0,
2025-03-29 11:04:17,"Morning Workout",57m,"Cable Crunch",1,38.5,30.0,0,0.0,
2025-03-29 11:04:17,"Morning Workout",57m,"Cable Crunch",2,38.5,30.0,0,0.0,
2025-03-29 11:04:17,"Morning Workout",57m,"Cable Crunch",3,38.5,40.0,0,0.0,
2025-03-31 09:57:36,"Morning Workout",59m,"Single Arm Vertical Iso-Lateral Row (Machine)",1,40.8,10.0,0,0.0,
2025-03-31 09:57:36,"Morning Workout",59m,"Single Arm Vertical Iso-Lateral Row (Machine)",2,61.2,8.0,0,0.0,
2025-03-31 09:57:36,"Morning Workout",59m,"Single Arm Vertical Iso-Lateral Row (Machine)",3,61.2,6.0,0,0.0,
2025-03-31 09:57:36,"Morning Workout",59m,"Single Arm Vertical Iso-Lateral Row (Machine)",4,61.2,6.0,0,0.0,
2025-03-31 09:57:36,"Morning Workout",59m,"Single Arm Vertical Iso-Lateral Row (Machine)",5,61.2,5.0,0,0.0,
2025-03-31 09:57:36,"Morning Workout",59m,"Lat Pulldown (Cable)",1,47.0,8.0,0,0.0,
2025-03-31 09:57:36,"Morning Workout",59m,"Lat Pulldown (Cable)",2,57.0,8.0,0,0.0,
2025-03-31 09:57:36,"Morning Workout",59m,"Lat Pulldown (Cable)",3,57.0,8.0,0,0.0,
2025-03-31 09:57:36,"Morning Workout",59m,"Lat Pulldown (Cable)",4,57.0,8.0,0,0.0,
2025-03-31 09:57:36,"Morning Workout",59m,"Lateral Raise (Dumbbell)",1,8.0,8.0,0,0.0,
2025-03-31 09:57:36,"Morning Workout",59m,"Lateral Raise (Dumbbell)",2,8.0,8.0,0,0.0,
2025-03-31 09:57:36,"Morning Workout",59m,"Lateral Raise (Dumbbell)",3,8.0,8.0,0,0.0,
2025-03-31 09:57:36,"Morning Workout",59m,"Lateral Raise (Dumbbell)",4,8.0,8.0,0,0.0,
2025-03-31 09:57:36,"Morning Workout",59m,"Bicep Curl (Barbell)",1,26.0,6.0,0,0.0,
2025-03-31 09:57:36,"Morning Workout",59m,"Bicep Curl (Barbell)",2,26.0,5.0,0,0.0,
2025-03-31 09:57:36,"Morning Workout",59m,"Bicep Curl (Barbell)",3,22.0,8.0,0,0.0,
2025-03-31 09:57:36,"Morning Workout",59m,"Shoulder Press (Plate Loaded)",1,22.0,10.0,0,0.0,
2025-03-31 09:57:36,"Morning Workout",59m,"Shoulder Press (Plate Loaded)",2,33.9,8.0,0,0.0,
2025-03-31 09:57:36,"Morning Workout",59m,"Shoulder Press (Plate Loaded)",3,33.9,8.0,0,0.0,
2025-03-31 09:57:36,"Morning Workout",59m,"Shoulder Press (Plate Loaded)",4,33.9,8.0,0,0.0,
2025-04-02 17:39:44,"Afternoon Workout",1h 8m,"Bench Press (Barbell)",1,40.8,8.0,0,0.0,
2025-04-02 17:39:44,"Afternoon Workout",1h 8m,"Bench Press (Barbell)",2,60.8,5.0,0,0.0,
2025-04-02 17:39:44,"Afternoon Workout",1h 8m,"Bench Press (Barbell)",3,60.8,8.0,0,0.0,
2025-04-02 17:39:44,"Afternoon Workout",1h 8m,"Bench Press (Barbell)",4,60.8,8.0,0,0.0,
2025-04-02 17:39:44,"Afternoon Workout",1h 8m,"Bench Press (Barbell)",5,60.8,8.0,0,0.0,
2025-04-02 17:39:44,"Afternoon Workout",1h 8m,"Incline Bench Press (Barbell)",1,42.6,8.0,0,0.0,
2025-04-02 17:39:44,"Afternoon Workout",1h 8m,"Incline Bench Press (Barbell)",2,42.6,8.0,0,0.0,
2025-04-02 17:39:44,"Afternoon Workout",1h 8m,"Incline Bench Press (Barbell)",3,42.6,8.0,0,0.0,
2025-04-02 17:39:44,"Afternoon Workout",1h 8m,"Incline Bench Press (Barbell)",4,42.6,8.0,0,0.0,
2025-04-02 17:39:44,"Afternoon Workout",1h 8m,"Squat (Barbell)",1,20.0,8.0,0,0.0,
2025-04-02 17:39:44,"Afternoon Workout",1h 8m,"Squat (Barbell)",2,40.8,5.0,0,0.0,
2025-04-02 17:39:44,"Afternoon Workout",1h 8m,"Squat (Barbell)",3,50.8,5.0,0,0.0,
2025-04-02 17:39:44,"Afternoon Workout",1h 8m,"Squat (Barbell)",4,60.8,5.0,0,0.0,
2025-04-02 17:39:44,"Afternoon Workout",1h 8m,"Squat (Barbell)",5,60.8,5.0,0,0.0,
2025-04-02 17:39:44,"Afternoon Workout",1h 8m,"Leg Extension (Machine)",1,15.0,8.0,0,0.0,
2025-04-02 17:39:44,"Afternoon Workout",1h 8m,"Leg Extension (Machine)",2,15.0,8.0,0,0.0,
2025-04-02 17:39:44,"Afternoon Workout",1h 8m,"Leg Extension (Machine)",3,15.0,8.0,0,0.0,
2025-04-02 17:39:44,"Afternoon Workout",1h 8m,"One Handed Triceps Pull",1,6.25,10.0,0,0.0,
2025-04-02 17:39:44,"Afternoon Workout",1h 8m,"One Handed Triceps Pull",2,6.25,10.0,0,0.0,
2025-04-02 17:39:44,"Afternoon Workout",1h 8m,"One Handed Triceps Pull",3,6.25,10.0,0,0.0,
2025-04-02 17:39:44,"Afternoon Workout",1h 8m,"Cable Crunch",1,38.5,30.0,0,0.0,
2025-04-02 17:39:44,"Afternoon Workout",1h 8m,"Cable Crunch",2,38.5,30.0,0,0.0,
2025-04-02 17:39:44,"Afternoon Workout",1h 8m,"Cable Crunch",3,38.5,40.0,0,0.0,
2025-04-03 18:05:29,"Evening Workout",1h 7m,"Iso-Lateral Row (Machine)",1,40.8,10.0,0,0.0,
2025-04-03 18:05:29,"Evening Workout",1h 7m,"Iso-Lateral Row (Machine)",2,60.6,8.0,0,0.0,
2025-04-03 18:05:29,"Evening Workout",1h 7m,"Iso-Lateral Row (Machine)",3,60.6,6.0,0,0.0,
2025-04-03 18:05:29,"Evening Workout",1h 7m,"Iso-Lateral Row (Machine)",4,60.6,7.0,0,0.0,
2025-04-03 18:05:29,"Evening Workout",1h 7m,"Iso-Lateral Row (Machine)",5,60.6,6.0,0,0.0,
2025-04-03 18:05:29,"Evening Workout",1h 7m,"Lat Pulldown - Underhand (Band)",1,57.0,8.0,0,0.0,
2025-04-03 18:05:29,"Evening Workout",1h 7m,"Lat Pulldown - Underhand (Band)",2,57.0,8.0,0,0.0,
2025-04-03 18:05:29,"Evening Workout",1h 7m,"Lat Pulldown - Underhand (Band)",3,57.0,8.0,0,0.0,
2025-04-03 18:05:29,"Evening Workout",1h 7m,"Lat Pulldown - Underhand (Band)",4,67.0,6.0,0,0.0,
2025-04-03 18:05:29,"Evening Workout",1h 7m,"Shoulder Press (Machine)",1,35.0,10.0,0,0.0,
2025-04-03 18:05:29,"Evening Workout",1h 7m,"Shoulder Press (Machine)",2,35.0,10.0,0,0.0,
2025-04-03 18:05:29,"Evening Workout",1h 7m,"Shoulder Press (Machine)",3,37.5,10.0,0,0.0,
2025-04-03 18:05:29,"Evening Workout",1h 7m,"Shoulder Press (Machine)",4,42.5,6.0,0,0.0,
2025-04-03 18:05:29,"Evening Workout",1h 7m,"Bicep Curl (Cable)",1,7.5,8.0,0,0.0,
2025-04-03 18:05:29,"Evening Workout",1h 7m,"Bicep Curl (Cable)",2,7.5,10.0,0,0.0,
2025-04-03 18:05:29,"Evening Workout",1h 7m,"Bicep Curl (Cable)",3,10.0,6.0,0,0.0,
2025-04-03 18:05:29,"Evening Workout",1h 7m,"Lateral Raise (Dumbbell)",1,8.0,8.0,0,0.0,
2025-04-03 18:05:29,"Evening Workout",1h 7m,"Lateral Raise (Dumbbell)",2,8.0,8.0,0,0.0,
2025-04-03 18:05:29,"Evening Workout",1h 7m,"Lateral Raise (Dumbbell)",3,8.0,8.0,0,0.0,
2025-04-03 18:05:29,"Evening Workout",1h 7m,"Lateral Raise (Dumbbell)",4,8.0,8.0,0,0.0,
2025-04-03 18:05:29,"Evening Workout",1h 7m,"Cable Crunch",1,38.5,30.0,0,0.0,
2025-04-03 18:05:29,"Evening Workout",1h 7m,"Cable Crunch",2,38.5,30.0,0,0.0,
2025-04-03 18:05:29,"Evening Workout",1h 7m,"Cable Crunch",3,38.5,40.0,0,0.0,
2025-04-05 11:04:28,"Morning Workout",55m,"Bench Press (Barbell)",1,40.8,8.0,0,0.0,
2025-04-05 11:04:28,"Morning Workout",55m,"Bench Press (Barbell)",2,60.8,6.0,0,0.0,
2025-04-05 11:04:28,"Morning Workout",55m,"Bench Press (Barbell)",3,60.8,6.0,0,0.0,
2025-04-05 11:04:28,"Morning Workout",55m,"Bench Press (Barbell)",4,60.8,6.0,0,0.0,
2025-04-05 11:04:28,"Morning Workout",55m,"Bench Press (Barbell)",5,65.0,6.0,0,0.0,
2025-04-05 11:04:28,"Morning Workout",55m,"Chest Fly",1,50.0,8.0,0,0.0,
2025-04-05 11:04:28,"Morning Workout",55m,"Chest Fly",2,50.0,8.0,0,0.0,
2025-04-05 11:04:28,"Morning Workout",55m,"Chest Fly",3,57.5,8.0,0,0.0,
2025-04-05 11:04:28,"Morning Workout",55m,"Chest Fly",4,57.5,8.0,0,0.0,
2025-04-05 11:04:28,"Morning Workout",55m,"Hip Thrust (Plate Loaded)",1,60.0,8.0,0,0.0,
2025-04-05 11:04:28,"Morning Workout",55m,"Hip Thrust (Plate Loaded)",2,60.0,8.0,0,0.0,
2025-04-05 11:04:28,"Morning Workout",55m,"Hip Thrust (Plate Loaded)",3,60.0,8.0,0,0.0,
2025-04-05 11:04:28,"Morning Workout",55m,"Hip Thrust (Plate Loaded)",4,60.0,8.0,0,0.0,
2025-04-05 11:04:28,"Morning Workout",55m,"One Handed Triceps Pull",1,7.5,10.0,0,0.0,
2025-04-05 11:04:28,"Morning Workout",55m,"One Handed Triceps Pull",2,7.5,10.0,0,0.0,
2025-04-05 11:04:28,"Morning Workout",55m,"One Handed Triceps Pull",3,7.5,10.0,0,0.0,
2025-04-05 11:04:28,"Morning Workout",55m,"Cable Crunch",1,38.5,30.0,0,0.0,
2025-04-05 11:04:28,"Morning Workout",55m,"Cable Crunch",2,38.5,30.0,0,0.0,
2025-04-05 11:04:28,"Morning Workout",55m,"Cable Crunch",3,38.5,40.0,0,0.0,
2025-04-07 18:34:34,"Evening Workout",1h 6m,"Single Arm Vertical Iso-Lateral Row (Machine)",1,40.8,10.0,0,0.0,
2025-04-07 18:34:34,"Evening Workout",1h 6m,"Single Arm Vertical Iso-Lateral Row (Machine)",2,61.2,8.0,0,0.0,
2025-04-07 18:34:34,"Evening Workout",1h 6m,"Single Arm Vertical Iso-Lateral Row (Machine)",3,61.2,8.0,0,0.0,
2025-04-07 18:34:34,"Evening Workout",1h 6m,"Single Arm Vertical Iso-Lateral Row (Machine)",4,61.2,6.0,0,0.0,
2025-04-07 18:34:34,"Evening Workout",1h 6m,"Single Arm Vertical Iso-Lateral Row (Machine)",5,61.2,6.0,0,0.0,
2025-04-07 18:34:34,"Evening Workout",1h 6m,"Lat Pulldown - Underhand (Band)",1,57.0,8.0,0,0.0,
2025-04-07 18:34:34,"Evening Workout",1h 6m,"Lat Pulldown - Underhand (Band)",2,57.0,8.0,0,0.0,
2025-04-07 18:34:34,"Evening Workout",1h 6m,"Lat Pulldown - Underhand (Band)",3,57.0,8.0,0,0.0,
2025-04-07 18:34:34,"Evening Workout",1h 6m,"Lat Pulldown - Underhand (Band)",4,67.0,6.0,0,0.0,
2025-04-07 18:34:34,"Evening Workout",1h 6m,"Bicep Curl (Barbell)",1,22.0,8.0,0,0.0,
2025-04-07 18:34:34,"Evening Workout",1h 6m,"Bicep Curl (Barbell)",2,22.0,8.0,0,0.0,
2025-04-07 18:34:34,"Evening Workout",1h 6m,"Bicep Curl (Barbell)",3,26.0,8.0,0,0.0,
2025-04-07 18:34:34,"Evening Workout",1h 6m,"Shoulder Press (Plate Loaded)",1,30.0,10.0,0,0.0,
2025-04-07 18:34:34,"Evening Workout",1h 6m,"Shoulder Press (Plate Loaded)",2,30.0,10.0,0,0.0,
2025-04-07 18:34:34,"Evening Workout",1h 6m,"Shoulder Press (Plate Loaded)",3,35.0,10.0,0,0.0,
2025-04-07 18:34:34,"Evening Workout",1h 6m,"Shoulder Press (Plate Loaded)",4,35.0,10.0,0,0.0,
2025-04-07 18:34:34,"Evening Workout",1h 6m,"Lateral Raise (Dumbbell)",1,8.0,10.0,0,0.0,
2025-04-07 18:34:34,"Evening Workout",1h 6m,"Lateral Raise (Dumbbell)",2,8.0,8.0,0,0.0,
2025-04-07 18:34:34,"Evening Workout",1h 6m,"Lateral Raise (Dumbbell)",3,8.0,8.0,0,0.0,
2025-04-07 18:34:34,"Evening Workout",1h 6m,"Lateral Raise (Dumbbell)",4,8.0,8.0,0,0.0,
2025-04-07 18:34:34,"Evening Workout",1h 6m,"Cable Crunch",1,38.5,30.0,0,0.0,
2025-04-07 18:34:34,"Evening Workout",1h 6m,"Cable Crunch",2,38.5,30.0,0,0.0,
2025-04-07 18:34:34,"Evening Workout",1h 6m,"Cable Crunch",3,38.5,40.0,0,0.0,
2025-04-07 18:34:34,"Evening Workout",1h 6m,"Push Up",1,0.0,20.0,0,0.0,
2025-04-07 18:34:34,"Evening Workout",1h 6m,"Push Up",2,0.0,20.0,0,0.0,
2025-04-07 18:34:34,"Evening Workout",1h 6m,"Push Up",3,0.0,20.0,0,0.0,
2025-04-07 18:34:34,"Evening Workout",1h 6m,"Push Up",4,0.0,20.0,0,0.0,
2025-04-07 18:34:34,"Evening Workout",1h 6m,"Push Up",5,0.0,20.0,0,0.0,
2025-04-09 18:26:27,"Evening Workout",1h 38m,"Bench Press (Barbell)",1,40.8,8.0,0,0.0,
2025-04-09 18:26:27,"Evening Workout",1h 38m,"Bench Press (Barbell)",2,60.8,6.0,0,0.0,
2025-04-09 18:26:27,"Evening Workout",1h 38m,"Bench Press (Barbell)",3,65.0,5.0,0,0.0,
2025-04-09 18:26:27,"Evening Workout",1h 38m,"Bench Press (Barbell)",4,65.0,5.0,0,0.0,
2025-04-09 18:26:27,"Evening Workout",1h 38m,"Bench Press (Barbell)",5,65.0,5.0,0,0.0,
2025-04-09 18:26:27,"Evening Workout",1h 38m,"Incline Bench Press (Barbell)",1,45.0,8.0,0,0.0,
2025-04-09 18:26:27,"Evening Workout",1h 38m,"Incline Bench Press (Barbell)",2,45.0,8.0,0,0.0,
2025-04-09 18:26:27,"Evening Workout",1h 38m,"Incline Bench Press (Barbell)",3,45.0,8.0,0,0.0,
2025-04-09 18:26:27,"Evening Workout",1h 38m,"Incline Bench Press (Barbell)",4,45.0,8.0,0,0.0,
2025-04-09 18:26:27,"Evening Workout",1h 38m,"Squat (Barbell)",1,40.0,5.0,0,0.0,
2025-04-09 18:26:27,"Evening Workout",1h 38m,"Squat (Barbell)",2,60.0,5.0,0,0.0,
2025-04-09 18:26:27,"Evening Workout",1h 38m,"Squat (Barbell)",3,60.0,5.0,0,0.0,
2025-04-09 18:26:27,"Evening Workout",1h 38m,"Squat (Barbell)",4,60.0,5.0,0,0.0,
2025-04-09 18:26:27,"Evening Workout",1h 38m,"Squat (Barbell)",5,60.0,5.0,0,0.0,
2025-04-09 18:26:27,"Evening Workout",1h 38m,"Leg Extension (Machine)",1,15.0,10.0,0,0.0,
2025-04-09 18:26:27,"Evening Workout",1h 38m,"Leg Extension (Machine)",2,15.0,10.0,0,0.0,
2025-04-09 18:26:27,"Evening Workout",1h 38m,"Leg Extension (Machine)",3,15.0,10.0,0,0.0,
2025-04-09 18:26:27,"Evening Workout",1h 38m,"One Handed Triceps Pull",1,5.0,8.0,0,0.0,
2025-04-09 18:26:27,"Evening Workout",1h 38m,"One Handed Triceps Pull",2,7.5,8.0,0,0.0,
2025-04-09 18:26:27,"Evening Workout",1h 38m,"One Handed Triceps Pull",3,6.25,10.0,0,0.0,
2025-04-09 18:26:27,"Evening Workout",1h 38m,"Hip Thrust (Plate Loaded)",1,60.0,8.0,0,0.0,
2025-04-09 18:26:27,"Evening Workout",1h 38m,"Hip Thrust (Plate Loaded)",2,60.0,8.0,0,0.0,
2025-04-09 18:26:27,"Evening Workout",1h 38m,"Hip Thrust (Plate Loaded)",3,60.0,8.0,0,0.0,
2025-04-09 18:26:27,"Evening Workout",1h 38m,"Cable Crunch",1,38.5,30.0,0,0.0,
2025-04-09 18:26:27,"Evening Workout",1h 38m,"Cable Crunch",2,38.5,30.0,0,0.0,
2025-04-09 18:26:27,"Evening Workout",1h 38m,"Cable Crunch",3,38.5,40.0,0,0.0,
2025-04-10 17:53:46,"Afternoon Workout",1h,"Lat Pulldown (Cable)",1,60.0,8.0,0,0.0,
2025-04-10 17:53:46,"Afternoon Workout",1h,"Lat Pulldown (Cable)",2,60.0,8.0,0,0.0,
2025-04-10 17:53:46,"Afternoon Workout",1h,"Lat Pulldown (Cable)",3,60.0,8.0,0,0.0,
2025-04-10 17:53:46,"Afternoon Workout",1h,"Lat Pulldown (Cable)",4,60.0,8.0,0,0.0,
2025-04-10 17:53:46,"Afternoon Workout",1h,"Seated Row (Cable)",1,57.0,8.0,0,0.0,
2025-04-10 17:53:46,"Afternoon Workout",1h,"Seated Row (Cable)",2,67.0,8.0,0,0.0,
2025-04-10 17:53:46,"Afternoon Workout",1h,"Seated Row (Cable)",3,67.0,6.0,0,0.0,
2025-04-10 17:53:46,"Afternoon Workout",1h,"Seated Row (Cable)",4,67.0,6.0,0,0.0,
2025-04-10 17:53:46,"Afternoon Workout",1h,"Shoulder Press (Plate Loaded)",1,30.0,10.0,0,0.0,
2025-04-10 17:53:46,"Afternoon Workout",1h,"Shoulder Press (Plate Loaded)",2,35.0,10.0,0,0.0,
2025-04-10 17:53:46,"Afternoon Workout",1h,"Shoulder Press (Plate Loaded)",3,35.0,8.0,0,0.0,
2025-04-10 17:53:46,"Afternoon Workout",1h,"Shoulder Press (Plate Loaded)",4,35.0,8.0,0,0.0,
2025-04-10 17:53:46,"Afternoon Workout",1h,"Bicep Curl (Cable)",1,7.5,10.0,0,0.0,
2025-04-10 17:53:46,"Afternoon Workout",1h,"Bicep Curl (Cable)",2,7.5,10.0,0,0.0,
2025-04-10 17:53:46,"Afternoon Workout",1h,"Bicep Curl (Cable)",3,10.0,10.0,0,0.0,
2025-04-10 17:53:46,"Afternoon Workout",1h,"Lateral Raise (Dumbbell)",1,8.0,8.0,0,0.0,
2025-04-10 17:53:46,"Afternoon Workout",1h,"Lateral Raise (Dumbbell)",2,8.0,8.0,0,0.0,
2025-04-10 17:53:46,"Afternoon Workout",1h,"Lateral Raise (Dumbbell)",3,8.0,8.0,0,0.0,
2025-04-10 17:53:46,"Afternoon Workout",1h,"Lateral Raise (Dumbbell)",4,8.0,8.0,0,0.0,
2025-04-10 17:53:46,"Afternoon Workout",1h,"Cable Crunch",1,38.5,30.0,0,0.0,
2025-04-10 17:53:46,"Afternoon Workout",1h,"Cable Crunch",2,38.5,30.0,0,0.0,
2025-04-10 17:53:46,"Afternoon Workout",1h,"Cable Crunch",3,38.5,40.0,0,0.0,
2025-04-12 10:15:58,"Morning Workout",1h 4m,"Bench Press (Barbell)",1,40.8,8.0,0,0.0,
2025-04-12 10:15:58,"Morning Workout",1h 4m,"Bench Press (Barbell)",2,60.8,6.0,0,0.0,
2025-04-12 10:15:58,"Morning Workout",1h 4m,"Bench Press (Barbell)",3,65.0,5.0,0,0.0,
2025-04-12 10:15:58,"Morning Workout",1h 4m,"Bench Press (Barbell)",4,65.0,5.0,0,0.0,
2025-04-12 10:15:58,"Morning Workout",1h 4m,"Bench Press (Barbell)",5,65.0,5.0,0,0.0,
2025-04-12 10:15:58,"Morning Workout",1h 4m,"Chest Fly",1,57.5,8.0,0,0.0,
2025-04-12 10:15:58,"Morning Workout",1h 4m,"Chest Fly",2,57.5,8.0,0,0.0,
2025-04-12 10:15:58,"Morning Workout",1h 4m,"Chest Fly",3,57.5,8.0,0,0.0,
2025-04-12 10:15:58,"Morning Workout",1h 4m,"Chest Fly",4,65.0,8.0,0,0.0,
2025-04-12 10:15:58,"Morning Workout",1h 4m,"Squat (Barbell)",1,40.0,5.0,0,0.0,
2025-04-12 10:15:58,"Morning Workout",1h 4m,"Squat (Barbell)",2,60.0,5.0,0,0.0,
2025-04-12 10:15:58,"Morning Workout",1h 4m,"Squat (Barbell)",3,60.0,5.0,0,0.0,
2025-04-12 10:15:58,"Morning Workout",1h 4m,"Squat (Barbell)",4,60.0,5.0,0,0.0,
2025-04-12 10:15:58,"Morning Workout",1h 4m,"Squat (Barbell)",5,60.0,5.0,0,0.0,
2025-04-12 10:15:58,"Morning Workout",1h 4m,"Hip Thrust (Plate Loaded)",1,60.0,8.0,0,0.0,
2025-04-12 10:15:58,"Morning Workout",1h 4m,"Hip Thrust (Plate Loaded)",2,60.0,8.0,0,0.0,
2025-04-12 10:15:58,"Morning Workout",1h 4m,"Hip Thrust (Plate Loaded)",3,60.0,8.0,0,0.0,
2025-04-12 10:15:58,"Morning Workout",1h 4m,"One Handed Triceps Pull",1,7.5,10.0,0,0.0,
2025-04-12 10:15:58,"Morning Workout",1h 4m,"One Handed Triceps Pull",2,7.5,10.0,0,0.0,
2025-04-12 10:15:58,"Morning Workout",1h 4m,"One Handed Triceps Pull",3,10.0,8.0,0,0.0,
2025-04-12 10:15:58,"Morning Workout",1h 4m,"Cable Crunch",1,38.5,30.0,0,0.0,
2025-04-12 10:15:58,"Morning Workout",1h 4m,"Cable Crunch",2,38.5,30.0,0,0.0,
2025-04-12 10:15:58,"Morning Workout",1h 4m,"Cable Crunch",3,38.5,40.0,0,0.0,
2025-04-14 11:46:01,"Morning Workout",49m,"Iso-Lateral Row (Machine)",1,40.8,10.0,0,0.0,
2025-04-14 11:46:01,"Morning Workout",49m,"Iso-Lateral Row (Machine)",2,60.6,8.0,0,0.0,
2025-04-14 11:46:01,"Morning Workout",49m,"Iso-Lateral Row (Machine)",3,60.6,8.0,0,0.0,
2025-04-14 11:46:01,"Morning Workout",49m,"Iso-Lateral Row (Machine)",4,60.6,8.0,0,0.0,
2025-04-14 11:46:01,"Morning Workout",49m,"Iso-Lateral Row (Machine)",5,60.6,6.0,0,0.0,
2025-04-14 11:46:01,"Morning Workout",49m,"Lat Pulldown (Cable)",1,60.0,8.0,0,0.0,
2025-04-14 11:46:01,"Morning Workout",49m,"Lat Pulldown (Cable)",2,60.0,8.0,0,0.0,
2025-04-14 11:46:01,"Morning Workout",49m,"Lat Pulldown (Cable)",3,60.0,8.0,0,0.0,
2025-04-14 11:46:01,"Morning Workout",49m,"Lat Pulldown (Cable)",4,60.0,8.0,0,0.0,
2025-04-14 11:46:01,"Morning Workout",49m,"Lateral Raise (Dumbbell)",1,8.0,8.0,0,0.0,
2025-04-14 11:46:01,"Morning Workout",49m,"Lateral Raise (Dumbbell)",2,8.0,8.0,0,0.0,
2025-04-14 11:46:01,"Morning Workout",49m,"Lateral Raise (Dumbbell)",3,8.0,8.0,0,0.0,
2025-04-14 11:46:01,"Morning Workout",49m,"Lateral Raise (Dumbbell)",4,8.0,8.0,0,0.0,
2025-04-14 11:46:01,"Morning Workout",49m,"Shoulder Press (Machine)",1,37.5,8.0,0,0.0,
2025-04-14 11:46:01,"Morning Workout",49m,"Shoulder Press (Machine)",2,37.5,8.0,0,0.0,
2025-04-14 11:46:01,"Morning Workout",49m,"Shoulder Press (Machine)",3,42.5,8.0,0,0.0,
2025-04-14 11:46:01,"Morning Workout",49m,"Shoulder Press (Machine)",4,42.5,8.0,0,0.0,
2025-04-14 11:46:01,"Morning Workout",49m,"Bicep Curl (Cable)",1,10.0,8.0,0,0.0,
2025-04-14 11:46:01,"Morning Workout",49m,"Bicep Curl (Cable)",2,10.0,8.0,0,0.0,
2025-04-14 11:46:01,"Morning Workout",49m,"Bicep Curl (Cable)",3,10.0,8.0,0,0.0,
2025-04-16 17:51:56,"Afternoon Workout",1h 18m,"Bench Press (Barbell)",1,40.8,8.0,0,0.0,
2025-04-16 17:51:56,"Afternoon Workout",1h 18m,"Bench Press (Barbell)",2,65.0,5.0,0,0.0,
2025-04-16 17:51:56,"Afternoon Workout",1h 18m,"Bench Press (Barbell)",3,65.0,5.0,0,0.0,
2025-04-16 17:51:56,"Afternoon Workout",1h 18m,"Bench Press (Barbell)",4,65.0,5.0,0,0.0,
2025-04-16 17:51:56,"Afternoon Workout",1h 18m,"Bench Press (Barbell)",5,65.0,5.0,0,0.0,
2025-04-16 17:51:56,"Afternoon Workout",1h 18m,"Chest Fly",1,57.5,8.0,0,0.0,
2025-04-16 17:51:56,"Afternoon Workout",1h 18m,"Chest Fly",2,65.0,8.0,0,0.0,
2025-04-16 17:51:56,"Afternoon Workout",1h 18m,"Chest Fly",3,65.0,8.0,0,0.0,
2025-04-16 17:51:56,"Afternoon Workout",1h 18m,"Chest Fly",4,65.0,8.0,0,0.0,
2025-04-16 17:51:56,"Afternoon Workout",1h 18m,"Squat (Barbell)",1,40.0,5.0,0,0.0,
2025-04-16 17:51:56,"Afternoon Workout",1h 18m,"Squat (Barbell)",2,60.0,5.0,0,0.0,
2025-04-16 17:51:56,"Afternoon Workout",1h 18m,"Squat (Barbell)",3,60.0,5.0,0,0.0,
2025-04-16 17:51:56,"Afternoon Workout",1h 18m,"Squat (Barbell)",4,60.0,5.0,0,0.0,
2025-04-16 17:51:56,"Afternoon Workout",1h 18m,"Squat (Barbell)",5,65.0,5.0,0,0.0,
2025-04-16 17:51:56,"Afternoon Workout",1h 18m,"Leg Extension (Machine)",1,20.0,8.0,0,0.0,
2025-04-16 17:51:56,"Afternoon Workout",1h 18m,"Leg Extension (Machine)",2,20.0,8.0,0,0.0,
2025-04-16 17:51:56,"Afternoon Workout",1h 18m,"Leg Extension (Machine)",3,20.0,8.0,0,0.0,
2025-04-16 17:51:56,"Afternoon Workout",1h 18m,"Hip Thrust (Plate Loaded)",1,50.0,10.0,0,0.0,
2025-04-16 17:51:56,"Afternoon Workout",1h 18m,"Hip Thrust (Plate Loaded)",2,50.0,10.0,0,0.0,
2025-04-16 17:51:56,"Afternoon Workout",1h 18m,"Hip Thrust (Plate Loaded)",3,50.0,10.0,0,0.0,
2025-04-16 17:51:56,"Afternoon Workout",1h 18m,"One Handed Triceps Pull",1,7.5,10.0,0,0.0,
2025-04-16 17:51:56,"Afternoon Workout",1h 18m,"One Handed Triceps Pull",2,10.0,8.0,0,0.0,
2025-04-16 17:51:56,"Afternoon Workout",1h 18m,"One Handed Triceps Pull",3,10.0,8.0,0,0.0,
2025-04-16 17:51:56,"Afternoon Workout",1h 18m,"Cable Crunch",1,38.5,30.0,0,0.0,
2025-04-16 17:51:56,"Afternoon Workout",1h 18m,"Cable Crunch",2,38.5,40.0,0,0.0,
2025-04-16 17:51:56,"Afternoon Workout",1h 18m,"Cable Crunch",3,42.0,30.0,0,0.0,
2025-04-18 11:15:36,"Morning Workout",42m,"Single Arm Vertical Iso-Lateral Row (Machine)",1,40.8,10.0,0,0.0,
2025-04-18 11:15:36,"Morning Workout",42m,"Single Arm Vertical Iso-Lateral Row (Machine)",2,61.2,8.0,0,0.0,
2025-04-18 11:15:36,"Morning Workout",42m,"Single Arm Vertical Iso-Lateral Row (Machine)",3,61.2,8.0,0,0.0,
2025-04-18 11:15:36,"Morning Workout",42m,"Single Arm Vertical Iso-Lateral Row (Machine)",4,61.2,8.0,0,0.0,
2025-04-18 11:15:36,"Morning Workout",42m,"Single Arm Vertical Iso-Lateral Row (Machine)",5,61.2,8.0,0,0.0,
2025-04-18 11:15:36,"Morning Workout",42m,"Shoulder Press (Machine)",1,42.5,8.0,0,0.0,
2025-04-18 11:15:36,"Morning Workout",42m,"Shoulder Press (Machine)",2,42.5,8.0,0,0.0,
2025-04-18 11:15:36,"Morning Workout",42m,"Shoulder Press (Machine)",3,42.5,8.0,0,0.0,
2025-04-18 11:15:36,"Morning Workout",42m,"Shoulder Press (Machine)",4,42.5,8.0,0,0.0,
2025-04-18 11:15:36,"Morning Workout",42m,"Pull Up",1,0.0,5.0,0,0.0,
2025-04-18 11:15:36,"Morning Workout",42m,"Pull Up",2,0.0,5.0,0,0.0,
2025-04-18 11:15:36,"Morning Workout",42m,"Pull Up",3,0.0,5.0,0,0.0,
2025-04-18 11:15:36,"Morning Workout",42m,"Pull Up",4,0.0,5.0,0,0.0,
2025-04-18 11:15:36,"Morning Workout",42m,"Bicep Curl (Cable)",1,10.0,8.0,0,0.0,
2025-04-18 11:15:36,"Morning Workout",42m,"Bicep Curl (Cable)",2,10.0,8.0,0,0.0,
2025-04-18 11:15:36,"Morning Workout",42m,"Bicep Curl (Cable)",3,10.0,8.0,0,0.0,
2025-04-18 11:15:36,"Morning Workout",42m,"Lateral Raise (Dumbbell)",1,9.0,8.0,0,0.0,
2025-04-18 11:15:36,"Morning Workout",42m,"Lateral Raise (Dumbbell)",2,9.0,8.0,0,0.0,
2025-04-18 11:15:36,"Morning Workout",42m,"Lateral Raise (Dumbbell)",3,9.0,8.0,0,0.0,
2025-04-20 11:37:35,"Morning Workout",1h 6m,"Bench Press (Barbell)",1,40.8,8.0,0,0.0,
2025-04-20 11:37:35,"Morning Workout",1h 6m,"Bench Press (Barbell)",2,65.0,5.0,0,0.0,
2025-04-20 11:37:35,"Morning Workout",1h 6m,"Bench Press (Barbell)",3,65.0,5.0,0,0.0,
2025-04-20 11:37:35,"Morning Workout",1h 6m,"Bench Press (Barbell)",4,65.0,5.0,0,0.0,
2025-04-20 11:37:35,"Morning Workout",1h 6m,"Bench Press (Barbell)",5,65.0,5.0,0,0.0,
2025-04-20 11:37:35,"Morning Workout",1h 6m,"Chest Fly",1,65.0,8.0,0,0.0,
2025-04-20 11:37:35,"Morning Workout",1h 6m,"Chest Fly",2,65.0,8.0,0,0.0,
2025-04-20 11:37:35,"Morning Workout",1h 6m,"Chest Fly",3,65.0,8.0,0,0.0,
2025-04-20 11:37:35,"Morning Workout",1h 6m,"Chest Fly",4,65.0,8.0,0,0.0,
2025-04-20 11:37:35,"Morning Workout",1h 6m,"Squat (Barbell)",1,60.0,5.0,0,0.0,
2025-04-20 11:37:35,"Morning Workout",1h 6m,"Squat (Barbell)",2,60.0,5.0,0,0.0,
2025-04-20 11:37:35,"Morning Workout",1h 6m,"Squat (Barbell)",3,70.0,5.0,0,0.0,
2025-04-20 11:37:35,"Morning Workout",1h 6m,"Squat (Barbell)",4,70.0,5.0,0,0.0,
2025-04-20 11:37:35,"Morning Workout",1h 6m,"Leg Extension (Machine)",1,20.0,8.0,0,0.0,
2025-04-20 11:37:35,"Morning Workout",1h 6m,"Leg Extension (Machine)",2,20.0,8.0,0,0.0,
2025-04-20 11:37:35,"Morning Workout",1h 6m,"Leg Extension (Machine)",3,20.0,8.0,0,0.0,
2025-04-20 11:37:35,"Morning Workout",1h 6m,"One Handed Triceps Pull",1,10.0,8.0,0,0.0,
2025-04-20 11:37:35,"Morning Workout",1h 6m,"One Handed Triceps Pull",2,10.0,8.0,0,0.0,
2025-04-20 11:37:35,"Morning Workout",1h 6m,"One Handed Triceps Pull",3,10.0,8.0,0,0.0,
2025-04-20 11:37:35,"Morning Workout",1h 6m,"Cable Crunch",1,42.0,30.0,0,0.0,
2025-04-20 11:37:35,"Morning Workout",1h 6m,"Cable Crunch",2,42.0,30.0,0,0.0,
2025-04-20 11:37:35,"Morning Workout",1h 6m,"Cable Crunch",3,38.5,40.0,0,0.0,
2025-04-21 17:27:31,"Afternoon Workout",1h 12m,"Iso-Lateral Row (Machine)",1,40.8,10.0,0,0.0,
2025-04-21 17:27:31,"Afternoon Workout",1h 12m,"Iso-Lateral Row (Machine)",2,60.6,8.0,0,0.0,
2025-04-21 17:27:31,"Afternoon Workout",1h 12m,"Iso-Lateral Row (Machine)",3,60.6,8.0,0,0.0,
2025-04-21 17:27:31,"Afternoon Workout",1h 12m,"Iso-Lateral Row (Machine)",4,60.6,8.0,0,0.0,
2025-04-21 17:27:31,"Afternoon Workout",1h 12m,"Iso-Lateral Row (Machine)",5,65.0,6.0,0,0.0,
2025-04-21 17:27:31,"Afternoon Workout",1h 12m,"Lat Pulldown (Cable)",1,57.0,8.0,0,0.0,
2025-04-21 17:27:31,"Afternoon Workout",1h 12m,"Lat Pulldown (Cable)",2,67.0,8.0,0,0.0,
2025-04-21 17:27:31,"Afternoon Workout",1h 12m,"Lat Pulldown (Cable)",3,67.0,8.0,0,0.0,
2025-04-21 17:27:31,"Afternoon Workout",1h 12m,"Lat Pulldown (Cable)",4,67.0,6.0,0,0.0,
2025-04-21 17:27:31,"Afternoon Workout",1h 12m,"Shoulder Press (Plate Loaded)",1,35.0,8.0,0,0.0,
2025-04-21 17:27:31,"Afternoon Workout",1h 12m,"Shoulder Press (Plate Loaded)",2,35.0,8.0,0,0.0,
2025-04-21 17:27:31,"Afternoon Workout",1h 12m,"Shoulder Press (Plate Loaded)",3,40.0,8.0,0,0.0,
2025-04-21 17:27:31,"Afternoon Workout",1h 12m,"Shoulder Press (Plate Loaded)",4,40.0,8.0,0,0.0,
2025-04-21 17:27:31,"Afternoon Workout",1h 12m,"Bicep Curl (Barbell)",1,26.0,8.0,0,0.0,
2025-04-21 17:27:31,"Afternoon Workout",1h 12m,"Bicep Curl (Barbell)",2,26.0,8.0,0,0.0,
2025-04-21 17:27:31,"Afternoon Workout",1h 12m,"Bicep Curl (Barbell)",3,26.0,8.0,0,0.0,
2025-04-21 17:27:31,"Afternoon Workout",1h 12m,"Lateral Raise (Machine)",1,20.0,8.0,0,0.0,
2025-04-21 17:27:31,"Afternoon Workout",1h 12m,"Lateral Raise (Machine)",2,20.0,8.0,0,0.0,
2025-04-21 17:27:31,"Afternoon Workout",1h 12m,"Knee Raise (Captain's Chair)",1,0,20.0,0,0.0,
2025-04-21 17:27:31,"Afternoon Workout",1h 12m,"Knee Raise (Captain's Chair)",2,0,20.0,0,0.0,
2025-04-21 17:27:31,"Afternoon Workout",1h 12m,"Knee Raise (Captain's Chair)",3,0,20.0,0,0.0,
2025-04-23 09:32:47,"Morning Workout",1h 4m,"Bench Press (Barbell)",1,40.8,8.0,0,0.0,
2025-04-23 09:32:47,"Morning Workout",1h 4m,"Bench Press (Barbell)",2,65.0,5.0,0,0.0,
2025-04-23 09:32:47,"Morning Workout",1h 4m,"Bench Press (Barbell)",3,65.0,5.0,0,0.0,
2025-04-23 09:32:47,"Morning Workout",1h 4m,"Bench Press (Barbell)",4,65.0,5.0,0,0.0,
2025-04-23 09:32:47,"Morning Workout",1h 4m,"Bench Press (Barbell)",5,67.5,5.0,0,0.0,
2025-04-23 09:32:47,"Morning Workout",1h 4m,"Incline Bench Press (Barbell)",1,50.0,6.0,0,0.0,
2025-04-23 09:32:47,"Morning Workout",1h 4m,"Incline Bench Press (Barbell)",2,50.0,8.0,0,0.0,
2025-04-23 09:32:47,"Morning Workout",1h 4m,"Incline Bench Press (Barbell)",3,50.0,8.0,0,0.0,
2025-04-23 09:32:47,"Morning Workout",1h 4m,"Incline Bench Press (Barbell)",4,50.0,6.0,0,0.0,
2025-04-23 09:32:47,"Morning Workout",1h 4m,"Leg Extension (Machine)",1,20.0,8.0,0,0.0,
2025-04-23 09:32:47,"Morning Workout",1h 4m,"Leg Extension (Machine)",2,20.0,8.0,0,0.0,
2025-04-23 09:32:47,"Morning Workout",1h 4m,"Leg Extension (Machine)",3,20.0,8.0,0,0.0,
2025-04-23 09:32:47,"Morning Workout",1h 4m,"Hip Thrust (Plate Loaded)",1,60.0,8.0,0,0.0,
2025-04-23 09:32:47,"Morning Workout",1h 4m,"Hip Thrust (Plate Loaded)",2,60.0,8.0,0,0.0,
2025-04-23 09:32:47,"Morning Workout",1h 4m,"Hip Thrust (Plate Loaded)",3,60.0,8.0,0,0.0,
2025-04-23 09:32:47,"Morning Workout",1h 4m,"One Handed Triceps Pull",1,10.0,8.0,0,0.0,
2025-04-23 09:32:47,"Morning Workout",1h 4m,"One Handed Triceps Pull",2,7.5,8.0,0,0.0,
2025-04-23 09:32:47,"Morning Workout",1h 4m,"One Handed Triceps Pull",3,7.5,8.0,0,0.0,
2025-04-23 09:32:47,"Morning Workout",1h 4m,"Cable Crunch",1,42.0,30.0,0,0.0,
2025-04-23 09:32:47,"Morning Workout",1h 4m,"Cable Crunch",2,42.0,30.0,0,0.0,
2025-04-23 09:32:47,"Morning Workout",1h 4m,"Cable Crunch",3,38.5,40.0,0,0.0,
2025-04-25 11:13:27,"Morning Workout",48m,"Single Arm Vertical Iso-Lateral Row (Machine)",1,40.8,10.0,0,0.0,
2025-04-25 11:13:27,"Morning Workout",48m,"Single Arm Vertical Iso-Lateral Row (Machine)",2,61.2,8.0,0,0.0,
2025-04-25 11:13:27,"Morning Workout",48m,"Single Arm Vertical Iso-Lateral Row (Machine)",3,61.2,8.0,0,0.0,
2025-04-25 11:13:27,"Morning Workout",48m,"Single Arm Vertical Iso-Lateral Row (Machine)",4,70.0,6.0,0,0.0,
2025-04-25 11:13:27,"Morning Workout",48m,"Single Arm Vertical Iso-Lateral Row (Machine)",5,70.0,6.0,0,0.0,
2025-04-25 11:13:27,"Morning Workout",48m,"Lat Pulldown (Cable)",1,57.0,8.0,0,0.0,
2025-04-25 11:13:27,"Morning Workout",48m,"Lat Pulldown (Cable)",2,57.0,8.0,0,0.0,
2025-04-25 11:13:27,"Morning Workout",48m,"Lat Pulldown (Cable)",3,57.0,8.0,0,0.0,
2025-04-25 11:13:27,"Morning Workout",48m,"Lat Pulldown (Cable)",4,67.0,6.0,0,0.0,
2025-04-25 11:13:27,"Morning Workout",48m,"Lateral Raise (Dumbbell)",1,9.0,8.0,0,0.0,
2025-04-25 11:13:27,"Morning Workout",48m,"Lateral Raise (Dumbbell)",2,9.0,8.0,0,0.0,
2025-04-25 11:13:27,"Morning Workout",48m,"Lateral Raise (Dumbbell)",3,9.0,8.0,0,0.0,
2025-04-25 11:13:27,"Morning Workout",48m,"Lateral Raise (Dumbbell)",4,9.0,8.0,0,0.0,
2025-04-25 11:13:27,"Morning Workout",48m,"Shoulder Press (Plate Loaded)",1,40.0,8.0,0,0.0,
2025-04-25 11:13:27,"Morning Workout",48m,"Shoulder Press (Plate Loaded)",2,40.0,8.0,0,0.0,
2025-04-25 11:13:27,"Morning Workout",48m,"Shoulder Press (Plate Loaded)",3,40.0,8.0,0,0.0,
2025-04-25 11:13:27,"Morning Workout",48m,"Shoulder Press (Plate Loaded)",4,40.0,6.0,0,0.0,
2025-04-25 11:13:27,"Morning Workout",48m,"Bicep Curl (Barbell)",1,26.0,8.0,0,0.0,
2025-04-25 11:13:27,"Morning Workout",48m,"Bicep Curl (Barbell)",2,26.0,8.0,0,0.0,
2025-04-25 11:13:27,"Morning Workout",48m,"Bicep Curl (Barbell)",3,26.0,8.0,0,0.0,
2025-04-27 16:19:59,"Afternoon Workout",1h 24m,"Bench Press (Barbell)",1,40.8,8.0,0,0.0,
2025-04-27 16:19:59,"Afternoon Workout",1h 24m,"Bench Press (Barbell)",2,70.0,3.0,0,0.0,
2025-04-27 16:19:59,"Afternoon Workout",1h 24m,"Bench Press (Barbell)",3,60.0,2.0,0,0.0,
2025-04-27 16:19:59,"Afternoon Workout",1h 24m,"Bench Press (Barbell)",4,65.0,5.0,0,0.0,
2025-04-27 16:19:59,"Afternoon Workout",1h 24m,"Bench Press (Barbell)",5,65.0,5.0,0,0.0,
2025-04-27 16:19:59,"Afternoon Workout",1h 24m,"Bench Press (Barbell)",6,60.0,5.0,0,0.0,
2025-04-27 16:19:59,"Afternoon Workout",1h 24m,"Squat (Barbell)",1,60.0,5.0,0,0.0,
2025-04-27 16:19:59,"Afternoon Workout",1h 24m,"Squat (Barbell)",2,60.0,5.0,0,0.0,
2025-04-27 16:19:59,"Afternoon Workout",1h 24m,"Squat (Barbell)",3,70.0,5.0,0,0.0,
2025-04-27 16:19:59,"Afternoon Workout",1h 24m,"Squat (Barbell)",4,70.0,5.0,0,0.0,
2025-04-27 16:19:59,"Afternoon Workout",1h 24m,"Chest Fly",1,65.0,8.0,0,0.0,
2025-04-27 16:19:59,"Afternoon Workout",1h 24m,"Chest Fly",2,65.0,8.0,0,0.0,
2025-04-27 16:19:59,"Afternoon Workout",1h 24m,"Chest Fly",3,65.0,8.0,0,0.0,
2025-04-27 16:19:59,"Afternoon Workout",1h 24m,"Chest Fly",4,65.0,8.0,0,0.0,
2025-04-27 16:19:59,"Afternoon Workout",1h 24m,"One Handed Triceps Pull",1,10.0,8.0,0,0.0,
2025-04-27 16:19:59,"Afternoon Workout",1h 24m,"One Handed Triceps Pull",2,10.0,8.0,0,0.0,
2025-04-27 16:19:59,"Afternoon Workout",1h 24m,"One Handed Triceps Pull",3,10.0,8.0,0,0.0,
2025-04-27 16:19:59,"Afternoon Workout",1h 24m,"Cable Crunch",1,42.0,30.0,0,0.0,
2025-04-27 16:19:59,"Afternoon Workout",1h 24m,"Cable Crunch",2,42.0,30.0,0,0.0,
2025-04-27 16:19:59,"Afternoon Workout",1h 24m,"Cable Crunch",3,38.5,40.0,0,0.0,
2025-04-28 12:21:47,"Midday Workout",50m,"Iso-Lateral Row (Machine)",1,40.8,10.0,0,0.0,
2025-04-28 12:21:47,"Midday Workout",50m,"Iso-Lateral Row (Machine)",2,60.6,8.0,0,0.0,
2025-04-28 12:21:47,"Midday Workout",50m,"Iso-Lateral Row (Machine)",3,60.6,8.0,0,0.0,
2025-04-28 12:21:47,"Midday Workout",50m,"Iso-Lateral Row (Machine)",4,60.6,8.0,0,0.0,
2025-04-28 12:21:47,"Midday Workout",50m,"Iso-Lateral Row (Machine)",5,60.6,6.0,0,0.0,
2025-04-28 12:21:47,"Midday Workout",50m,"Lat Pulldown (Cable)",1,57.0,8.0,0,0.0,
2025-04-28 12:21:47,"Midday Workout",50m,"Lat Pulldown (Cable)",2,57.0,8.0,0,0.0,
2025-04-28 12:21:47,"Midday Workout",50m,"Lat Pulldown (Cable)",3,67.0,8.0,0,0.0,
2025-04-28 12:21:47,"Midday Workout",50m,"Lat Pulldown (Cable)",4,67.0,8.0,0,0.0,
2025-04-28 12:21:47,"Midday Workout",50m,"Shoulder Press (Plate Loaded)",1,40.0,8.0,0,0.0,
2025-04-28 12:21:47,"Midday Workout",50m,"Shoulder Press (Plate Loaded)",2,40.0,8.0,0,0.0,
2025-04-28 12:21:47,"Midday Workout",50m,"Shoulder Press (Plate Loaded)",3,40.0,6.0,0,0.0,
2025-04-28 12:21:47,"Midday Workout",50m,"Shoulder Press (Plate Loaded)",4,40.0,6.0,0,0.0,
2025-04-28 12:21:47,"Midday Workout",50m,"Lateral Raise (Machine)",1,27.5,6.0,0,0.0,
2025-04-28 12:21:47,"Midday Workout",50m,"Lateral Raise (Machine)",2,27.5,6.0,0,0.0,
2025-04-28 12:21:47,"Midday Workout",50m,"Lateral Raise (Machine)",3,27.5,6.0,0,0.0,
2025-04-28 12:21:47,"Midday Workout",50m,"Bicep Curl (Barbell)",1,26.0,8.0,0,0.0,
2025-04-28 12:21:47,"Midday Workout",50m,"Bicep Curl (Barbell)",2,26.0,8.0,0,0.0,
2025-04-28 12:21:47,"Midday Workout",50m,"Bicep Curl (Barbell)",3,26.0,8.0,0,0.0,
2025-05-01 10:45:07,"Morning Workout",1h 2m,"Bench Press (Barbell)",1,40.8,8.0,0,0.0,
2025-05-01 10:45:07,"Morning Workout",1h 2m,"Bench Press (Barbell)",2,65.0,5.0,0,0.0,
2025-05-01 10:45:07,"Morning Workout",1h 2m,"Bench Press (Barbell)",3,65.0,5.0,0,0.0,
2025-05-01 10:45:07,"Morning Workout",1h 2m,"Bench Press (Barbell)",4,65.0,5.0,0,0.0,
2025-05-01 10:45:07,"Morning Workout",1h 2m,"Bench Press (Barbell)",5,70.0,5.0,0,0.0,
2025-05-01 10:45:07,"Morning Workout",1h 2m,"Chest Fly",1,65.0,8.0,0,0.0,
2025-05-01 10:45:07,"Morning Workout",1h 2m,"Chest Fly",2,65.0,8.0,0,0.0,
2025-05-01 10:45:07,"Morning Workout",1h 2m,"Chest Fly",3,65.0,8.0,0,0.0,
2025-05-01 10:45:07,"Morning Workout",1h 2m,"Chest Fly",4,72.0,8.0,0,0.0,
2025-05-01 10:45:07,"Morning Workout",1h 2m,"Squat (Barbell)",1,60.0,5.0,0,0.0,
2025-05-01 10:45:07,"Morning Workout",1h 2m,"Squat (Barbell)",2,60.0,5.0,0,0.0,
2025-05-01 10:45:07,"Morning Workout",1h 2m,"Squat (Barbell)",3,70.0,5.0,0,0.0,
2025-05-01 10:45:07,"Morning Workout",1h 2m,"Squat (Barbell)",4,70.0,5.0,0,0.0,
2025-05-01 10:45:07,"Morning Workout",1h 2m,"One Handed Triceps Pull",1,10.0,10.0,0,0.0,
2025-05-01 10:45:07,"Morning Workout",1h 2m,"One Handed Triceps Pull",2,10.0,10.0,0,0.0,
2025-05-01 10:45:07,"Morning Workout",1h 2m,"One Handed Triceps Pull",3,12.5,6.0,0,0.0,
2025-05-01 10:45:07,"Morning Workout",1h 2m,"Cable Crunch",1,42.0,30.0,0,0.0,
2025-05-01 10:45:07,"Morning Workout",1h 2m,"Cable Crunch",2,42.0,30.0,0,0.0,
2025-05-01 10:45:07,"Morning Workout",1h 2m,"Cable Crunch",3,42.0,40.0,0,0.0,
2025-05-02 12:32:30,"Midday Workout",30m,"Single Arm Vertical Iso-Lateral Row (Machine)",1,40.8,10.0,0,0.0,
2025-05-02 12:32:30,"Midday Workout",30m,"Single Arm Vertical Iso-Lateral Row (Machine)",2,61.2,8.0,0,0.0,
2025-05-02 12:32:30,"Midday Workout",30m,"Single Arm Vertical Iso-Lateral Row (Machine)",3,61.2,8.0,0,0.0,
2025-05-02 12:32:30,"Midday Workout",30m,"Single Arm Vertical Iso-Lateral Row (Machine)",4,70.0,6.0,0,0.0,
2025-05-02 12:32:30,"Midday Workout",30m,"Single Arm Vertical Iso-Lateral Row (Machine)",5,70.0,6.0,0,0.0,
2025-05-02 12:32:30,"Midday Workout",30m,"Lateral Raise (Machine)",1,27.5,8.0,0,0.0,
2025-05-02 12:32:30,"Midday Workout",30m,"Lateral Raise (Machine)",2,27.5,8.0,0,0.0,
2025-05-02 12:32:30,"Midday Workout",30m,"Lateral Raise (Machine)",3,27.5,8.0,0,0.0,
2025-05-02 12:32:30,"Midday Workout",30m,"Lateral Raise (Machine)",4,27.5,8.0,0,0.0,
2025-05-02 12:32:30,"Midday Workout",30m,"Chin Up",1,0.0,5.0,0,0.0,
2025-05-02 12:32:30,"Midday Workout",30m,"Chin Up",2,0.0,5.0,0,0.0,
2025-05-02 12:32:30,"Midday Workout",30m,"Chin Up",3,0.0,5.0,0,0.0,
2025-05-02 12:32:30,"Midday Workout",30m,"Chin Up",4,0.0,5.0,0,0.0,
2025-05-02 12:32:30,"Midday Workout",30m,"Shoulder Press (Plate Loaded)",1,40.0,6.0,0,0.0,
2025-05-02 12:32:30,"Midday Workout",30m,"Shoulder Press (Plate Loaded)",2,40.0,7.0,0,0.0,
2025-05-02 12:32:30,"Midday Workout",30m,"Shoulder Press (Plate Loaded)",3,40.0,6.0,0,0.0,
2025-05-02 12:32:30,"Midday Workout",30m,"Bicep Curl (Barbell)",1,26.0,8.0,0,0.0,
2025-05-02 12:32:30,"Midday Workout",30m,"Bicep Curl (Barbell)",2,26.0,8.0,0,0.0,
2025-05-02 12:32:30,"Midday Workout",30m,"Bicep Curl (Barbell)",3,26.0,6.0,0,0.0,
2025-05-04 11:08:35,"Morning Workout",1h 10m,"Bench Press (Barbell)",1,40.8,8.0,0,0.0,
2025-05-04 11:08:35,"Morning Workout",1h 10m,"Bench Press (Barbell)",2,65.0,5.0,0,0.0,
2025-05-04 11:08:35,"Morning Workout",1h 10m,"Bench Press (Barbell)",3,65.0,5.0,0,0.0,
2025-05-04 11:08:35,"Morning Workout",1h 10m,"Bench Press (Barbell)",4,70.0,5.0,0,0.0,
2025-05-04 11:08:35,"Morning Workout",1h 10m,"Bench Press (Barbell)",5,70.0,5.0,0,0.0,
2025-05-04 11:08:35,"Morning Workout",1h 10m,"Squat (Barbell)",1,60.0,5.0,0,0.0,
2025-05-04 11:08:35,"Morning Workout",1h 10m,"Squat (Barbell)",2,70.0,5.0,0,0.0,
2025-05-04 11:08:35,"Morning Workout",1h 10m,"Squat (Barbell)",3,70.0,5.0,0,0.0,
2025-05-04 11:08:35,"Morning Workout",1h 10m,"Squat (Barbell)",4,70.0,5.0,0,0.0,
2025-05-04 11:08:35,"Morning Workout",1h 10m,"Lunge (Bodyweight)",1,0,35.0,0,0.0,
2025-05-04 11:08:35,"Morning Workout",1h 10m,"Lunge (Bodyweight)",2,0,35.0,0,0.0,
2025-05-04 11:08:35,"Morning Workout",1h 10m,"Triceps Extension (Machine)",1,52.5,10.0,0,0.0,
2025-05-04 11:08:35,"Morning Workout",1h 10m,"Chest Fly",1,65.0,8.0,0,0.0,
2025-05-04 11:08:35,"Morning Workout",1h 10m,"Chest Fly",2,65.0,8.0,0,0.0,
2025-05-04 11:08:35,"Morning Workout",1h 10m,"Chest Fly",3,72.0,8.0,0,0.0,
2025-05-04 11:08:35,"Morning Workout",1h 10m,"Chest Fly",4,72.0,8.0,0,0.0,
2025-05-04 11:08:35,"Morning Workout",1h 10m,"One Handed Triceps Pull",1,10.0,10.0,0,0.0,
2025-05-04 11:08:35,"Morning Workout",1h 10m,"One Handed Triceps Pull",2,12.5,6.0,0,0.0,
2025-05-04 11:08:35,"Morning Workout",1h 10m,"One Handed Triceps Pull",3,10.0,10.0,0,0.0,
2025-05-04 11:08:35,"Morning Workout",1h 10m,"Crunch (Machine)",1,72.0,10.0,0,0.0,
2025-05-04 11:08:35,"Morning Workout",1h 10m,"Crunch (Machine)",2,72.0,10.0,0,0.0,
2025-05-04 11:08:35,"Morning Workout",1h 10m,"Crunch (Machine)",3,72.0,10.0,0,0.0,
2025-05-05 18:13:10,"Evening Workout",1h 3m,"Seated Row (Cable)",1,67.0,8.0,0,0.0,
2025-05-05 18:13:10,"Evening Workout",1h 3m,"Seated Row (Cable)",2,67.0,8.0,0,0.0,
2025-05-05 18:13:10,"Evening Workout",1h 3m,"Seated Row (Cable)",3,77.0,6.0,0,0.0,
2025-05-05 18:13:10,"Evening Workout",1h 3m,"Seated Row (Cable)",4,77.0,6.0,0,0.0,
2025-05-05 18:13:10,"Evening Workout",1h 3m,"Shoulder Press (Plate Loaded)",1,40.0,8.0,0,0.0,
2025-05-05 18:13:10,"Evening Workout",1h 3m,"Shoulder Press (Plate Loaded)",2,40.0,8.0,0,0.0,
2025-05-05 18:13:10,"Evening Workout",1h 3m,"Shoulder Press (Plate Loaded)",3,45.0,6.0,0,0.0,
2025-05-05 18:13:10,"Evening Workout",1h 3m,"Shoulder Press (Plate Loaded)",4,45.0,6.0,0,0.0,
2025-05-05 18:13:10,"Evening Workout",1h 3m,"Lateral Raise (Machine)",1,27.5,8.0,0,0.0,
2025-05-05 18:13:10,"Evening Workout",1h 3m,"Lateral Raise (Machine)",2,27.5,8.0,0,0.0,
2025-05-05 18:13:10,"Evening Workout",1h 3m,"Lateral Raise (Machine)",3,27.5,8.0,0,0.0,
2025-05-05 18:13:10,"Evening Workout",1h 3m,"Lateral Raise (Machine)",4,27.5,8.0,0,0.0,
2025-05-05 18:13:10,"Evening Workout",1h 3m,"Pull Up",1,0.0,5.0,0,0.0,
2025-05-05 18:13:10,"Evening Workout",1h 3m,"Pull Up",2,0.0,5.0,0,0.0,
2025-05-05 18:13:10,"Evening Workout",1h 3m,"Pull Up",3,0.0,5.0,0,0.0,
2025-05-05 18:13:10,"Evening Workout",1h 3m,"Pull Up",4,0.0,5.0,0,0.0,
2025-05-05 18:13:10,"Evening Workout",1h 3m,"Bicep Curl (Barbell)",1,26.0,8.0,0,0.0,
2025-05-05 18:13:10,"Evening Workout",1h 3m,"Bicep Curl (Barbell)",2,26.0,8.0,0,0.0,
2025-05-05 18:13:10,"Evening Workout",1h 3m,"Bicep Curl (Barbell)",3,26.0,6.0,0,0.0,
2025-05-05 18:13:10,"Evening Workout",1h 3m,"Knee Raise (Captain's Chair)",1,0,20.0,0,0.0,
2025-05-05 18:13:10,"Evening Workout",1h 3m,"Knee Raise (Captain's Chair)",2,0,20.0,0,0.0,
2025-05-05 18:13:10,"Evening Workout",1h 3m,"Knee Raise (Captain's Chair)",3,0,20.0,0,0.0,
2025-05-07 10:14:15,"Morning Workout",59m,"Bench Press (Barbell)",1,40.8,8.0,0,0.0,
2025-05-07 10:14:15,"Morning Workout",59m,"Bench Press (Barbell)",2,60.0,5.0,0,0.0,
2025-05-07 10:14:15,"Morning Workout",59m,"Bench Press (Barbell)",3,70.0,5.0,0,0.0,
2025-05-07 10:14:15,"Morning Workout",59m,"Bench Press (Barbell)",4,70.0,5.0,0,0.0,
2025-05-07 10:14:15,"Morning Workout",59m,"Bench Press (Barbell)",5,70.0,5.0,0,0.0,
2025-05-07 10:14:15,"Morning Workout",59m,"Chest Fly",1,72.0,8.0,0,0.0,
2025-05-07 10:14:15,"Morning Workout",59m,"Chest Fly",2,72.0,8.0,0,0.0,
2025-05-07 10:14:15,"Morning Workout",59m,"Chest Fly",3,72.0,8.0,0,0.0,
2025-05-07 10:14:15,"Morning Workout",59m,"Chest Fly",4,72.0,8.0,0,0.0,
2025-05-07 10:14:15,"Morning Workout",59m,"Leg Extension (Machine)",1,20.0,8.0,0,0.0,
2025-05-07 10:14:15,"Morning Workout",59m,"Leg Extension (Machine)",2,20.0,8.0,0,0.0,
2025-05-07 10:14:15,"Morning Workout",59m,"Leg Extension (Machine)",3,20.0,8.0,0,0.0,
2025-05-07 10:14:15,"Morning Workout",59m,"One Handed Triceps Pull",1,10.0,10.0,0,0.0,
2025-05-07 10:14:15,"Morning Workout",59m,"One Handed Triceps Pull",2,11.25,8.0,0,0.0,
2025-05-07 10:14:15,"Morning Workout",59m,"One Handed Triceps Pull",3,11.25,8.0,0,0.0,
2025-05-09 10:58:19,"Morning Workout",49m,"Iso-Lateral Row (Machine)",1,40.8,10.0,0,0.0,
2025-05-09 10:58:19,"Morning Workout",49m,"Iso-Lateral Row (Machine)",2,60.6,8.0,0,0.0,
2025-05-09 10:58:19,"Morning Workout",49m,"Iso-Lateral Row (Machine)",3,60.6,8.0,0,0.0,
2025-05-09 10:58:19,"Morning Workout",49m,"Iso-Lateral Row (Machine)",4,60.6,8.0,0,0.0,
2025-05-09 10:58:19,"Morning Workout",49m,"Iso-Lateral Row (Machine)",5,60.6,8.0,0,0.0,
2025-05-09 10:58:19,"Morning Workout",49m,"Shoulder Press (Plate Loaded)",1,40.0,8.0,0,0.0,
2025-05-09 10:58:19,"Morning Workout",49m,"Shoulder Press (Plate Loaded)",2,40.0,8.0,0,0.0,
2025-05-09 10:58:19,"Morning Workout",49m,"Shoulder Press (Plate Loaded)",3,45.0,6.0,0,0.0,
2025-05-09 10:58:19,"Morning Workout",49m,"Shoulder Press (Plate Loaded)",4,45.0,6.0,0,0.0,
2025-05-09 10:58:19,"Morning Workout",49m,"Lateral Raise (Machine)",1,27.5,8.0,0,0.0,
2025-05-09 10:58:19,"Morning Workout",49m,"Lateral Raise (Machine)",2,27.5,8.0,0,0.0,
2025-05-09 10:58:19,"Morning Workout",49m,"Lateral Raise (Machine)",3,27.5,8.0,0,0.0,
2025-05-09 10:58:19,"Morning Workout",49m,"Lateral Raise (Machine)",4,27.5,8.0,0,0.0,
2025-05-09 10:58:19,"Morning Workout",49m,"Chin Up",1,0.0,8.0,0,0.0,
2025-05-09 10:58:19,"Morning Workout",49m,"Chin Up",2,0.0,8.0,0,0.0,
2025-05-09 10:58:19,"Morning Workout",49m,"Chin Up",3,0.0,6.0,0,0.0,
2025-05-09 10:58:19,"Morning Workout",49m,"Bicep Curl (Cable)",1,8.75,8.0,0,0.0,
2025-05-09 10:58:19,"Morning Workout",49m,"Bicep Curl (Cable)",2,8.75,8.0,0,0.0,
2025-05-12 10:59:57,"Morning Workout",40m,"Bench Press (Barbell)",1,40.8,8.0,0,0.0,
2025-05-12 10:59:57,"Morning Workout",40m,"Bench Press (Barbell)",2,70.0,5.0,0,0.0,
2025-05-12 10:59:57,"Morning Workout",40m,"Bench Press (Barbell)",3,70.0,5.0,0,0.0,
2025-05-12 10:59:57,"Morning Workout",40m,"Bench Press (Barbell)",4,70.0,5.0,0,0.0,
2025-05-12 10:59:57,"Morning Workout",40m,"Bench Press (Barbell)",5,70.0,5.0,0,0.0,
2025-05-12 10:59:57,"Morning Workout",40m,"Chest Fly",1,72.0,8.0,0,0.0,
2025-05-12 10:59:57,"Morning Workout",40m,"Chest Fly",2,72.0,8.0,0,0.0,
2025-05-12 10:59:57,"Morning Workout",40m,"Chest Fly",3,72.0,8.0,0,0.0,
2025-05-12 10:59:57,"Morning Workout",40m,"Chest Fly",4,72.0,6.0,0,0.0,
2025-05-12 10:59:57,"Morning Workout",40m,"One Handed Triceps Pull",1,10.0,8.0,0,0.0,
2025-05-12 10:59:57,"Morning Workout",40m,"One Handed Triceps Pull",2,11.25,8.0,0,0.0,
2025-05-12 10:59:57,"Morning Workout",40m,"One Handed Triceps Pull",3,11.25,8.0,0,0.0,
2025-05-14 16:28:58,"Afternoon Workout",1h 3m,"Seated Row (Cable)",1,67.0,8.0,0,0.0,
2025-05-14 16:28:58,"Afternoon Workout",1h 3m,"Seated Row (Cable)",2,77.0,6.0,0,0.0,
2025-05-14 16:28:58,"Afternoon Workout",1h 3m,"Seated Row (Cable)",3,77.0,6.0,0,0.0,
2025-05-14 16:28:58,"Afternoon Workout",1h 3m,"Seated Row (Cable)",4,77.0,6.0,0,0.0,
2025-05-14 16:28:58,"Afternoon Workout",1h 3m,"Pull Up",1,0.0,6.0,0,0.0,
2025-05-14 16:28:58,"Afternoon Workout",1h 3m,"Pull Up",2,0.0,6.0,0,0.0,
2025-05-14 16:28:58,"Afternoon Workout",1h 3m,"Pull Up",3,0.0,6.0,0,0.0,
2025-05-14 16:28:58,"Afternoon Workout",1h 3m,"Pull Up",4,0.0,6.0,0,0.0,
2025-05-14 16:28:58,"Afternoon Workout",1h 3m,"Shoulder Press (Plate Loaded)",1,40.0,8.0,0,0.0,
2025-05-14 16:28:58,"Afternoon Workout",1h 3m,"Shoulder Press (Plate Loaded)",2,45.0,6.0,0,0.0,
2025-05-14 16:28:58,"Afternoon Workout",1h 3m,"Shoulder Press (Plate Loaded)",3,45.0,6.0,0,0.0,
2025-05-14 16:28:58,"Afternoon Workout",1h 3m,"Shoulder Press (Plate Loaded)",4,45.0,6.0,0,0.0,
2025-05-14 16:28:58,"Afternoon Workout",1h 3m,"Lateral Raise (Machine)",1,27.5,8.0,0,0.0,
2025-05-14 16:28:58,"Afternoon Workout",1h 3m,"Lateral Raise (Machine)",2,27.5,8.0,0,0.0,
2025-05-14 16:28:58,"Afternoon Workout",1h 3m,"Lateral Raise (Machine)",3,27.5,8.0,0,0.0,
2025-05-14 16:28:58,"Afternoon Workout",1h 3m,"Bicep Curl (Barbell)",1,26.0,8.0,0,0.0,
2025-05-14 16:28:58,"Afternoon Workout",1h 3m,"Bicep Curl (Barbell)",2,26.0,8.0,0,0.0,
2025-05-14 16:28:58,"Afternoon Workout",1h 3m,"Bicep Curl (Barbell)",3,26.0,6.0,0,0.0,
2025-05-14 16:28:58,"Afternoon Workout",1h 3m,"Cable Twist",1,8.75,10.0,0,0.0,
2025-05-14 16:28:58,"Afternoon Workout",1h 3m,"Cable Twist",2,6.25,10.0,0,0.0,
2025-05-14 16:28:58,"Afternoon Workout",1h 3m,"Cable Twist",3,6.25,10.0,0,0.0,
2025-05-16 10:52:31,"Morning Workout",45m,"Bench Press (Barbell)",1,40.8,8.0,0,0.0,
2025-05-16 10:52:31,"Morning Workout",45m,"Bench Press (Barbell)",2,70.0,5.0,0,0.0,
2025-05-16 10:52:31,"Morning Workout",45m,"Bench Press (Barbell)",3,70.0,5.0,0,0.0,
2025-05-16 10:52:31,"Morning Workout",45m,"Bench Press (Barbell)",4,70.0,3.0,0,0.0,
2025-05-16 10:52:31,"Morning Workout",45m,"Bench Press (Barbell)",5,70.0,4.0,0,0.0,
2025-05-16 10:52:31,"Morning Workout",45m,"One Handed Triceps Pull",1,10.0,10.0,0,0.0,
2025-05-16 10:52:31,"Morning Workout",45m,"One Handed Triceps Pull",2,10.0,8.0,0,0.0,
2025-05-16 10:52:31,"Morning Workout",45m,"One Handed Triceps Pull",3,10.0,8.0,0,0.0,
2025-05-16 10:52:31,"Morning Workout",45m,"Chest Fly",1,72.0,8.0,0,0.0,
2025-05-16 10:52:31,"Morning Workout",45m,"Chest Fly",2,72.0,8.0,0,0.0,
2025-05-16 10:52:31,"Morning Workout",45m,"Chest Fly",3,72.0,7.0,0,0.0,
2025-05-16 10:52:31,"Morning Workout",45m,"Squat (Barbell)",1,70.0,5.0,0,0.0,
2025-05-16 10:52:31,"Morning Workout",45m,"Squat (Barbell)",2,70.0,5.0,0,0.0,
2025-05-16 10:52:31,"Morning Workout",45m,"Squat (Barbell)",3,70.0,5.0,0,0.0,
2025-05-16 10:52:31,"Morning Workout",45m,"Leg Extension (Machine)",1,20.0,10.0,0,0.0,
2025-05-16 10:52:31,"Morning Workout",45m,"Leg Extension (Machine)",2,20.0,10.0,0,0.0,
2025-05-16 10:52:31,"Morning Workout",45m," Cable Woodchoppers",1,7.5,10.0,0,0.0,
2025-05-16 10:52:31,"Morning Workout",45m," Cable Woodchoppers",2,10.0,10.0,0,0.0,
2025-05-16 10:52:31,"Morning Workout",45m,"Plank",1,0,0.0,0,60.0,
2025-05-18 10:19:05,"Morning Workout",58m,"Lat Pulldown - Underhand (Cable)",1,47.0,8.0,0,0.0,
2025-05-18 10:19:05,"Morning Workout",58m,"Lat Pulldown - Underhand (Cable)",2,67.0,8.0,0,0.0,
2025-05-18 10:19:05,"Morning Workout",58m,"Lat Pulldown - Underhand (Cable)",3,67.0,8.0,0,0.0,
2025-05-18 10:19:05,"Morning Workout",58m,"Lat Pulldown - Underhand (Cable)",4,67.0,8.0,0,0.0,
2025-05-18 10:19:05,"Morning Workout",58m,"Lat Pulldown - Underhand (Cable)",5,67.0,8.0,0,0.0,
2025-05-18 10:19:05,"Morning Workout",58m,"Straight Arm Pulldown",1,20.0,12.0,0,0.0,
2025-05-18 10:19:05,"Morning Workout",58m,"Straight Arm Pulldown",2,22.5,12.0,0,0.0,
2025-05-18 10:19:05,"Morning Workout",58m,"Straight Arm Pulldown",3,21.25,12.0,0,0.0,
2025-05-18 10:19:05,"Morning Workout",58m,"Arnold Press (Dumbbell)",1,14.0,10.0,0,0.0,
2025-05-18 10:19:05,"Morning Workout",58m,"Arnold Press (Dumbbell)",2,14.0,10.0,0,0.0,
2025-05-18 10:19:05,"Morning Workout",58m,"Arnold Press (Dumbbell)",3,16.0,10.0,0,0.0,
2025-05-18 10:19:05,"Morning Workout",58m,"Lateral Raise (Cable)",1,5.0,10.0,0,0.0,
2025-05-18 10:19:05,"Morning Workout",58m,"Lateral Raise (Cable)",2,5.0,10.0,0,0.0,
2025-05-18 10:19:05,"Morning Workout",58m,"Lateral Raise (Cable)",3,5.0,8.0,0,0.0,
2025-05-18 10:19:05,"Morning Workout",58m,"Incline Curl (Dumbbell)",1,10.0,8.0,0,0.0,
2025-05-18 10:19:05,"Morning Workout",58m,"Incline Curl (Dumbbell)",2,10.0,10.0,0,0.0,
2025-05-18 10:19:05,"Morning Workout",58m,"Incline Curl (Dumbbell)",3,10.0,8.0,0,0.0,
2025-05-18 10:19:05,"Morning Workout",58m,"Pallof Press",1,6.25,10.0,0,0.0,
2025-05-18 10:19:05,"Morning Workout",58m,"Pallof Press",2,8.75,10.0,0,0.0,
2025-05-18 10:19:05,"Morning Workout",58m,"Pallof Press",3,8.75,10.0,0,0.0,
2025-05-18 10:19:05,"Morning Workout",58m,"Hanging Leg Raise",1,0,10.0,0,0.0,
2025-05-18 10:19:05,"Morning Workout",58m,"Hanging Leg Raise",2,0,10.0,0,0.0,
2025-05-18 10:19:05,"Morning Workout",58m,"Hanging Leg Raise",3,0,10.0,0,0.0,
2025-05-19 10:53:33,"Morning Workout",59m,"Incline Chest Press (Machine)",W,40.0,10.0,0,0.0,
2025-05-19 10:53:33,"Morning Workout",59m,"Incline Chest Press (Machine)",1,80.0,6.0,0,0.0,
2025-05-19 10:53:33,"Morning Workout",59m,"Incline Chest Press (Machine)",2,80.0,6.0,0,0.0,
2025-05-19 10:53:33,"Morning Workout",59m,"Incline Chest Press (Machine)",3,80.0,6.0,0,0.0,
2025-05-19 10:53:33,"Morning Workout",59m,"Incline Chest Press (Machine)",4,70.0,7.0,0,0.0,
2025-05-19 10:53:33,"Morning Workout",59m,"Cable Crossover",1,8.75,10.0,0,0.0,
2025-05-19 10:53:33,"Morning Workout",59m,"Cable Crossover",2,11.25,10.0,0,0.0,
2025-05-19 10:53:33,"Morning Workout",59m,"Cable Crossover",3,11.25,10.0,0,0.0,
2025-05-19 10:53:33,"Morning Workout",59m,"Cable Crossover",4,11.25,10.0,0,0.0,
2025-05-19 10:53:33,"Morning Workout",59m,"Leg Extension (Machine)",1,20.0,10.0,0,0.0,
2025-05-19 10:53:33,"Morning Workout",59m,"Leg Extension (Machine)",2,20.0,10.0,0,0.0,
2025-05-19 10:53:33,"Morning Workout",59m,"Leg Extension (Machine)",3,20.0,10.0,0,0.0,
2025-05-19 10:53:33,"Morning Workout",59m,"Romanian Deadlift (Dumbbell)",1,20.0,10.0,0,0.0,
2025-05-19 10:53:33,"Morning Workout",59m,"Romanian Deadlift (Dumbbell)",2,22.0,10.0,0,0.0,
2025-05-19 10:53:33,"Morning Workout",59m,"Romanian Deadlift (Dumbbell)",3,22.0,10.0,0,0.0,
2025-05-19 10:53:33,"Morning Workout",59m,"Triceps Dip",1,0.0,8.0,0,0.0,
2025-05-19 10:53:33,"Morning Workout",59m,"Triceps Dip",2,0.0,8.0,0,0.0,
2025-05-19 10:53:33,"Morning Workout",59m,"Triceps Dip",3,0.0,8.0,0,0.0,
2025-05-19 10:53:33,"Morning Workout",59m,"Cable Crunch",1,38.5,30.0,0,0.0,
2025-05-19 10:53:33,"Morning Workout",59m,"Cable Crunch",2,38.5,30.0,0,0.0,
2025-05-19 10:53:33,"Morning Workout",59m,"Cable Crunch",3,38.5,40.0,0,0.0,
2025-05-19 10:53:33,"Morning Workout",59m,"Pallof Press",1,12.5,8.0,0,0.0,
2025-05-19 10:53:33,"Morning Workout",59m,"Pallof Press",2,12.5,8.0,0,0.0,
2025-05-19 10:53:33,"Morning Workout",59m,"Pallof Press",3,12.5,8.0,0,0.0,
2025-05-21 11:54:51,"Morning Workout",57m,"Single Arm Vertical Iso-Lateral Row (Machine)",1,40.8,10.0,0,0.0,
2025-05-21 11:54:51,"Morning Workout",57m,"Single Arm Vertical Iso-Lateral Row (Machine)",2,70.0,8.0,0,0.0,
2025-05-21 11:54:51,"Morning Workout",57m,"Single Arm Vertical Iso-Lateral Row (Machine)",3,70.0,8.0,0,0.0,
2025-05-21 11:54:51,"Morning Workout",57m,"Single Arm Vertical Iso-Lateral Row (Machine)",4,70.0,6.0,0,0.0,
2025-05-21 11:54:51,"Morning Workout",57m,"Single Arm Vertical Iso-Lateral Row (Machine)",5,70.0,5.0,0,0.0,
2025-05-21 11:54:51,"Morning Workout",57m,"Pull Up",1,0.0,6.0,0,0.0,
2025-05-21 11:54:51,"Morning Workout",57m,"Pull Up",2,0.0,6.0,0,0.0,
2025-05-21 11:54:51,"Morning Workout",57m,"Pull Up",3,0.0,6.0,0,0.0,
2025-05-21 11:54:51,"Morning Workout",57m,"Pull Up",4,0.0,6.0,0,0.0,
2025-05-21 11:54:51,"Morning Workout",57m,"Shoulder Press (Plate Loaded)",1,45.0,6.0,0,0.0,
2025-05-21 11:54:51,"Morning Workout",57m,"Shoulder Press (Plate Loaded)",2,45.0,6.0,0,0.0,
2025-05-21 11:54:51,"Morning Workout",57m,"Shoulder Press (Plate Loaded)",3,45.0,6.0,0,0.0,
2025-05-21 11:54:51,"Morning Workout",57m,"Shoulder Press (Plate Loaded)",4,45.0,6.0,0,0.0,
2025-05-21 11:54:51,"Morning Workout",57m,"Lateral Raise (Machine)",1,27.5,8.0,0,0.0,
2025-05-21 11:54:51,"Morning Workout",57m,"Lateral Raise (Machine)",2,27.5,8.0,0,0.0,
2025-05-21 11:54:51,"Morning Workout",57m,"Lateral Raise (Machine)",3,27.5,8.0,0,0.0,
2025-05-21 11:54:51,"Morning Workout",57m,"Bicep Curl (Dumbbell)",1,10.0,8.0,0,0.0,
2025-05-21 11:54:51,"Morning Workout",57m,"Bicep Curl (Dumbbell)",2,12.0,8.0,0,0.0,
2025-05-21 11:54:51,"Morning Workout",57m,"Bicep Curl (Dumbbell)",3,12.0,8.0,0,0.0,
2025-05-21 11:54:51,"Morning Workout",57m,"Cable Twist",1,6.25,10.0,0,0.0,
2025-05-21 11:54:51,"Morning Workout",57m,"Cable Twist",2,8.75,8.0,0,0.0,
2025-05-21 11:54:51,"Morning Workout",57m,"Cable Twist",3,11.25,8.0,0,0.0,
2025-05-21 11:54:51,"Morning Workout",57m,"Hanging Leg Raise",1,0,10.0,0,0.0,
2025-05-21 11:54:51,"Morning Workout",57m,"Hanging Leg Raise",2,0,10.0,0,0.0,
2025-05-21 11:54:51,"Morning Workout",57m,"Hanging Leg Raise",3,0,10.0,0,0.0,
2025-05-23 11:11:35,"Morning Workout",1h 11m,"Squat (Barbell)",1,60.0,5.0,0,0.0,
2025-05-23 11:11:35,"Morning Workout",1h 11m,"Squat (Barbell)",2,70.0,5.0,0,0.0,
2025-05-23 11:11:35,"Morning Workout",1h 11m,"Squat (Barbell)",3,70.0,5.0,0,0.0,
2025-05-23 11:11:35,"Morning Workout",1h 11m,"Squat (Barbell)",4,80.0,5.0,0,0.0,
2025-05-23 11:11:35,"Morning Workout",1h 11m,"Leg Extension (Machine)",1,20.0,10.0,0,0.0,
2025-05-23 11:11:35,"Morning Workout",1h 11m,"Leg Extension (Machine)",2,20.0,10.0,0,0.0,
2025-05-23 11:11:35,"Morning Workout",1h 11m,"Leg Extension (Machine)",3,20.0,10.0,0,0.0,
2025-05-23 11:11:35,"Morning Workout",1h 11m,"Bench Press (Barbell)",1,40.8,8.0,0,0.0,
2025-05-23 11:11:35,"Morning Workout",1h 11m,"Bench Press (Barbell)",2,70.0,5.0,0,0.0,
2025-05-23 11:11:35,"Morning Workout",1h 11m,"Bench Press (Barbell)",3,70.0,5.0,0,0.0,
2025-05-23 11:11:35,"Morning Workout",1h 11m,"Bench Press (Barbell)",4,70.0,5.0,0,0.0,
2025-05-23 11:11:35,"Morning Workout",1h 11m,"Bench Press (Barbell)",5,70.0,5.0,0,0.0,
2025-05-23 11:11:35,"Morning Workout",1h 11m,"Cable Crossover",1,11.25,10.0,0,0.0,
2025-05-23 11:11:35,"Morning Workout",1h 11m,"Cable Crossover",2,11.25,10.0,0,0.0,
2025-05-23 11:11:35,"Morning Workout",1h 11m,"Cable Crossover",3,11.25,10.0,0,0.0,
2025-05-23 11:11:35,"Morning Workout",1h 11m,"One Handed Triceps Pull",1,10.0,10.0,0,0.0,
2025-05-23 11:11:35,"Morning Workout",1h 11m,"One Handed Triceps Pull",2,10.0,8.0,0,0.0,
2025-05-23 11:11:35,"Morning Workout",1h 11m,"One Handed Triceps Pull",3,11.25,8.0,0,0.0,
2025-05-23 11:11:35,"Morning Workout",1h 11m," Cable Woodchoppers",1,10.0,10.0,0,0.0,
2025-05-23 11:11:35,"Morning Workout",1h 11m," Cable Woodchoppers",2,10.0,10.0,0,0.0,
2025-05-23 11:11:35,"Morning Workout",1h 11m," Cable Woodchoppers",3,12.5,10.0,0,0.0,
2025-05-23 11:11:35,"Morning Workout",1h 11m,"Decline Crunch",1,10.0,12.0,0,0.0,
2025-05-23 11:11:35,"Morning Workout",1h 11m,"Decline Crunch",2,10.0,12.0,0,0.0,
2025-05-23 11:11:35,"Morning Workout",1h 11m,"Decline Crunch",3,10.0,12.0,0,0.0,
2025-05-24 11:12:11,"Morning Workout",1h 2m,"Single Arm Vertical Iso-Lateral Row (Machine)",1,40.8,10.0,0,0.0,
2025-05-24 11:12:11,"Morning Workout",1h 2m,"Single Arm Vertical Iso-Lateral Row (Machine)",2,70.0,8.0,0,0.0,
2025-05-24 11:12:11,"Morning Workout",1h 2m,"Single Arm Vertical Iso-Lateral Row (Machine)",3,70.0,8.0,0,0.0,
2025-05-24 11:12:11,"Morning Workout",1h 2m,"Single Arm Vertical Iso-Lateral Row (Machine)",4,70.0,8.0,0,0.0,
2025-05-24 11:12:11,"Morning Workout",1h 2m,"Single Arm Vertical Iso-Lateral Row (Machine)",5,70.0,6.0,0,0.0,
2025-05-24 11:12:11,"Morning Workout",1h 2m,"Lat Pulldown (Machine)",1,40.0,8.0,0,0.0,
2025-05-24 11:12:11,"Morning Workout",1h 2m,"Lat Pulldown (Machine)",2,40.0,8.0,0,0.0,
2025-05-24 11:12:11,"Morning Workout",1h 2m,"Lat Pulldown (Machine)",3,40.0,8.0,0,0.0,
2025-05-24 11:12:11,"Morning Workout",1h 2m,"Shoulder Press (Plate Loaded)",1,45.0,8.0,0,0.0,
2025-05-24 11:12:11,"Morning Workout",1h 2m,"Shoulder Press (Plate Loaded)",2,45.0,7.0,0,0.0,
2025-05-24 11:12:11,"Morning Workout",1h 2m,"Shoulder Press (Plate Loaded)",3,45.0,7.0,0,0.0,
2025-05-24 11:12:11,"Morning Workout",1h 2m,"Shoulder Press (Plate Loaded)",4,45.0,5.0,0,0.0,
2025-05-24 11:12:11,"Morning Workout",1h 2m,"Pallof Press",1,10.0,10.0,0,0.0,
2025-05-24 11:12:11,"Morning Workout",1h 2m,"Pallof Press",2,12.5,10.0,0,0.0,
2025-05-24 11:12:11,"Morning Workout",1h 2m,"Pallof Press",3,12.5,10.0,0,0.0,
2025-05-24 11:12:11,"Morning Workout",1h 2m,"Bicep Curl (Cable)",1,10.0,8.0,0,0.0,
2025-05-24 11:12:11,"Morning Workout",1h 2m,"Bicep Curl (Cable)",2,10.0,10.0,0,0.0,
2025-05-24 11:12:11,"Morning Workout",1h 2m,"Bicep Curl (Cable)",3,10.0,10.0,0,0.0,
2025-05-27 18:45:13,"Evening Workout",1h 11m,"Goblet Squat (Kettlebell)",1,28.0,8.0,0,0.0,
2025-05-27 18:45:13,"Evening Workout",1h 11m,"Goblet Squat (Kettlebell)",2,28.0,8.0,0,0.0,
2025-05-27 18:45:13,"Evening Workout",1h 11m,"Goblet Squat (Kettlebell)",3,28.0,8.0,0,0.0,
2025-05-27 18:45:13,"Evening Workout",1h 11m,"Leg Extension (Machine)",1,20.0,10.0,0,0.0,
2025-05-27 18:45:13,"Evening Workout",1h 11m,"Leg Extension (Machine)",2,20.0,10.0,0,0.0,
2025-05-27 18:45:13,"Evening Workout",1h 11m,"Leg Extension (Machine)",3,20.0,10.0,0,0.0,
2025-05-27 18:45:13,"Evening Workout",1h 11m,"Bench Press (Dumbbell)",1,24.0,8.0,0,0.0,
2025-05-27 18:45:13,"Evening Workout",1h 11m,"Bench Press (Dumbbell)",2,24.0,8.0,0,0.0,
2025-05-27 18:45:13,"Evening Workout",1h 11m,"Bench Press (Dumbbell)",3,28.0,8.0,0,0.0,
2025-05-27 18:45:13,"Evening Workout",1h 11m,"Bench Press (Dumbbell)",4,28.0,8.0,0,0.0,
2025-05-27 18:45:13,"Evening Workout",1h 11m,"Chest Fly",1,72.0,8.0,0,0.0,
2025-05-27 18:45:13,"Evening Workout",1h 11m,"Chest Fly",2,72.0,7.0,0,0.0,
2025-05-27 18:45:13,"Evening Workout",1h 11m,"Chest Fly",3,65.0,8.0,0,0.0,
2025-05-27 18:45:13,"Evening Workout",1h 11m,"Triceps Dip",1,0.0,8.0,0,0.0,
2025-05-27 18:45:13,"Evening Workout",1h 11m,"Triceps Dip",2,0.0,7.0,0,0.0,
2025-05-27 18:45:13,"Evening Workout",1h 11m,"One Handed Triceps Pull",1,10.0,8.0,0,0.0,
2025-05-27 18:45:13,"Evening Workout",1h 11m,"One Handed Triceps Pull",2,10.0,10.0,0,0.0,
2025-05-27 18:45:13,"Evening Workout",1h 11m,"One Handed Triceps Pull",3,10.0,10.0,0,0.0,
2025-05-27 18:45:13,"Evening Workout",1h 11m," Cable Woodchoppers",1,15.0,8.0,0,0.0,
2025-05-27 18:45:13,"Evening Workout",1h 11m," Cable Woodchoppers",2,15.0,8.0,0,0.0,
2025-05-27 18:45:13,"Evening Workout",1h 11m," Cable Woodchoppers",3,15.0,8.0,0,0.0,
2025-05-27 18:45:13,"Evening Workout",1h 11m,"Shoulder Taps",1,0,0.0,0,60.0,
2025-05-27 18:45:13,"Evening Workout",1h 11m,"V Up",1,0,15.0,0,0.0,
2025-05-28 11:42:06,"Morning Workout",35m,"Seated Row (Cable)",1,67.0,10.0,0,0.0,
2025-05-28 11:42:06,"Morning Workout",35m,"Seated Row (Cable)",2,67.0,10.0,0,0.0,
2025-05-28 11:42:06,"Morning Workout",35m,"Seated Row (Cable)",3,67.0,12.0,0,0.0,
2025-05-28 11:42:06,"Morning Workout",35m,"Lateral Raise (Cable)",1,5.0,10.0,0,0.0,
2025-05-28 11:42:06,"Morning Workout",35m,"Lateral Raise (Cable)",2,5.0,10.0,0,0.0,
2025-05-28 11:42:06,"Morning Workout",35m,"Lateral Raise (Cable)",3,5.0,10.0,0,0.0,
2025-05-28 11:42:06,"Morning Workout",35m,"Arnold Press (Dumbbell)",1,14.0,12.0,0,0.0,
2025-05-28 11:42:06,"Morning Workout",35m,"Arnold Press (Dumbbell)",2,16.0,10.0,0,0.0,
2025-05-28 11:42:06,"Morning Workout",35m,"Arnold Press (Dumbbell)",3,16.0,10.0,0,0.0,
2025-05-28 11:42:06,"Morning Workout",35m,"Chin Up",1,0.0,8.0,0,0.0,
2025-05-28 11:42:06,"Morning Workout",35m,"Chin Up",2,0.0,8.0,0,0.0,
2025-05-28 11:42:06,"Morning Workout",35m,"Chin Up",3,0.0,8.0,0,0.0,
2025-05-28 11:42:06,"Morning Workout",35m,"Bicep Curl (Barbell)",1,26.0,8.0,0,0.0,
2025-05-28 11:42:06,"Morning Workout",35m,"Bicep Curl (Barbell)",2,26.0,8.0,0,0.0,
2025-05-28 11:42:06,"Morning Workout",35m,"Bicep Curl (Barbell)",3,22.0,10.0,0,0.0,
2025-05-28 11:42:06,"Morning Workout",35m,"Knee Raise (Captain's Chair)",1,0,20.0,0,0.0,
2025-05-28 11:42:06,"Morning Workout",35m,"Knee Raise (Captain's Chair)",2,0,20.0,0,0.0,
2025-05-28 11:42:06,"Morning Workout",35m,"Knee Raise (Captain's Chair)",3,0,20.0,0,0.0,
2025-05-29 20:22:53,"Evening Workout",40m,"Running (Treadmill)",1,0,0.0,0.5,180.0,
2025-05-29 20:22:53,"Evening Workout",40m,"Reverse Step Up",1,7.5,8.0,0,0.0,
2025-05-29 20:22:53,"Evening Workout",40m,"Reverse Step Up",2,10.0,8.0,0,0.0,
2025-05-29 20:22:53,"Evening Workout",40m,"Reverse Step Up",3,10.0,8.0,0,0.0,
2025-05-29 20:22:53,"Evening Workout",40m,"Pull Up",1,0.0,5.0,0,0.0,
2025-05-29 20:22:53,"Evening Workout",40m,"Pull Up",2,0.0,5.0,0,0.0,
2025-05-29 20:22:53,"Evening Workout",40m,"Pull Up",3,0.0,5.0,0,0.0,
2025-05-29 20:22:53,"Evening Workout",40m,"Cable Kickback",1,7.5,10.0,0,0.0,
2025-05-29 20:22:53,"Evening Workout",40m,"Cable Kickback",2,7.5,10.0,0,0.0,
2025-05-30 15:48:29,"Afternoon Workout",51m,"Incline Bench Press (Barbell)",W,20.0,12.0,0,0.0,
2025-05-30 15:48:29,"Afternoon Workout",51m,"Incline Bench Press (Barbell)",1,40.0,15.0,0,0.0,
2025-05-30 15:48:29,"Afternoon Workout",51m,"Incline Bench Press (Barbell)",2,50.0,12.0,0,0.0,
2025-05-30 15:48:29,"Afternoon Workout",51m,"Incline Bench Press (Barbell)",3,50.0,11.0,0,0.0,
2025-05-30 15:48:29,"Afternoon Workout",51m,"Incline Bench Press (Barbell)",4,45.0,12.0,0,0.0,
2025-05-30 15:48:29,"Afternoon Workout",51m,"Chest Fly",1,57.5,12.0,0,0.0,
2025-05-30 15:48:29,"Afternoon Workout",51m,"Chest Fly",2,57.5,12.0,0,0.0,
2025-05-30 15:48:29,"Afternoon Workout",51m,"Chest Fly",3,50.0,15.0,0,0.0,
2025-05-30 15:48:29,"Afternoon Workout",51m,"Squat (Smith Machine)",1,40.0,12.0,0,0.0,
2025-05-30 15:48:29,"Afternoon Workout",51m,"Squat (Smith Machine)",2,50.0,12.0,0,0.0,
2025-05-30 15:48:29,"Afternoon Workout",51m,"Squat (Smith Machine)",3,50.0,12.0,0,0.0,
2025-05-30 15:48:29,"Afternoon Workout",51m,"Leg Extension (Machine)",1,15.0,15.0,0,0.0,
2025-05-30 15:48:29,"Afternoon Workout",51m,"Leg Extension (Machine)",2,15.0,12.0,0,0.0,
2025-05-30 15:48:29,"Afternoon Workout",51m,"Leg Extension (Machine)",D,10.0,15.0,0,0.0,
2025-05-30 15:48:29,"Afternoon Workout",51m,"One Handed Triceps Pull",1,7.5,12.0,0,0.0,
2025-05-30 15:48:29,"Afternoon Workout",51m,"One Handed Triceps Pull",2,7.5,10.0,0,0.0,
2025-05-30 15:48:29,"Afternoon Workout",51m,"One Handed Triceps Pull",3,7.5,12.0,0,0.0,
2025-05-30 15:48:29,"Afternoon Workout",51m,"Pallof Press",1,15.0,10.0,0,0.0,
2025-05-30 15:48:29,"Afternoon Workout",51m,"Pallof Press",2,15.0,10.0,0,0.0,
2025-05-30 15:48:29,"Afternoon Workout",51m,"Pallof Press",3,15.0,10.0,0,0.0,
2025-05-31 10:14:19,"Morning Workout",1h,"Lat Pulldown - Underhand (Cable)",W,40.0,10.0,0,0.0,
2025-05-31 10:14:19,"Morning Workout",1h,"Lat Pulldown - Underhand (Cable)",1,57.0,12.0,0,0.0,
2025-05-31 10:14:19,"Morning Workout",1h,"Lat Pulldown - Underhand (Cable)",2,57.0,10.0,0,0.0,
2025-05-31 10:14:19,"Morning Workout",1h,"Lat Pulldown - Underhand (Cable)",3,57.0,10.0,0,0.0,
2025-05-31 10:14:19,"Morning Workout",1h,"Lat Pulldown - Underhand (Cable)",4,50.0,10.0,0,0.0,
2025-05-31 10:14:19,"Morning Workout",1h,"Pulldown (Cable)",1,21.0,12.0,0,0.0,
2025-05-31 10:14:19,"Morning Workout",1h,"Pulldown (Cable)",2,21.0,12.0,0,0.0,
2025-05-31 10:14:19,"Morning Workout",1h,"Pulldown (Cable)",3,21.0,12.0,0,0.0,
2025-05-31 10:14:19,"Morning Workout",1h,"Shoulder Press (Machine)",1,35.0,12.0,0,0.0,
2025-05-31 10:14:19,"Morning Workout",1h,"Shoulder Press (Machine)",2,37.5,12.0,0,0.0,
2025-05-31 10:14:19,"Morning Workout",1h,"Shoulder Press (Machine)",3,40.0,9.0,0,0.0,
2025-05-31 10:14:19,"Morning Workout",1h,"Lateral Raise (Cable)",1,5.0,10.0,0,0.0,
2025-05-31 10:14:19,"Morning Workout",1h,"Lateral Raise (Cable)",2,5.0,10.0,0,0.0,
2025-05-31 10:14:19,"Morning Workout",1h,"Lateral Raise (Cable)",3,5.0,10.0,0,0.0,
2025-05-31 10:14:19,"Morning Workout",1h,"Bicep Curl (Cable)",1,10.0,12.0,0,0.0,
2025-05-31 10:14:19,"Morning Workout",1h,"Bicep Curl (Cable)",2,10.0,12.0,0,0.0,
2025-05-31 10:14:19,"Morning Workout",1h,"Bicep Curl (Cable)",3,8.75,12.0,0,0.0,
2025-05-31 10:14:19,"Morning Workout",1h,"Cable Crunch",1,42.0,20.0,0,0.0,
2025-05-31 10:14:19,"Morning Workout",1h,"Cable Crunch",2,42.0,20.0,0,0.0,
2025-05-31 10:14:19,"Morning Workout",1h,"Cable Crunch",3,42.0,20.0,0,0.0,
2025-05-31 10:14:19,"Morning Workout",1h," Cable Woodchoppers",1,15.0,10.0,0,0.0,
2025-05-31 10:14:19,"Morning Workout",1h," Cable Woodchoppers",2,15.0,10.0,0,0.0,
2025-05-31 10:14:19,"Morning Workout",1h," Cable Woodchoppers",3,15.0,10.0,0,0.0,
2025-06-02 11:01:27,"Morning Workout",1h 15m,"Bench Press (Barbell)",W,40.0,8.0,0,0.0,
2025-06-02 11:01:27,"Morning Workout",1h 15m,"Bench Press (Barbell)",W,60.0,5.0,0,0.0,
2025-06-02 11:01:27,"Morning Workout",1h 15m,"Bench Press (Barbell)",1,70.0,5.0,0,0.0,
2025-06-02 11:01:27,"Morning Workout",1h 15m,"Bench Press (Barbell)",2,72.5,5.0,0,0.0,
2025-06-02 11:01:27,"Morning Workout",1h 15m,"Bench Press (Barbell)",3,75.0,3.0,0,0.0,
2025-06-02 11:01:27,"Morning Workout",1h 15m,"Bench Press (Barbell)",4,65.0,6.0,0,0.0,
2025-06-02 11:01:27,"Morning Workout",1h 15m,"Cable Crossover",1,13.75,8.0,0,0.0,
2025-06-02 11:01:27,"Morning Workout",1h 15m,"Cable Crossover",2,16.25,6.0,0,0.0,
2025-06-02 11:01:27,"Morning Workout",1h 15m,"Cable Crossover",3,16.25,6.0,0,0.0,
2025-06-02 11:01:27,"Morning Workout",1h 15m,"Cable Crossover",4,13.75,8.0,0,0.0,
2025-06-02 11:01:27,"Morning Workout",1h 15m,"Romanian Deadlift (Barbell)",W,20.0,10.0,0,0.0,
2025-06-02 11:01:27,"Morning Workout",1h 15m,"Romanian Deadlift (Barbell)",W,40.0,8.0,0,0.0,
2025-06-02 11:01:27,"Morning Workout",1h 15m,"Romanian Deadlift (Barbell)",1,60.0,6.0,0,0.0,
2025-06-02 11:01:27,"Morning Workout",1h 15m,"Romanian Deadlift (Barbell)",2,70.0,5.0,0,0.0,
2025-06-02 11:01:27,"Morning Workout",1h 15m,"Romanian Deadlift (Barbell)",3,70.0,5.0,0,0.0,
2025-06-02 11:01:27,"Morning Workout",1h 15m,"Romanian Deadlift (Barbell)",4,60.0,8.0,0,0.0,
2025-06-02 11:01:27,"Morning Workout",1h 15m,"Leg Press",1,130.0,8.0,0,0.0,
2025-06-02 11:01:27,"Morning Workout",1h 15m,"Leg Press",2,170.0,6.0,0,0.0,
2025-06-02 11:01:27,"Morning Workout",1h 15m,"Leg Press",3,170.0,6.0,0,0.0,
2025-06-02 11:01:27,"Morning Workout",1h 15m,"Triceps Pushdown (Cable - Straight Bar)",1,17.5,12.0,0,0.0,
2025-06-02 11:01:27,"Morning Workout",1h 15m,"Triceps Pushdown (Cable - Straight Bar)",2,24.5,10.0,0,0.0,
2025-06-02 11:01:27,"Morning Workout",1h 15m,"Triceps Pushdown (Cable - Straight Bar)",3,28.0,10.0,0,0.0,
2025-06-02 11:01:27,"Morning Workout",1h 15m,"Decline Crunch",1,10.0,12.0,0,0.0,
2025-06-02 11:01:27,"Morning Workout",1h 15m,"Decline Crunch",2,20.0,12.0,0,0.0,
2025-06-02 11:01:27,"Morning Workout",1h 15m,"Decline Crunch",3,20.0,10.0,0,0.0,
2025-06-04 13:47:55,"Early Morning Workout",1h,"Lat Pulldown (Cable)",1,59.0,10.0,0,0.0,
2025-06-04 13:47:55,"Early Morning Workout",1h,"Lat Pulldown (Cable)",2,73.0,6.0,0,0.0,
2025-06-04 13:47:55,"Early Morning Workout",1h,"Lat Pulldown (Cable)",3,73.0,6.0,0,0.0,
2025-06-04 13:47:55,"Early Morning Workout",1h,"Lat Pulldown (Cable)",4,73.0,6.0,0,0.0,
2025-06-04 13:47:55,"Early Morning Workout",1h,"Bent Over Row (Barbell)",1,20.0,20.0,0,0.0,
2025-06-04 13:47:55,"Early Morning Workout",1h,"Bent Over Row (Barbell)",2,60.0,5.0,0,0.0,
2025-06-04 13:47:55,"Early Morning Workout",1h,"Bent Over Row (Barbell)",3,60.0,5.0,0,0.0,
2025-06-04 13:47:55,"Early Morning Workout",1h,"Bent Over Row (Barbell)",4,60.0,5.0,0,0.0,
2025-06-04 13:47:55,"Early Morning Workout",1h,"Bent Over Row (Barbell)",5,50.0,8.0,0,0.0,
2025-06-04 13:47:55,"Early Morning Workout",1h,"Seated Overhead Press (Dumbbell)",1,16.0,8.0,0,0.0,
2025-06-04 13:47:55,"Early Morning Workout",1h,"Seated Overhead Press (Dumbbell)",2,18.0,8.0,0,0.0,
2025-06-04 13:47:55,"Early Morning Workout",1h,"Seated Overhead Press (Dumbbell)",3,18.0,8.0,0,0.0,
2025-06-04 13:47:55,"Early Morning Workout",1h,"Lateral Raise (Dumbbell)",1,10.0,8.0,0,0.0,
2025-06-04 13:47:55,"Early Morning Workout",1h,"Lateral Raise (Dumbbell)",2,10.0,8.0,0,0.0,
2025-06-04 13:47:55,"Early Morning Workout",1h,"Lateral Raise (Dumbbell)",3,10.0,8.0,0,0.0,
2025-06-04 13:47:55,"Early Morning Workout",1h,"Preacher Curl (Barbell)",1,22.5,8.0,0,0.0,
2025-06-04 13:47:55,"Early Morning Workout",1h,"Preacher Curl (Barbell)",2,25.0,6.0,0,0.0,
2025-06-04 13:47:55,"Early Morning Workout",1h,"Preacher Curl (Barbell)",3,22.5,8.0,0,0.0,
2025-06-04 13:47:55,"Early Morning Workout",1h,"Hanging Leg Raise",1,0,10.0,0,0.0,
2025-06-04 13:47:55,"Early Morning Workout",1h,"Hanging Leg Raise",2,0,10.0,0,0.0,
2025-06-04 13:47:55,"Early Morning Workout",1h,"Hanging Leg Raise",3,0,10.0,0,0.0,
2025-06-09 16:16:37,"Morning Workout",42m,"Incline Bench Press (Dumbbell)",W,14.0,8.0,0,0.0,
2025-06-09 16:16:37,"Morning Workout",42m,"Incline Bench Press (Dumbbell)",1,22.0,10.0,0,0.0,
2025-06-09 16:16:37,"Morning Workout",42m,"Incline Bench Press (Dumbbell)",2,22.0,10.0,0,0.0,
2025-06-09 16:16:37,"Morning Workout",42m,"Incline Bench Press (Dumbbell)",3,22.0,10.0,0,0.0,
2025-06-09 16:16:37,"Morning Workout",42m,"Incline Bench Press (Dumbbell)",4,22.0,8.0,0,0.0,
2025-06-09 16:16:37,"Morning Workout",42m,"Chest Fly",1,59.0,12.0,0,0.0,
2025-06-09 16:16:37,"Morning Workout",42m,"Chest Fly",2,59.0,12.0,0,0.0,
2025-06-09 16:16:37,"Morning Workout",42m,"Chest Fly",3,59.0,12.0,0,0.0,
2025-06-09 16:16:37,"Morning Workout",42m,"Bulgarian Split Squat",1,16.0,8.0,0,0.0,
2025-06-09 16:16:37,"Morning Workout",42m,"Bulgarian Split Squat",2,16.0,8.0,0,0.0,
2025-06-09 16:16:37,"Morning Workout",42m,"Bulgarian Split Squat",3,16.0,8.0,0,0.0,
2025-06-09 16:16:37,"Morning Workout",42m,"One Handed Triceps Pull",1,10.0,10.0,0,0.0,
2025-06-09 16:16:37,"Morning Workout",42m,"One Handed Triceps Pull",2,10.0,10.0,0,0.0,
2025-06-09 16:16:37,"Morning Workout",42m,"One Handed Triceps Pull",3,10.0,10.0,0,0.0,
2025-06-09 16:16:37,"Morning Workout",42m,"Pallof Press",1,12.5,10.0,0,0.0,
2025-06-09 16:16:37,"Morning Workout",42m,"Pallof Press",2,12.5,10.0,0,0.0,
2025-06-09 16:16:37,"Morning Workout",42m,"Pallof Press",3,12.5,10.0,0,0.0,
2025-06-10 16:51:16,"Morning Workout",45m,"Lat Pulldown (Cable)",1,45.0,12.0,0,0.0,
2025-06-10 16:51:16,"Morning Workout",45m,"Lat Pulldown (Cable)",2,59.0,10.0,0,0.0,
2025-06-10 16:51:16,"Morning Workout",45m,"Lat Pulldown (Cable)",3,66.0,8.0,0,0.0,
2025-06-10 16:51:16,"Morning Workout",45m,"Lat Pulldown (Cable)",4,59.0,10.0,0,0.0,
2025-06-10 16:51:16,"Morning Workout",45m,"Pulldown (Cable)",1,11.0,12.0,0,0.0,
2025-06-10 16:51:16,"Morning Workout",45m,"Pulldown (Cable)",2,21.0,10.0,0,0.0,
2025-06-10 16:51:16,"Morning Workout",45m,"Pulldown (Cable)",3,21.0,10.0,0,0.0,
2025-06-10 16:51:16,"Morning Workout",45m,"Pulldown (Cable)",4,21.0,10.0,0,0.0,
2025-06-10 16:51:16,"Morning Workout",45m,"Arnold Press (Dumbbell)",1,16.0,10.0,0,0.0,
2025-06-10 16:51:16,"Morning Workout",45m,"Arnold Press (Dumbbell)",2,16.0,10.0,0,0.0,
2025-06-10 16:51:16,"Morning Workout",45m,"Arnold Press (Dumbbell)",3,16.0,10.0,0,0.0,
2025-06-10 16:51:16,"Morning Workout",45m,"Lateral Raise (Cable)",1,4.5,10.0,0,0.0,
2025-06-10 16:51:16,"Morning Workout",45m,"Lateral Raise (Cable)",2,4.5,10.0,0,0.0,
2025-06-10 16:51:16,"Morning Workout",45m,"Lateral Raise (Cable)",3,4.5,10.0,0,0.0,
2025-06-10 16:51:16,"Morning Workout",45m,"Bicep Curl (Dumbbell)",1,12.0,10.0,0,0.0,
2025-06-10 16:51:16,"Morning Workout",45m,"Bicep Curl (Dumbbell)",2,12.0,10.0,0,0.0,
2025-06-10 16:51:16,"Morning Workout",45m,"Bicep Curl (Dumbbell)",3,12.0,6.0,0,0.0,
2025-06-12 17:23:56,"Morning Workout",46m,"Bench Press (Barbell)",W,40.0,8.0,0,0.0,
2025-06-12 17:23:56,"Morning Workout",46m,"Bench Press (Barbell)",W,60.0,5.0,0,0.0,
2025-06-12 17:23:56,"Morning Workout",46m,"Bench Press (Barbell)",1,70.0,5.0,0,0.0,
2025-06-12 17:23:56,"Morning Workout",46m,"Bench Press (Barbell)",2,70.0,5.0,0,0.0,
2025-06-12 17:23:56,"Morning Workout",46m,"Bench Press (Barbell)",3,70.0,4.0,0,0.0,
2025-06-12 17:23:56,"Morning Workout",46m,"Bench Press (Barbell)",4,65.0,6.0,0,0.0,
2025-06-12 17:23:56,"Morning Workout",46m,"Chest Fly",1,73.0,8.0,0,0.0,
2025-06-12 17:23:56,"Morning Workout",46m,"Chest Fly",2,73.0,8.0,0,0.0,
2025-06-12 17:23:56,"Morning Workout",46m,"Chest Fly",3,73.0,8.0,0,0.0,
2025-06-12 17:23:56,"Morning Workout",46m,"Squat (Barbell)",1,70.0,5.0,0,0.0,
2025-06-12 17:23:56,"Morning Workout",46m,"Squat (Barbell)",2,70.0,5.0,0,0.0,
2025-06-12 17:23:56,"Morning Workout",46m,"Squat (Barbell)",3,70.0,5.0,0,0.0,
2025-06-12 17:23:56,"Morning Workout",46m,"Squat (Barbell)",4,70.0,5.0,0,0.0,
2025-06-12 17:23:56,"Morning Workout",46m,"Triceps Extension",1,22.0,10.0,0,0.0,
2025-06-12 17:23:56,"Morning Workout",46m,"Triceps Extension",2,22.0,10.0,0,0.0,
2025-06-12 17:23:56,"Morning Workout",46m,"Triceps Extension",3,22.0,10.0,0,0.0,
2025-06-12 17:23:56,"Morning Workout",46m,"Cable Crunch",1,42.0,20.0,0,0.0,
2025-06-12 17:23:56,"Morning Workout",46m,"Cable Crunch",2,42.0,20.0,0,0.0,
2025-06-12 17:23:56,"Morning Workout",46m,"Cable Crunch",3,42.0,20.0,0,0.0,
2025-06-16 16:35:14,"Morning Workout",43m,"Seated Row (Cable)",W,39.0,10.0,0,0.0,
2025-06-16 16:35:14,"Morning Workout",43m,"Seated Row (Cable)",1,66.0,8.0,0,0.0,
2025-06-16 16:35:14,"Morning Workout",43m,"Seated Row (Cable)",2,66.0,8.0,0,0.0,
2025-06-16 16:35:14,"Morning Workout",43m,"Seated Row (Cable)",3,66.0,8.0,0,0.0,
2025-06-16 16:35:14,"Morning Workout",43m,"Seated Row (Cable)",4,59.0,6.0,0,0.0,
2025-06-16 16:35:14,"Morning Workout",43m,"Pull Up",1,0.0,6.0,0,0.0,
2025-06-16 16:35:14,"Morning Workout",43m,"Pull Up",2,0.0,6.0,0,0.0,
2025-06-16 16:35:14,"Morning Workout",43m,"Pull Up",3,0.0,6.0,0,0.0,
2025-06-16 16:35:14,"Morning Workout",43m,"Lateral Raise (Cable)",1,9.0,6.0,0,0.0,
2025-06-16 16:35:14,"Morning Workout",43m,"Lateral Raise (Cable)",2,9.0,6.0,0,0.0,
2025-06-16 16:35:14,"Morning Workout",43m,"Lateral Raise (Cable)",3,9.0,6.0,0,0.0,
2025-06-16 16:35:14,"Morning Workout",43m,"Shoulder Press (Plate Loaded)",1,45.0,6.0,0,0.0,
2025-06-16 16:35:14,"Morning Workout",43m,"Shoulder Press (Plate Loaded)",2,45.0,6.0,0,0.0,
2025-06-16 16:35:14,"Morning Workout",43m,"Shoulder Press (Plate Loaded)",3,45.0,6.0,0,0.0,
2025-06-16 16:35:14,"Morning Workout",43m,"Shoulder Press (Plate Loaded)",4,45.0,6.0,0,0.0,
2025-06-16 16:35:14,"Morning Workout",43m,"Bicep Curl (Barbell)",1,20.0,12.0,0,0.0,
2025-06-16 16:35:14,"Morning Workout",43m,"Bicep Curl (Barbell)",2,20.0,12.0,0,0.0,
2025-06-16 16:35:14,"Morning Workout",43m,"Bicep Curl (Barbell)",3,20.0,12.0,0,0.0,
2025-06-17 16:17:15,"Morning Workout",33m,"Bench Press (Barbell)",W,40.0,10.0,0,0.0,
2025-06-17 16:17:15,"Morning Workout",33m,"Bench Press (Barbell)",1,60.0,8.0,0,0.0,
2025-06-17 16:17:15,"Morning Workout",33m,"Bench Press (Barbell)",2,60.0,8.0,0,0.0,
2025-06-17 16:17:15,"Morning Workout",33m,"Bench Press (Barbell)",3,65.0,5.0,0,0.0,
2025-06-17 16:17:15,"Morning Workout",33m,"Bench Press (Barbell)",4,60.0,8.0,0,0.0,
2025-06-17 16:17:15,"Morning Workout",33m,"Cable Crossover",1,11.25,10.0,0,0.0,
2025-06-17 16:17:15,"Morning Workout",33m,"Cable Crossover",2,11.25,10.0,0,0.0,
2025-06-17 16:17:15,"Morning Workout",33m,"Cable Crossover",3,11.25,10.0,0,0.0,
2025-06-17 16:17:15,"Morning Workout",33m,"One Handed Triceps Pull",1,11.25,10.0,0,0.0,
2025-06-17 16:17:15,"Morning Workout",33m,"One Handed Triceps Pull",2,11.25,10.0,0,0.0,
2025-06-17 16:17:15,"Morning Workout",33m,"One Handed Triceps Pull",3,11.25,10.0,0,0.0,
2025-06-17 16:17:15,"Morning Workout",33m," Cable Woodchoppers",1,16.25,10.0,0,0.0,
2025-06-17 16:17:15,"Morning Workout",33m," Cable Woodchoppers",2,16.25,10.0,0,0.0,
2025-06-17 16:17:15,"Morning Workout",33m," Cable Woodchoppers",3,16.25,10.0,0,0.0,
2025-06-21 09:37:31,"Morning Workout",50m,"Pulldown (Cable)",1,17.5,12.0,0,0.0,
2025-06-21 09:37:31,"Morning Workout",50m,"Pulldown (Cable)",2,21.0,12.0,0,0.0,
2025-06-21 09:37:31,"Morning Workout",50m,"Pulldown (Cable)",3,21.0,12.0,0,0.0,
2025-06-21 09:37:31,"Morning Workout",50m,"Pulldown (Cable)",4,21.0,12.0,0,0.0,
2025-06-21 09:37:31,"Morning Workout",50m,"Lat Pulldown - Underhand (Cable)",1,47.0,12.0,0,0.0,
2025-06-21 09:37:31,"Morning Workout",50m,"Lat Pulldown - Underhand (Cable)",2,50.0,12.0,0,0.0,
2025-06-21 09:37:31,"Morning Workout",50m,"Lat Pulldown - Underhand (Cable)",3,57.0,10.0,0,0.0,
2025-06-21 09:37:31,"Morning Workout",50m,"Lat Pulldown - Underhand (Cable)",4,50.0,12.0,0,0.0,
2025-06-21 09:37:31,"Morning Workout",50m,"Arnold Press (Dumbbell)",1,16.0,12.0,0,0.0,
2025-06-21 09:37:31,"Morning Workout",50m,"Arnold Press (Dumbbell)",2,16.0,12.0,0,0.0,
2025-06-21 09:37:31,"Morning Workout",50m,"Arnold Press (Dumbbell)",3,16.0,10.0,0,0.0,
2025-06-21 09:37:31,"Morning Workout",50m,"Lateral Raise (Cable)",1,6.25,8.0,0,0.0,
2025-06-21 09:37:31,"Morning Workout",50m,"Lateral Raise (Cable)",2,5.0,10.0,0,0.0,
2025-06-21 09:37:31,"Morning Workout",50m,"Lateral Raise (Cable)",3,5.0,10.0,0,0.0,
2025-06-21 09:37:31,"Morning Workout",50m,"Bicep Curl (Cable)",1,10.0,12.0,0,0.0,
2025-06-21 09:37:31,"Morning Workout",50m,"Bicep Curl (Cable)",2,10.0,12.0,0,0.0,
2025-06-21 09:37:31,"Morning Workout",50m,"Bicep Curl (Cable)",3,10.0,12.0,0,0.0,
2025-06-21 09:37:31,"Morning Workout",50m,"Hanging Leg Raise",1,0,10.0,0,0.0,
2025-06-21 09:37:31,"Morning Workout",50m,"Hanging Leg Raise",2,0,10.0,0,0.0,
2025-06-21 09:37:31,"Morning Workout",50m,"Hanging Leg Raise",3,0,10.0,0,0.0,
2025-06-21 09:37:31,"Morning Workout",50m,"Pallof Press",1,15.0,10.0,0,0.0,
2025-06-21 09:37:31,"Morning Workout",50m,"Pallof Press",2,15.0,10.0,0,0.0,
2025-06-23 16:55:53,"Afternoon Workout",56m,"Bench Press (Dumbbell)",1,18.0,8.0,0,0.0,
2025-06-23 16:55:53,"Afternoon Workout",56m,"Bench Press (Dumbbell)",2,26.0,6.0,0,0.0,
2025-06-23 16:55:53,"Afternoon Workout",56m,"Bench Press (Dumbbell)",3,26.0,6.0,0,0.0,
2025-06-23 16:55:53,"Afternoon Workout",56m,"Bench Press (Dumbbell)",4,30.0,5.0,0,0.0,
2025-06-23 16:55:53,"Afternoon Workout",56m,"Bench Press (Dumbbell)",5,30.0,5.0,0,0.0,
2025-06-23 16:55:53,"Afternoon Workout",56m,"Chest Fly",1,73.0,8.0,0,0.0,
2025-06-23 16:55:53,"Afternoon Workout",56m,"Chest Fly",2,73.0,8.0,0,0.0,
2025-06-23 16:55:53,"Afternoon Workout",56m,"Chest Fly",3,78.0,6.0,0,0.0,
2025-06-23 16:55:53,"Afternoon Workout",56m,"Goblet Squat (Kettlebell)",1,30.0,8.0,0,0.0,
2025-06-23 16:55:53,"Afternoon Workout",56m,"Goblet Squat (Kettlebell)",2,30.0,8.0,0,0.0,
2025-06-23 16:55:53,"Afternoon Workout",56m,"Goblet Squat (Kettlebell)",3,30.0,8.0,0,0.0,
2025-06-23 16:55:53,"Afternoon Workout",56m,"Leg Extension (Machine)",1,20.0,8.0,0,0.0,
2025-06-23 16:55:53,"Afternoon Workout",56m,"Leg Extension (Machine)",2,25.0,8.0,0,0.0,
2025-06-23 16:55:53,"Afternoon Workout",56m,"Leg Extension (Machine)",D,25.0,8.0,0,0.0,
2025-06-23 16:55:53,"Afternoon Workout",56m,"Triceps Dip",1,0.0,8.0,0,0.0,
2025-06-23 16:55:53,"Afternoon Workout",56m,"Triceps Dip",2,0.0,8.0,0,0.0,
2025-06-23 16:55:53,"Afternoon Workout",56m,"Triceps Dip",3,0.0,8.0,0,0.0,
2025-06-23 16:55:53,"Afternoon Workout",56m,"Decline Crunch",1,20.0,10.0,0,0.0,
2025-06-23 16:55:53,"Afternoon Workout",56m,"Decline Crunch",2,20.0,10.0,0,0.0,
2025-06-23 16:55:53,"Afternoon Workout",56m,"Decline Crunch",3,20.0,10.0,0,0.0,
2025-06-25 12:17:34,"Midday Workout",1h,"Single Arm Vertical Iso-Lateral Row (Machine)",1,40.8,10.0,0,0.0,
2025-06-25 12:17:34,"Midday Workout",1h,"Single Arm Vertical Iso-Lateral Row (Machine)",2,70.0,6.0,0,0.0,
2025-06-25 12:17:34,"Midday Workout",1h,"Single Arm Vertical Iso-Lateral Row (Machine)",3,72.5,5.0,0,0.0,
2025-06-25 12:17:34,"Midday Workout",1h,"Single Arm Vertical Iso-Lateral Row (Machine)",4,75.0,5.0,0,0.0,
2025-06-25 12:17:34,"Midday Workout",1h,"Single Arm Vertical Iso-Lateral Row (Machine)",5,65.0,10.0,0,0.0,
2025-06-25 12:17:34,"Midday Workout",1h,"Pull Up",1,0.0,5.0,0,0.0,
2025-06-25 12:17:34,"Midday Workout",1h,"Pull Up",2,5.0,5.0,0,0.0,
2025-06-25 12:17:34,"Midday Workout",1h,"Pull Up",3,5.0,5.0,0,0.0,
2025-06-25 12:17:34,"Midday Workout",1h,"Pull Up",4,5.0,5.0,0,0.0,
2025-06-25 12:17:34,"Midday Workout",1h,"Shoulder Press (Plate Loaded)",1,45.0,6.0,0,0.0,
2025-06-25 12:17:34,"Midday Workout",1h,"Shoulder Press (Plate Loaded)",2,45.0,6.0,0,0.0,
2025-06-25 12:17:34,"Midday Workout",1h,"Shoulder Press (Plate Loaded)",3,47.5,5.0,0,0.0,
2025-06-25 12:17:34,"Midday Workout",1h,"Shoulder Press (Plate Loaded)",4,47.5,5.0,0,0.0,
2025-06-25 12:17:34,"Midday Workout",1h,"Lateral Raise (Machine)",1,27.5,8.0,0,0.0,
2025-06-25 12:17:34,"Midday Workout",1h,"Lateral Raise (Machine)",2,30.0,8.0,0,0.0,
2025-06-25 12:17:34,"Midday Workout",1h,"Lateral Raise (Machine)",3,30.0,8.0,0,0.0,
2025-06-25 12:17:34,"Midday Workout",1h,"Bicep Curl (Barbell)",1,26.0,8.0,0,0.0,
2025-06-25 12:17:34,"Midday Workout",1h,"Bicep Curl (Barbell)",2,30.0,6.0,0,0.0,
2025-06-25 12:17:34,"Midday Workout",1h,"Bicep Curl (Barbell)",3,30.0,6.0,0,0.0,
2025-06-25 12:17:34,"Midday Workout",1h,"Cable Crunch",1,42.0,20.0,0,0.0,
2025-06-25 12:17:34,"Midday Workout",1h,"Cable Crunch",2,45.5,20.0,0,0.0,
2025-06-25 12:17:34,"Midday Workout",1h,"Cable Crunch",3,45.5,20.0,0,0.0,
2025-06-27 15:27:42,"Afternoon Workout",41m,"Incline Bench Press (Barbell)",W,20.0,12.0,0,0.0,
2025-06-27 15:27:42,"Afternoon Workout",41m,"Incline Bench Press (Barbell)",1,60.0,5.0,0,0.0,
2025-06-27 15:27:42,"Afternoon Workout",41m,"Incline Bench Press (Barbell)",2,50.0,10.0,0,0.0,
2025-06-27 15:27:42,"Afternoon Workout",41m,"Incline Bench Press (Barbell)",3,50.0,10.0,0,0.0,
2025-06-27 15:27:42,"Afternoon Workout",41m,"Incline Bench Press (Barbell)",4,55.0,8.0,0,0.0,
2025-06-27 15:27:42,"Afternoon Workout",41m,"Cable Crossover",1,11.25,10.0,0,0.0,
2025-06-27 15:27:42,"Afternoon Workout",41m,"Cable Crossover",2,11.25,10.0,0,0.0,
2025-06-27 15:27:42,"Afternoon Workout",41m,"Cable Crossover",3,12.5,8.0,0,0.0,
2025-06-27 15:27:42,"Afternoon Workout",41m,"Bulgarian Split Squat",1,16.0,8.0,0,0.0,
2025-06-27 15:27:42,"Afternoon Workout",41m,"Bulgarian Split Squat",2,14.0,8.0,0,0.0,
2025-06-27 15:27:42,"Afternoon Workout",41m,"Bulgarian Split Squat",3,14.0,8.0,0,0.0,
2025-06-27 15:27:42,"Afternoon Workout",41m,"One Handed Triceps Pull",1,10.0,10.0,0,0.0,
2025-06-27 15:27:42,"Afternoon Workout",41m,"One Handed Triceps Pull",2,11.25,10.0,0,0.0,
2025-06-27 15:27:42,"Afternoon Workout",41m,"One Handed Triceps Pull",3,10.0,10.0,0,0.0,
2025-06-27 15:27:42,"Afternoon Workout",41m,"Hanging Leg Raise",1,0,10.0,0,0.0,
2025-06-28 16:59:17,"Afternoon Workout",59m,"Lat Pulldown - Underhand (Cable)",1,50.0,12.0,0,0.0,
2025-06-28 16:59:17,"Afternoon Workout",59m,"Lat Pulldown - Underhand (Cable)",2,57.0,12.0,0,0.0,
2025-06-28 16:59:17,"Afternoon Workout",59m,"Lat Pulldown - Underhand (Cable)",3,57.0,12.0,0,0.0,
2025-06-28 16:59:17,"Afternoon Workout",59m,"Single Arm Vertical Iso-Lateral Row (Machine)",1,60.0,8.0,0,0.0,
2025-06-28 16:59:17,"Afternoon Workout",59m,"Single Arm Vertical Iso-Lateral Row (Machine)",2,60.0,8.0,0,0.0,
2025-06-28 16:59:17,"Afternoon Workout",59m,"Single Arm Vertical Iso-Lateral Row (Machine)",3,60.0,8.0,0,0.0,
2025-06-28 16:59:17,"Afternoon Workout",59m,"Bicep Curl (Cable)",1,10.0,10.0,0,0.0,
2025-06-28 16:59:17,"Afternoon Workout",59m,"Bicep Curl (Cable)",2,10.0,10.0,0,0.0,
2025-06-28 16:59:17,"Afternoon Workout",59m,"Bicep Curl (Cable)",3,10.0,10.0,0,0.0,
2025-06-28 16:59:17,"Afternoon Workout",59m,"Shoulder Press (Plate Loaded)",1,40.0,8.0,0,0.0,
2025-06-28 16:59:17,"Afternoon Workout",59m,"Shoulder Press (Plate Loaded)",2,40.0,8.0,0,0.0,
2025-06-28 16:59:17,"Afternoon Workout",59m,"Shoulder Press (Plate Loaded)",3,40.0,8.0,0,0.0,
2025-06-28 16:59:17,"Afternoon Workout",59m,"Lateral Raise (Cable)",1,5.0,10.0,0,0.0,
2025-06-28 16:59:17,"Afternoon Workout",59m,"Lateral Raise (Cable)",2,5.0,10.0,0,0.0,
2025-06-28 16:59:17,"Afternoon Workout",59m,"Lateral Raise (Cable)",3,5.0,10.0,0,0.0,
2025-06-28 16:59:17,"Afternoon Workout",59m,"Flat Leg Raise",1,0,10.0,0,0.0,
2025-06-28 16:59:17,"Afternoon Workout",59m,"Flat Leg Raise",2,0,20.0,0,0.0,
2025-06-28 16:59:17,"Afternoon Workout",59m,"Bicycle Crunch",1,0,15.0,0,0.0,
2025-06-28 16:59:17,"Afternoon Workout",59m,"Bicycle Crunch",2,0,20.0,0,0.0,
2025-06-28 16:59:17,"Afternoon Workout",59m,"Dead Bugs",1,0,20.0,0,0.0,
2025-06-28 16:59:17,"Afternoon Workout",59m,"Dead Bugs",2,0,20.0,0,0.0,
2025-06-30 16:35:16,"Afternoon Workout",1h 1m,"Bench Press (Barbell)",W,40.0,10.0,0,0.0,
2025-06-30 16:35:16,"Afternoon Workout",1h 1m,"Bench Press (Barbell)",1,60.0,5.0,0,0.0,
2025-06-30 16:35:16,"Afternoon Workout",1h 1m,"Bench Press (Barbell)",2,70.0,5.0,0,0.0,
2025-06-30 16:35:16,"Afternoon Workout",1h 1m,"Bench Press (Barbell)",3,75.0,3.0,0,0.0,
2025-06-30 16:35:16,"Afternoon Workout",1h 1m,"Bench Press (Barbell)",4,77.5,1.0,0,0.0,
2025-06-30 16:35:16,"Afternoon Workout",1h 1m,"Bench Press (Barbell)",5,70.0,1.0,0,0.0,
2025-06-30 16:35:16,"Afternoon Workout",1h 1m,"Bench Press (Barbell)",6,65.0,6.0,0,0.0,
2025-06-30 16:35:16,"Afternoon Workout",1h 1m,"Incline Bench Press (Dumbbell)",1,26.0,3.0,0,0.0,
2025-06-30 16:35:16,"Afternoon Workout",1h 1m,"Incline Bench Press (Dumbbell)",2,26.0,6.0,0,0.0,
2025-06-30 16:35:16,"Afternoon Workout",1h 1m,"Incline Bench Press (Dumbbell)",3,26.0,6.0,0,0.0,
2025-06-30 16:35:16,"Afternoon Workout",1h 1m,"Romanian Deadlift (Barbell)",W,20.0,10.0,0,0.0,
2025-06-30 16:35:16,"Afternoon Workout",1h 1m,"Romanian Deadlift (Barbell)",W,40.0,8.0,0,0.0,
2025-06-30 16:35:16,"Afternoon Workout",1h 1m,"Romanian Deadlift (Barbell)",1,60.0,6.0,0,0.0,
2025-06-30 16:35:16,"Afternoon Workout",1h 1m,"Romanian Deadlift (Barbell)",2,60.0,6.0,0,0.0,
2025-06-30 16:35:16,"Afternoon Workout",1h 1m,"Romanian Deadlift (Barbell)",3,60.0,6.0,0,0.0,
2025-06-30 16:35:16,"Afternoon Workout",1h 1m,"Romanian Deadlift (Barbell)",4,70.0,5.0,0,0.0,
2025-06-30 16:35:16,"Afternoon Workout",1h 1m,"Leg Press",1,170.0,6.0,0,0.0,
2025-06-30 16:35:16,"Afternoon Workout",1h 1m,"Leg Press",2,170.0,6.0,0,0.0,
2025-06-30 16:35:16,"Afternoon Workout",1h 1m,"Leg Press",3,170.0,6.0,0,0.0,
2025-06-30 16:35:16,"Afternoon Workout",1h 1m,"One Handed Triceps Pull",1,10.0,8.0,0,0.0,
2025-06-30 16:35:16,"Afternoon Workout",1h 1m,"One Handed Triceps Pull",2,10.0,8.0,0,0.0,
2025-06-30 16:35:16,"Afternoon Workout",1h 1m,"One Handed Triceps Pull",3,10.0,8.0,0,0.0,
2025-06-30 16:35:16,"Afternoon Workout",1h 1m,"Weighted Plank",1,0,0.0,0,60.0,
2025-06-30 16:35:16,"Afternoon Workout",1h 1m,"Weighted Plank",2,0,0.0,0,60.0,
2025-07-02 10:52:19,"Morning Workout",1h 4m,"Single Arm Vertical Iso-Lateral Row (Machine)",W,40.0,8.0,0,0.0,
2025-07-02 10:52:19,"Morning Workout",1h 4m,"Single Arm Vertical Iso-Lateral Row (Machine)",1,65.0,6.0,0,0.0,
2025-07-02 10:52:19,"Morning Workout",1h 4m,"Single Arm Vertical Iso-Lateral Row (Machine)",2,70.0,5.0,0,0.0,
2025-07-02 10:52:19,"Morning Workout",1h 4m,"Single Arm Vertical Iso-Lateral Row (Machine)",3,75.0,4.0,0,0.0,
2025-07-02 10:52:19,"Morning Workout",1h 4m,"Single Arm Vertical Iso-Lateral Row (Machine)",4,60.0,8.0,0,0.0,
2025-07-02 10:52:19,"Morning Workout",1h 4m,"Chin Up",1,5.0,5.0,0,0.0,
2025-07-02 10:52:19,"Morning Workout",1h 4m,"Chin Up",2,5.0,5.0,0,0.0,
2025-07-02 10:52:19,"Morning Workout",1h 4m,"Chin Up",3,5.0,5.0,0,0.0,
2025-07-02 10:52:19,"Morning Workout",1h 4m,"Shoulder Press (Machine)",1,45.0,8.0,0,0.0,
2025-07-02 10:52:19,"Morning Workout",1h 4m,"Shoulder Press (Machine)",2,50.0,6.0,0,0.0,
2025-07-02 10:52:19,"Morning Workout",1h 4m,"Shoulder Press (Machine)",3,52.5,6.0,0,0.0,
2025-07-02 10:52:19,"Morning Workout",1h 4m,"Shoulder Press (Machine)",4,42.5,8.0,0,0.0,
2025-07-02 10:52:19,"Morning Workout",1h 4m,"Lateral Raise (Machine)",1,32.5,6.0,0,0.0,
2025-07-02 10:52:19,"Morning Workout",1h 4m,"Lateral Raise (Machine)",2,30.0,8.0,0,0.0,
2025-07-02 10:52:19,"Morning Workout",1h 4m,"Lateral Raise (Machine)",3,30.0,8.0,0,0.0,
2025-07-02 10:52:19,"Morning Workout",1h 4m,"Bicep Curl (Barbell)",1,30.0,6.0,0,0.0,
2025-07-02 10:52:19,"Morning Workout",1h 4m,"Bicep Curl (Barbell)",2,30.0,6.0,0,0.0,
2025-07-02 10:52:19,"Morning Workout",1h 4m,"Bicep Curl (Barbell)",3,30.0,6.0,0,0.0,
2025-07-02 10:52:19,"Morning Workout",1h 4m," Cable Woodchoppers",1,12.5,8.0,0,0.0,
2025-07-02 10:52:19,"Morning Workout",1h 4m," Cable Woodchoppers",2,15.0,8.0,0,0.0,
2025-07-02 10:52:19,"Morning Workout",1h 4m," Cable Woodchoppers",3,15.0,8.0,0,0.0,
2025-07-02 10:52:19,"Morning Workout",1h 4m,"V Up",1,0,15.0,0,0.0,
2025-07-02 10:52:19,"Morning Workout",1h 4m,"V Up",2,0,15.0,0,0.0,
2025-07-04 11:40:34,"Morning Workout",47m,"Chest Press (Machine)",W,42.5,8.0,0,0.0,
2025-07-04 11:40:34,"Morning Workout",47m,"Chest Press (Machine)",1,60.0,8.0,0,0.0,
2025-07-04 11:40:34,"Morning Workout",47m,"Chest Press (Machine)",2,60.0,8.0,0,0.0,
2025-07-04 11:40:34,"Morning Workout",47m,"Chest Press (Machine)",3,60.0,8.0,0,0.0,
2025-07-04 11:40:34,"Morning Workout",47m,"Chest Fly",1,65.0,8.0,0,0.0,
2025-07-04 11:40:34,"Morning Workout",47m,"Chest Fly",2,65.0,8.0,0,0.0,
2025-07-04 11:40:34,"Morning Workout",47m,"Chest Fly",3,60.0,10.0,0,0.0,
2025-07-04 11:40:34,"Morning Workout",47m,"Lunge (Dumbbell)",1,14.0,20.0,0,0.0,
2025-07-04 11:40:34,"Morning Workout",47m,"Lunge (Dumbbell)",2,16.0,20.0,0,0.0,
2025-07-04 11:40:34,"Morning Workout",47m,"Lunge (Dumbbell)",3,16.0,20.0,0,0.0,
2025-07-04 11:40:34,"Morning Workout",47m,"Leg Extension (Machine)",1,20.0,10.0,0,0.0,
2025-07-04 11:40:34,"Morning Workout",47m,"Leg Extension (Machine)",2,20.0,10.0,0,0.0,
2025-07-04 11:40:34,"Morning Workout",47m,"Leg Extension (Machine)",3,20.0,10.0,0,0.0,
2025-07-04 11:40:34,"Morning Workout",47m,"Triceps Pushdown (Cable - Straight Bar)",1,28.0,10.0,0,0.0,
2025-07-04 11:40:34,"Morning Workout",47m,"Triceps Pushdown (Cable - Straight Bar)",2,28.0,10.0,0,0.0,
2025-07-04 11:40:34,"Morning Workout",47m,"Triceps Pushdown (Cable - Straight Bar)",3,28.0,10.0,0,0.0,
2025-07-04 11:40:34,"Morning Workout",47m,"Hanging Leg Raise",1,0,10.0,0,0.0,
2025-07-04 11:40:34,"Morning Workout",47m,"Hanging Leg Raise",2,0,10.0,0,0.0,
2025-07-04 11:40:34,"Morning Workout",47m,"Hanging Leg Raise",3,0,10.0,0,0.0,
2025-07-06 11:23:12,"Morning Workout",1h 15m,"Single Arm Vertical Iso-Lateral Row (Machine)",W,40.0,8.0,0,0.0,
2025-07-06 11:23:12,"Morning Workout",1h 15m,"Single Arm Vertical Iso-Lateral Row (Machine)",1,60.0,10.0,0,0.0,
2025-07-06 11:23:12,"Morning Workout",1h 15m,"Single Arm Vertical Iso-Lateral Row (Machine)",2,60.0,10.0,0,0.0,
2025-07-06 11:23:12,"Morning Workout",1h 15m,"Single Arm Vertical Iso-Lateral Row (Machine)",3,60.0,10.0,0,0.0,
2025-07-06 11:23:12,"Morning Workout",1h 15m,"Pulldown (Cable)",1,21.0,12.0,0,0.0,
2025-07-06 11:23:12,"Morning Workout",1h 15m,"Pulldown (Cable)",2,23.75,10.0,0,0.0,
2025-07-06 11:23:12,"Morning Workout",1h 15m,"Pulldown (Cable)",3,23.75,10.0,0,0.0,
2025-07-06 11:23:12,"Morning Workout",1h 15m,"Face Pull (Cable)",1,11.25,15.0,0,0.0,
2025-07-06 11:23:12,"Morning Workout",1h 15m,"Face Pull (Cable)",2,13.75,12.0,0,0.0,
2025-07-06 11:23:12,"Morning Workout",1h 15m,"Face Pull (Cable)",3,18.75,10.0,0,0.0,
2025-07-06 11:23:12,"Morning Workout",1h 15m,"Lateral Raise (Cable)",1,5.0,10.0,0,0.0,
2025-07-06 11:23:12,"Morning Workout",1h 15m,"Lateral Raise (Cable)",2,5.0,10.0,0,0.0,
2025-07-06 11:23:12,"Morning Workout",1h 15m,"Lateral Raise (Cable)",3,5.0,10.0,0,0.0,
2025-07-06 11:23:12,"Morning Workout",1h 15m,"Bicep Curl (Cable)",1,10.0,10.0,0,0.0,
2025-07-06 11:23:12,"Morning Workout",1h 15m,"Bicep Curl (Cable)",2,12.5,8.0,0,0.0,
2025-07-06 11:23:12,"Morning Workout",1h 15m,"Bicep Curl (Cable)",3,11.25,10.0,0,0.0,
2025-07-06 11:23:12,"Morning Workout",1h 15m,"Bicycle Crunch",1,0,20.0,0,0.0,
2025-07-06 11:23:12,"Morning Workout",1h 15m,"Bicycle Crunch",2,0,20.0,0,0.0,
2025-07-06 11:23:12,"Morning Workout",1h 15m,"V Up",1,0,10.0,0,0.0,
2025-07-06 11:23:12,"Morning Workout",1h 15m,"V Up",2,0,10.0,0,0.0,
2025-07-06 11:23:12,"Morning Workout",1h 15m,"Dead Bugs",1,0,20.0,0,0.0,
2025-07-06 11:23:12,"Morning Workout",1h 15m,"Dead Bugs",2,0,20.0,0,0.0,
2025-07-07 18:29:52,"Evening Workout",1h 34m,"Bench Press (Barbell)",W,40.0,10.0,0,0.0,
2025-07-07 18:29:52,"Evening Workout",1h 34m,"Bench Press (Barbell)",1,60.0,5.0,0,0.0,
2025-07-07 18:29:52,"Evening Workout",1h 34m,"Bench Press (Barbell)",2,70.0,5.0,0,0.0,
2025-07-07 18:29:52,"Evening Workout",1h 34m,"Bench Press (Barbell)",3,77.5,3.0,0,0.0,
2025-07-07 18:29:52,"Evening Workout",1h 34m,"Bench Press (Barbell)",4,75.0,3.0,0,0.0,
2025-07-07 18:29:52,"Evening Workout",1h 34m,"Bench Press (Barbell)",5,65.0,6.0,0,0.0,
2025-07-07 18:29:52,"Evening Workout",1h 34m,"Decline Chest Press",1,60.0,8.0,0,0.0,
2025-07-07 18:29:52,"Evening Workout",1h 34m,"Decline Chest Press",2,70.0,8.0,0,0.0,
2025-07-07 18:29:52,"Evening Workout",1h 34m,"Decline Chest Press",3,80.0,6.0,0,0.0,
2025-07-07 18:29:52,"Evening Workout",1h 34m,"Decline Chest Press",4,60.0,8.0,0,0.0,
2025-07-07 18:29:52,"Evening Workout",1h 34m,"Squat (Barbell)",1,60.0,5.0,0,0.0,
2025-07-07 18:29:52,"Evening Workout",1h 34m,"Squat (Barbell)",2,70.0,5.0,0,0.0,
2025-07-07 18:29:52,"Evening Workout",1h 34m,"Squat (Barbell)",3,80.0,5.0,0,0.0,
2025-07-07 18:29:52,"Evening Workout",1h 34m,"Squat (Barbell)",4,80.0,5.0,0,0.0,
2025-07-07 18:29:52,"Evening Workout",1h 34m,"Hip Abductor (Machine)",1,30.0,8.0,0,0.0,
2025-07-07 18:29:52,"Evening Workout",1h 34m,"Hip Abductor (Machine)",2,30.0,8.0,0,0.0,
2025-07-07 18:29:52,"Evening Workout",1h 34m,"Hip Abductor (Machine)",3,30.0,8.0,0,0.0,
2025-07-07 18:29:52,"Evening Workout",1h 34m,"Bicep Curl (Barbell)",1,30.0,6.0,0,0.0,
2025-07-07 18:29:52,"Evening Workout",1h 34m,"Bicep Curl (Barbell)",2,30.0,8.0,0,0.0,
2025-07-07 18:29:52,"Evening Workout",1h 34m,"Bicep Curl (Barbell)",3,30.0,8.0,0,0.0,
2025-07-07 18:29:52,"Evening Workout",1h 34m,"Cable Crunch",1,45.5,20.0,0,0.0,
2025-07-07 18:29:52,"Evening Workout",1h 34m,"Cable Crunch",2,45.5,20.0,0,0.0,
2025-07-09 18:19:21,"Evening Workout",55m,"Seated Row (Cable)",W,40.0,10.0,0,0.0,
2025-07-09 18:19:21,"Evening Workout",55m,"Seated Row (Cable)",1,67.0,8.0,0,0.0,
2025-07-09 18:19:21,"Evening Workout",55m,"Seated Row (Cable)",2,77.0,6.0,0,0.0,
2025-07-09 18:19:21,"Evening Workout",55m,"Seated Row (Cable)",3,77.0,6.0,0,0.0,
2025-07-09 18:19:21,"Evening Workout",55m,"Seated Row (Cable)",4,57.0,10.0,0,0.0,
2025-07-09 18:19:21,"Evening Workout",55m,"Pull Up",1,10.0,3.0,0,0.0,
2025-07-09 18:19:21,"Evening Workout",55m,"Pull Up",2,10.0,3.0,0,0.0,
2025-07-09 18:19:21,"Evening Workout",55m,"Pull Up",3,5.0,5.0,0,0.0,
2025-07-09 18:19:21,"Evening Workout",55m,"Pull Up",4,5.0,5.0,0,0.0,
2025-07-09 18:19:21,"Evening Workout",55m,"Shoulder Press (Machine)",1,50.0,6.0,0,0.0,
2025-07-09 18:19:21,"Evening Workout",55m,"Shoulder Press (Machine)",2,52.5,6.0,0,0.0,
2025-07-09 18:19:21,"Evening Workout",55m,"Shoulder Press (Machine)",3,55.0,5.0,0,0.0,
2025-07-09 18:19:21,"Evening Workout",55m,"Shoulder Press (Machine)",4,42.5,8.0,0,0.0,
2025-07-09 18:19:21,"Evening Workout",55m,"Lateral Raise (Dumbbell)",1,8.0,8.0,0,0.0,
2025-07-09 18:19:21,"Evening Workout",55m,"Lateral Raise (Dumbbell)",2,9.0,8.0,0,0.0,
2025-07-09 18:19:21,"Evening Workout",55m,"Lateral Raise (Dumbbell)",3,10.0,8.0,0,0.0,
2025-07-09 18:19:21,"Evening Workout",55m,"Pallof Press",1,15.0,10.0,0,0.0,
2025-07-09 18:19:21,"Evening Workout",55m,"Pallof Press",2,15.0,10.0,0,0.0,
2025-07-10 17:49:23,"Afternoon Workout",1h 1m,"Incline Bench Press (Dumbbell)",1,20.0,10.0,0,0.0,
2025-07-10 17:49:23,"Afternoon Workout",1h 1m,"Incline Bench Press (Dumbbell)",2,22.0,10.0,0,0.0,
2025-07-10 17:49:23,"Afternoon Workout",1h 1m,"Incline Bench Press (Dumbbell)",3,24.0,10.0,0,0.0,
2025-07-10 17:49:23,"Afternoon Workout",1h 1m,"Incline Bench Press (Dumbbell)",4,24.0,10.0,0,0.0,
2025-07-10 17:49:23,"Afternoon Workout",1h 1m,"Cable Crossover (Low)",1,10.0,10.0,0,0.0,
2025-07-10 17:49:23,"Afternoon Workout",1h 1m,"Cable Crossover (Low)",2,11.25,10.0,0,0.0,
2025-07-10 17:49:23,"Afternoon Workout",1h 1m,"Cable Crossover (Low)",3,11.25,10.0,0,0.0,
2025-07-10 17:49:23,"Afternoon Workout",1h 1m,"Bulgarian Split Squat",1,12.0,10.0,0,0.0,
2025-07-10 17:49:23,"Afternoon Workout",1h 1m,"Bulgarian Split Squat",2,12.0,10.0,0,0.0,
2025-07-10 17:49:23,"Afternoon Workout",1h 1m,"Leg Extension (Machine)",1,20.0,12.0,0,0.0,
2025-07-10 17:49:23,"Afternoon Workout",1h 1m,"Leg Extension (Machine)",2,20.0,12.0,0,0.0,
2025-07-10 17:49:23,"Afternoon Workout",1h 1m,"Leg Extension (Machine)",3,20.0,12.0,0,0.0,
2025-07-10 17:49:23,"Afternoon Workout",1h 1m,"Triceps Dip",1,0.0,10.0,0,0.0,
2025-07-10 17:49:23,"Afternoon Workout",1h 1m,"Triceps Dip",2,0.0,10.0,0,0.0,
2025-07-10 17:49:23,"Afternoon Workout",1h 1m,"Triceps Dip",3,0.0,10.0,0,0.0,
2025-07-10 17:49:23,"Afternoon Workout",1h 1m,"Hanging Leg Raise",1,0,10.0,0,0.0,
2025-07-10 17:49:23,"Afternoon Workout",1h 1m,"Hanging Leg Raise",2,0,10.0,0,0.0,
2025-07-10 17:49:23,"Afternoon Workout",1h 1m,"Hanging Leg Raise",3,0,10.0,0,0.0,
2025-07-10 17:49:23,"Afternoon Workout",1h 1m,"Decline Crunch",1,10.0,15.0,0,0.0,
2025-07-10 17:49:23,"Afternoon Workout",1h 1m,"Decline Crunch",2,10.0,15.0,0,0.0,
2025-07-10 17:49:23,"Afternoon Workout",1h 1m,"Decline Crunch",3,10.0,15.0,0,0.0,
2025-07-12 11:03:18,"Morning Workout",1h 35m,"Lat Pulldown (Cable)",1,57.0,10.0,0,0.0,
2025-07-12 11:03:18,"Morning Workout",1h 35m,"Lat Pulldown (Cable)",2,67.0,10.0,0,0.0,
2025-07-12 11:03:18,"Morning Workout",1h 35m,"Lat Pulldown (Cable)",3,67.0,10.0,0,0.0,
2025-07-12 11:03:18,"Morning Workout",1h 35m,"Lat Pulldown (Cable)",4,57.0,12.0,0,0.0,
2025-07-12 11:03:18,"Morning Workout",1h 35m,"Reverse Fly (Machine)",1,35.0,15.0,0,0.0,
2025-07-12 11:03:18,"Morning Workout",1h 35m,"Reverse Fly (Machine)",2,42.5,12.0,0,0.0,
2025-07-12 11:03:18,"Morning Workout",1h 35m,"Reverse Fly (Machine)",3,45.0,12.0,0,0.0,
2025-07-12 11:03:18,"Morning Workout",1h 35m,"Upright Row (Barbell)",1,14.0,12.0,0,0.0,
2025-07-12 11:03:18,"Morning Workout",1h 35m,"Upright Row (Barbell)",2,18.0,12.0,0,0.0,
2025-07-12 11:03:18,"Morning Workout",1h 35m,"Upright Row (Barbell)",3,22.0,10.0,0,0.0,
2025-07-12 11:03:18,"Morning Workout",1h 35m,"Pulldown (Cable)",1,24.5,10.0,0,0.0,
2025-07-12 11:03:18,"Morning Workout",1h 35m,"Pulldown (Cable)",2,24.5,10.0,0,0.0,
2025-07-12 11:03:18,"Morning Workout",1h 35m,"Pulldown (Cable)",3,21.0,12.0,0,0.0,
2025-07-12 11:03:18,"Morning Workout",1h 35m,"Bicep Curl (Cable)",1,12.5,10.0,0,0.0,
2025-07-12 11:03:18,"Morning Workout",1h 35m,"Bicep Curl (Cable)",2,12.5,10.0,0,0.0,
2025-07-12 11:03:18,"Morning Workout",1h 35m,"Bicep Curl (Cable)",3,12.5,10.0,0,0.0,
2025-07-12 11:03:18,"Morning Workout",1h 35m,"Bicycle Crunch",1,0,20.0,0,0.0,
2025-07-12 11:03:18,"Morning Workout",1h 35m,"Bicycle Crunch",2,0,20.0,0,0.0,
2025-07-12 11:03:18,"Morning Workout",1h 35m,"V Up",1,0,10.0,0,0.0,
2025-07-12 11:03:18,"Morning Workout",1h 35m,"V Up",2,0,10.0,0,0.0,
2025-07-12 11:03:18,"Morning Workout",1h 35m,"Dead Bugs",1,0,20.0,0,0.0,
2025-07-12 11:03:18,"Morning Workout",1h 35m,"Dead Bugs",2,0,20.0,0,0.0,
2025-07-14 15:11:36,"Afternoon Workout",1h 37m,"Bench Press (Barbell)",W,40.0,10.0,0,0.0,
2025-07-14 15:11:36,"Afternoon Workout",1h 37m,"Bench Press (Barbell)",1,60.0,5.0,0,0.0,
2025-07-14 15:11:36,"Afternoon Workout",1h 37m,"Bench Press (Barbell)",2,70.0,5.0,0,0.0,
2025-07-14 15:11:36,"Afternoon Workout",1h 37m,"Bench Press (Barbell)",3,77.5,3.0,0,0.0,
2025-07-14 15:11:36,"Afternoon Workout",1h 37m,"Bench Press (Barbell)",4,80.0,1.0,0,0.0,
2025-07-14 15:11:36,"Afternoon Workout",1h 37m,"Bench Press (Barbell)",5,65.0,8.0,0,0.0,
2025-07-14 15:11:36,"Afternoon Workout",1h 37m,"Decline Chest Press",1,70.0,6.0,0,0.0,
2025-07-14 15:11:36,"Afternoon Workout",1h 37m,"Decline Chest Press",2,80.0,6.0,0,0.0,
2025-07-14 15:11:36,"Afternoon Workout",1h 37m,"Decline Chest Press",3,80.0,8.0,0,0.0,
2025-07-14 15:11:36,"Afternoon Workout",1h 37m,"Decline Chest Press",4,60.0,10.0,0,0.0,
2025-07-14 15:11:36,"Afternoon Workout",1h 37m,"Romanian Deadlift (Dumbbell)",1,20.0,8.0,0,0.0,
2025-07-14 15:11:36,"Afternoon Workout",1h 37m,"Romanian Deadlift (Dumbbell)",2,26.0,6.0,0,0.0,
2025-07-14 15:11:36,"Afternoon Workout",1h 37m,"Romanian Deadlift (Dumbbell)",3,28.0,5.0,0,0.0,
2025-07-14 15:11:36,"Afternoon Workout",1h 37m,"Romanian Deadlift (Dumbbell)",4,30.0,5.0,0,0.0,
2025-07-14 15:11:36,"Afternoon Workout",1h 37m,"Hip Abductor (Machine)",1,30.0,8.0,0,0.0,
2025-07-14 15:11:36,"Afternoon Workout",1h 37m,"Hip Abductor (Machine)",2,30.0,8.0,0,0.0,
2025-07-14 15:11:36,"Afternoon Workout",1h 37m,"Hip Abductor (Machine)",3,30.0,8.0,0,0.0,
2025-07-14 15:11:36,"Afternoon Workout",1h 37m,"One Handed Triceps Pull",1,12.5,8.0,0,0.0,
2025-07-14 15:11:36,"Afternoon Workout",1h 37m,"One Handed Triceps Pull",2,12.5,8.0,0,0.0,
2025-07-14 15:11:36,"Afternoon Workout",1h 37m,"One Handed Triceps Pull",3,12.5,8.0,0,0.0,
2025-07-14 15:11:36,"Afternoon Workout",1h 37m,"Cable Twist",1,12.5,8.0,0,0.0,
2025-07-14 15:11:36,"Afternoon Workout",1h 37m,"Cable Twist",2,12.5,8.0,0,0.0,
2025-07-14 15:11:36,"Afternoon Workout",1h 37m,"Cable Twist",3,12.5,8.0,0,0.0,
2025-07-16 16:05:09,"Afternoon Workout",1h 2m,"Single Arm Vertical Iso-Lateral Row (Machine)",W,40.0,10.0,0,0.0,
2025-07-16 16:05:09,"Afternoon Workout",1h 2m,"Single Arm Vertical Iso-Lateral Row (Machine)",1,70.0,6.0,0,0.0,
2025-07-16 16:05:09,"Afternoon Workout",1h 2m,"Single Arm Vertical Iso-Lateral Row (Machine)",2,75.0,5.0,0,0.0,
2025-07-16 16:05:09,"Afternoon Workout",1h 2m,"Single Arm Vertical Iso-Lateral Row (Machine)",3,80.0,3.0,0,0.0,
2025-07-16 16:05:09,"Afternoon Workout",1h 2m,"Single Arm Vertical Iso-Lateral Row (Machine)",4,60.0,8.0,0,0.0,
2025-07-16 16:05:09,"Afternoon Workout",1h 2m,"Chin Up",1,10.0,4.0,0,0.0,
2025-07-16 16:05:09,"Afternoon Workout",1h 2m,"Chin Up",2,10.0,4.0,0,0.0,
2025-07-16 16:05:09,"Afternoon Workout",1h 2m,"Chin Up",3,10.0,4.0,0,0.0,
2025-07-16 16:05:09,"Afternoon Workout",1h 2m,"Chin Up",4,0.0,10.0,0,0.0,
2025-07-16 16:05:09,"Afternoon Workout",1h 2m,"Seated Overhead Press (Dumbbell)",1,20.0,8.0,0,0.0,
2025-07-16 16:05:09,"Afternoon Workout",1h 2m,"Seated Overhead Press (Dumbbell)",2,22.0,8.0,0,0.0,
2025-07-16 16:05:09,"Afternoon Workout",1h 2m,"Seated Overhead Press (Dumbbell)",3,24.0,8.0,0,0.0,
2025-07-16 16:05:09,"Afternoon Workout",1h 2m,"Seated Overhead Press (Dumbbell)",4,18.0,10.0,0,0.0,
2025-07-16 16:05:09,"Afternoon Workout",1h 2m,"Lateral Raise (Cable)",1,6.25,8.0,0,0.0,
2025-07-16 16:05:09,"Afternoon Workout",1h 2m,"Lateral Raise (Cable)",2,6.25,8.0,0,0.0,
2025-07-16 16:05:09,"Afternoon Workout",1h 2m,"Lateral Raise (Cable)",3,6.25,8.0,0,0.0,
2025-07-16 16:05:09,"Afternoon Workout",1h 2m,"Bicep Curl (Barbell)",1,30.0,6.0,0,0.0,
2025-07-16 16:05:09,"Afternoon Workout",1h 2m,"Bicep Curl (Barbell)",2,30.0,8.0,0,0.0,
2025-07-16 16:05:09,"Afternoon Workout",1h 2m,"Bicep Curl (Barbell)",3,30.0,6.0,0,0.0,
2025-07-16 16:05:09,"Afternoon Workout",1h 2m,"Hanging Leg Raise",1,0,10.0,0,0.0,
2025-07-16 16:05:09,"Afternoon Workout",1h 2m,"Hanging Leg Raise",2,0,10.0,0,0.0,
2025-07-16 16:05:09,"Afternoon Workout",1h 2m,"Hanging Leg Raise",3,0,10.0,0,0.0,
2025-07-17 16:22:41,"Afternoon Workout",1h 22m,"Incline Bench Press (Barbell)",W,40.0,8.0,0,0.0,
2025-07-17 16:22:41,"Afternoon Workout",1h 22m,"Incline Bench Press (Barbell)",1,60.0,8.0,0,0.0,
2025-07-17 16:22:41,"Afternoon Workout",1h 22m,"Incline Bench Press (Barbell)",2,60.0,7.0,0,0.0,
2025-07-17 16:22:41,"Afternoon Workout",1h 22m,"Incline Bench Press (Barbell)",3,50.0,8.0,0,0.0,
2025-07-17 16:22:41,"Afternoon Workout",1h 22m,"Chest Fly",1,65.0,10.0,0,0.0,
2025-07-17 16:22:41,"Afternoon Workout",1h 22m,"Chest Fly",2,72.5,8.0,0,0.0,
2025-07-17 16:22:41,"Afternoon Workout",1h 22m,"Chest Fly",3,72.5,8.0,0,0.0,
2025-07-17 16:22:41,"Afternoon Workout",1h 22m,"Pendulum Squat",1,0.0,10.0,0,0.0,
2025-07-17 16:22:41,"Afternoon Workout",1h 22m,"Pendulum Squat",2,10.0,8.0,0,0.0,
2025-07-17 16:22:41,"Afternoon Workout",1h 22m,"Pendulum Squat",3,20.0,8.0,0,0.0,
2025-07-17 16:22:41,"Afternoon Workout",1h 22m,"Lying Leg Curl (Machine)",1,5.0,10.0,0,0.0,
2025-07-17 16:22:41,"Afternoon Workout",1h 22m,"Lying Leg Curl (Machine)",2,10.0,8.0,0,0.0,
2025-07-17 16:22:41,"Afternoon Workout",1h 22m,"Lying Leg Curl (Machine)",3,5.0,8.0,0,0.0,
2025-07-17 16:22:41,"Afternoon Workout",1h 22m,"Triceps Extension",1,17.5,10.0,0,0.0,
2025-07-17 16:22:41,"Afternoon Workout",1h 22m,"Triceps Extension",2,17.5,10.0,0,0.0,
2025-07-17 16:22:41,"Afternoon Workout",1h 22m,"Triceps Extension",3,17.5,10.0,0,0.0,
2025-07-17 16:22:41,"Afternoon Workout",1h 22m,"Decline Crunch",1,10.0,20.0,0,0.0,
2025-07-17 16:22:41,"Afternoon Workout",1h 22m,"Decline Crunch",2,10.0,20.0,0,0.0,
2025-07-20 10:44:33,"Morning Workout",58m,"Seated Row (Cable)",1,60.0,12.0,0,0.0,
2025-07-20 10:44:33,"Morning Workout",58m,"Seated Row (Cable)",2,67.0,10.0,0,0.0,
2025-07-20 10:44:33,"Morning Workout",58m,"Seated Row (Cable)",3,67.0,10.0,0,0.0,
2025-07-20 10:44:33,"Morning Workout",58m,"Pulldown (Cable)",1,21.0,12.0,0,0.0,
2025-07-20 10:44:33,"Morning Workout",58m,"Pulldown (Cable)",2,24.5,12.0,0,0.0,
2025-07-20 10:44:33,"Morning Workout",58m,"Pulldown (Cable)",3,21.0,12.0,0,0.0,
2025-07-20 10:44:33,"Morning Workout",58m,"Arnold Press (Dumbbell)",1,16.0,12.0,0,0.0,
2025-07-20 10:44:33,"Morning Workout",58m,"Arnold Press (Dumbbell)",2,18.0,10.0,0,0.0,
2025-07-20 10:44:33,"Morning Workout",58m,"Arnold Press (Dumbbell)",3,18.0,10.0,0,0.0,
2025-07-20 10:44:33,"Morning Workout",58m,"Lateral Raise (Cable)",1,5.0,10.0,0,0.0,
2025-07-20 10:44:33,"Morning Workout",58m,"Lateral Raise (Cable)",2,5.0,10.0,0,0.0,
2025-07-20 10:44:33,"Morning Workout",58m,"Lateral Raise (Cable)",3,5.0,10.0,0,0.0,
2025-07-20 10:44:33,"Morning Workout",58m,"Bicep Curl (Cable)",1,12.5,10.0,0,0.0,
2025-07-20 10:44:33,"Morning Workout",58m,"Bicep Curl (Cable)",2,10.0,12.0,0,0.0,
2025-07-20 10:44:33,"Morning Workout",58m,"Bicep Curl (Cable)",3,10.0,12.0,0,0.0,
2025-07-21 15:26:55,"Afternoon Workout",1h 36m,"Bench Press (Barbell)",W,40.0,10.0,0,0.0,
2025-07-21 15:26:55,"Afternoon Workout",1h 36m,"Bench Press (Barbell)",1,60.0,5.0,0,0.0,
2025-07-21 15:26:55,"Afternoon Workout",1h 36m,"Bench Press (Barbell)",2,70.0,5.0,0,0.0,
2025-07-21 15:26:55,"Afternoon Workout",1h 36m,"Bench Press (Barbell)",3,77.5,3.0,0,0.0,
2025-07-21 15:26:55,"Afternoon Workout",1h 36m,"Bench Press (Barbell)",4,80.0,1.0,0,0.0,
2025-07-21 15:26:55,"Afternoon Workout",1h 36m,"Bench Press (Barbell)",5,65.0,5.0,0,0.0,
2025-07-21 15:26:55,"Afternoon Workout",1h 36m,"Cable Crossover (Low)",1,13.75,8.0,0,0.0,
2025-07-21 15:26:55,"Afternoon Workout",1h 36m,"Cable Crossover (Low)",2,13.75,8.0,0,0.0,
2025-07-21 15:26:55,"Afternoon Workout",1h 36m,"Cable Crossover (Low)",3,13.75,8.0,0,0.0,
2025-07-21 15:26:55,"Afternoon Workout",1h 36m,"Romanian Deadlift (Barbell)",W,20.0,10.0,0,0.0,
2025-07-21 15:26:55,"Afternoon Workout",1h 36m,"Romanian Deadlift (Barbell)",W,40.0,6.0,0,0.0,
2025-07-21 15:26:55,"Afternoon Workout",1h 36m,"Romanian Deadlift (Barbell)",1,60.0,6.0,0,0.0,
2025-07-21 15:26:55,"Afternoon Workout",1h 36m,"Romanian Deadlift (Barbell)",2,70.0,5.0,0,0.0,
2025-07-21 15:26:55,"Afternoon Workout",1h 36m,"Romanian Deadlift (Barbell)",3,75.0,5.0,0,0.0,
2025-07-21 15:26:55,"Afternoon Workout",1h 36m,"Romanian Deadlift (Barbell)",4,60.0,6.0,0,0.0,
2025-07-21 15:26:55,"Afternoon Workout",1h 36m,"Leg Press",1,130.0,10.0,0,0.0,
2025-07-21 15:26:55,"Afternoon Workout",1h 36m,"Leg Press",2,150.0,8.0,0,0.0,
2025-07-21 15:26:55,"Afternoon Workout",1h 36m,"Leg Press",3,170.0,6.0,0,0.0,
2025-07-21 15:26:55,"Afternoon Workout",1h 36m,"One Handed Triceps Pull",1,12.5,8.0,0,0.0,
2025-07-21 15:26:55,"Afternoon Workout",1h 36m,"One Handed Triceps Pull",2,12.5,8.0,0,0.0,
2025-07-21 15:26:55,"Afternoon Workout",1h 36m,"One Handed Triceps Pull",3,12.5,8.0,0,0.0,
2025-07-21 15:26:55,"Afternoon Workout",1h 36m,"Triceps Dip",1,0.0,20.0,0,0.0,
2025-07-23 11:21:54,"Morning Workout",59m,"Single Arm Vertical Iso-Lateral Row (Machine)",W,40.0,10.0,0,0.0,
2025-07-23 11:21:54,"Morning Workout",59m,"Single Arm Vertical Iso-Lateral Row (Machine)",1,70.0,5.0,0,0.0,
2025-07-23 11:21:54,"Morning Workout",59m,"Single Arm Vertical Iso-Lateral Row (Machine)",2,75.0,5.0,0,0.0,
2025-07-23 11:21:54,"Morning Workout",59m,"Single Arm Vertical Iso-Lateral Row (Machine)",3,80.0,3.0,0,0.0,
2025-07-23 11:21:54,"Morning Workout",59m,"Single Arm Vertical Iso-Lateral Row (Machine)",4,60.0,8.0,0,0.0,
2025-07-23 11:21:54,"Morning Workout",59m,"Pull Up",1,10.0,3.0,0,0.0,
2025-07-23 11:21:54,"Morning Workout",59m,"Pull Up",2,10.0,3.0,0,0.0,
2025-07-23 11:21:54,"Morning Workout",59m,"Pull Up",3,5.0,6.0,0,0.0,
2025-07-23 11:21:54,"Morning Workout",59m,"Pull Up",4,5.0,6.0,0,0.0,
2025-07-23 11:21:54,"Morning Workout",59m,"Pull Up",5,0.0,5.0,0,0.0,
2025-07-23 11:21:54,"Morning Workout",59m,"Shoulder Press (Plate Loaded)",W,20.0,8.0,0,0.0,
2025-07-23 11:21:54,"Morning Workout",59m,"Shoulder Press (Plate Loaded)",1,45.0,6.0,0,0.0,
2025-07-23 11:21:54,"Morning Workout",59m,"Shoulder Press (Plate Loaded)",2,50.0,6.0,0,0.0,
2025-07-23 11:21:54,"Morning Workout",59m,"Shoulder Press (Plate Loaded)",3,52.5,4.0,0,0.0,
2025-07-23 11:21:54,"Morning Workout",59m,"Shoulder Press (Plate Loaded)",4,40.0,8.0,0,0.0,
2025-07-23 11:21:54,"Morning Workout",59m,"Lateral Raise (Machine)",1,32.5,8.0,0,0.0,
2025-07-23 11:21:54,"Morning Workout",59m,"Lateral Raise (Machine)",2,30.0,8.0,0,0.0,
2025-07-23 11:21:54,"Morning Workout",59m,"Lateral Raise (Machine)",3,30.0,8.0,0,0.0,
2025-07-23 11:21:54,"Morning Workout",59m,"Bicep Curl (Barbell)",1,30.0,6.0,0,0.0,
2025-07-23 11:21:54,"Morning Workout",59m,"Bicep Curl (Barbell)",2,30.0,6.0,0,0.0,
2025-07-23 11:21:54,"Morning Workout",59m,"Bicep Curl (Barbell)",3,30.0,6.0,0,0.0,
2025-07-23 11:21:54,"Morning Workout",59m,"Hanging Leg Raise",1,0,10.0,0,0.0,
2025-07-23 11:21:54,"Morning Workout",59m,"Hanging Leg Raise",2,0,10.0,0,0.0,
2025-07-23 11:21:54,"Morning Workout",59m,"Hanging Leg Raise",3,0,10.0,0,0.0,
2025-07-24 11:09:29,"Morning Workout",38m,"Chest Press (Machine)",W,42.5,8.0,0,0.0,
2025-07-24 11:09:29,"Morning Workout",38m,"Chest Press (Machine)",1,60.0,8.0,0,0.0,
2025-07-24 11:09:29,"Morning Workout",38m,"Chest Press (Machine)",2,60.0,8.0,0,0.0,
2025-07-24 11:09:29,"Morning Workout",38m,"Chest Press (Machine)",3,62.5,8.0,0,0.0,
2025-07-24 11:09:29,"Morning Workout",38m,"Chest Fly",1,65.0,12.0,0,0.0,
2025-07-24 11:09:29,"Morning Workout",38m,"Chest Fly",2,70.0,8.0,0,0.0,
2025-07-24 11:09:29,"Morning Workout",38m,"Chest Fly",3,70.0,8.0,0,0.0,
2025-07-24 11:09:29,"Morning Workout",38m,"Bulgarian Split Squat",1,12.0,10.0,0,0.0,
2025-07-24 11:09:29,"Morning Workout",38m,"Bulgarian Split Squat",2,12.0,10.0,0,0.0,
2025-07-24 11:09:29,"Morning Workout",38m,"Leg Extension (Machine)",1,20.0,12.0,0,0.0,
2025-07-24 11:09:29,"Morning Workout",38m,"Leg Extension (Machine)",2,20.0,12.0,0,0.0,
2025-07-24 11:09:29,"Morning Workout",38m,"Leg Extension (Machine)",3,20.0,12.0,0,0.0,
2025-07-24 11:09:29,"Morning Workout",38m,"Triceps Dip",1,0.0,10.0,0,0.0,
2025-07-24 11:09:29,"Morning Workout",38m,"Triceps Dip",2,0.0,8.0,0,0.0,
2025-07-26 15:39:00,"Afternoon Workout",1h 21m,"Lat Pulldown (Cable)",1,50.0,15.0,0,0.0,
2025-07-26 15:39:00,"Afternoon Workout",1h 21m,"Lat Pulldown (Cable)",2,57.0,12.0,0,0.0,
2025-07-26 15:39:00,"Afternoon Workout",1h 21m,"Lat Pulldown (Cable)",3,57.0,10.0,0,0.0,
2025-07-26 15:39:00,"Afternoon Workout",1h 21m,"Lat Pulldown (Cable)",4,50.0,12.0,0,0.0,
2025-07-26 15:39:00,"Afternoon Workout",1h 21m,"Pulldown (Cable)",1,21.0,15.0,0,0.0,
2025-07-26 15:39:00,"Afternoon Workout",1h 21m,"Pulldown (Cable)",2,21.0,12.0,0,0.0,
2025-07-26 15:39:00,"Afternoon Workout",1h 21m,"Pulldown (Cable)",3,18.75,15.0,0,0.0,
2025-07-26 15:39:00,"Afternoon Workout",1h 21m,"Face Pull (Cable)",1,11.25,15.0,0,0.0,
2025-07-26 15:39:00,"Afternoon Workout",1h 21m,"Face Pull (Cable)",2,13.75,12.0,0,0.0,
2025-07-26 15:39:00,"Afternoon Workout",1h 21m,"Face Pull (Cable)",3,15.0,10.0,0,0.0,
2025-07-26 15:39:00,"Afternoon Workout",1h 21m,"Lateral Raise (Cable)",1,5.0,10.0,0,0.0,
2025-07-26 15:39:00,"Afternoon Workout",1h 21m,"Lateral Raise (Cable)",2,5.0,10.0,0,0.0,
2025-07-26 15:39:00,"Afternoon Workout",1h 21m,"Lateral Raise (Cable)",3,5.0,10.0,0,0.0,
2025-07-26 15:39:00,"Afternoon Workout",1h 21m,"Bicep Curl (Cable)",1,10.0,12.0,0,0.0,
2025-07-26 15:39:00,"Afternoon Workout",1h 21m,"Bicep Curl (Cable)",2,10.0,12.0,0,0.0,
2025-07-26 15:39:00,"Afternoon Workout",1h 21m,"Bicep Curl (Cable)",3,10.0,12.0,0,0.0,
2025-07-26 15:39:00,"Afternoon Workout",1h 21m,"Decline Crunch",1,10.0,15.0,0,0.0,
2025-07-26 15:39:00,"Afternoon Workout",1h 21m,"Decline Crunch",2,10.0,15.0,0,0.0,
2025-07-26 15:39:00,"Afternoon Workout",1h 21m,"Decline Crunch",3,10.0,15.0,0,0.0,
2025-07-28 17:01:06,"Afternoon Workout",1h 3m,"Bench Press (Barbell)",W,40.0,10.0,0,0.0,
2025-07-28 17:01:06,"Afternoon Workout",1h 3m,"Bench Press (Barbell)",1,60.0,5.0,0,0.0,
2025-07-28 17:01:06,"Afternoon Workout",1h 3m,"Bench Press (Barbell)",2,80.0,2.0,0,0.0,
2025-07-28 17:01:06,"Afternoon Workout",1h 3m,"Bench Press (Barbell)",3,75.0,4.0,0,0.0,
2025-07-28 17:01:06,"Afternoon Workout",1h 3m,"Bench Press (Barbell)",4,70.0,5.0,0,0.0,
2025-07-28 17:01:06,"Afternoon Workout",1h 3m,"Bench Press (Barbell)",5,65.0,6.0,0,0.0,
2025-07-28 17:01:06,"Afternoon Workout",1h 3m,"Decline Chest Press",1,80.0,6.0,0,0.0,
2025-07-28 17:01:06,"Afternoon Workout",1h 3m,"Decline Chest Press",2,80.0,6.0,0,0.0,
2025-07-28 17:01:06,"Afternoon Workout",1h 3m,"Decline Chest Press",3,90.0,5.0,0,0.0,
2025-07-28 17:01:06,"Afternoon Workout",1h 3m,"Decline Chest Press",4,60.0,8.0,0,0.0,
2025-07-28 17:01:06,"Afternoon Workout",1h 3m,"Pendulum Squat",1,0.0,8.0,0,0.0,
2025-07-28 17:01:06,"Afternoon Workout",1h 3m,"Pendulum Squat",2,20.0,8.0,0,0.0,
2025-07-28 17:01:06,"Afternoon Workout",1h 3m,"Hip Abductor (Machine)",1,30.0,8.0,0,0.0,
2025-07-28 17:01:06,"Afternoon Workout",1h 3m,"Hip Abductor (Machine)",2,35.0,8.0,0,0.0,
2025-07-28 17:01:06,"Afternoon Workout",1h 3m,"Hip Abductor (Machine)",3,35.0,8.0,0,0.0,
2025-07-28 17:01:06,"Afternoon Workout",1h 3m,"One Handed Triceps Pull",1,11.25,10.0,0,0.0,
2025-07-28 17:01:06,"Afternoon Workout",1h 3m,"One Handed Triceps Pull",2,11.25,10.0,0,0.0,
2025-07-28 17:01:06,"Afternoon Workout",1h 3m,"One Handed Triceps Pull",3,11.25,10.0,0,0.0,
2025-07-28 17:01:06,"Afternoon Workout",1h 3m,"Cable Twist",1,11.25,10.0,0,0.0,
2025-07-28 17:01:06,"Afternoon Workout",1h 3m,"Cable Twist",2,11.25,10.0,0,0.0,
2025-07-28 17:01:06,"Afternoon Workout",1h 3m,"Cable Twist",3,11.25,10.0,0,0.0,
2025-07-30 11:12:17,"Morning Workout",1h 8m,"Seated Row (Cable)",1,60.0,10.0,0,0.0,
2025-07-30 11:12:17,"Morning Workout",1h 8m,"Seated Row (Cable)",2,67.0,8.0,0,0.0,
2025-07-30 11:12:17,"Morning Workout",1h 8m,"Seated Row (Cable)",3,77.0,6.0,0,0.0,
2025-07-30 11:12:17,"Morning Workout",1h 8m,"Seated Row (Cable)",4,60.0,10.0,0,0.0,
2025-07-30 11:12:17,"Morning Workout",1h 8m,"Chin Up",1,10.0,5.0,0,0.0,
2025-07-30 11:12:17,"Morning Workout",1h 8m,"Chin Up",2,10.0,5.0,0,0.0,
2025-07-30 11:12:17,"Morning Workout",1h 8m,"Chin Up",3,10.0,5.0,0,0.0,
2025-07-30 11:12:17,"Morning Workout",1h 8m,"Chin Up",4,0.0,10.0,0,0.0,
2025-07-30 11:12:17,"Morning Workout",1h 8m,"Shoulder Press (Machine)",1,50.0,8.0,0,0.0,
2025-07-30 11:12:17,"Morning Workout",1h 8m,"Shoulder Press (Machine)",2,55.0,6.0,0,0.0,
2025-07-30 11:12:17,"Morning Workout",1h 8m,"Shoulder Press (Machine)",3,57.5,5.0,0,0.0,
2025-07-30 11:12:17,"Morning Workout",1h 8m,"Shoulder Press (Machine)",4,42.5,8.0,0,0.0,
2025-07-30 11:12:17,"Morning Workout",1h 8m,"Lateral Raise (Dumbbell)",1,9.0,8.0,0,0.0,
2025-07-30 11:12:17,"Morning Workout",1h 8m,"Lateral Raise (Dumbbell)",2,9.0,8.0,0,0.0,
2025-07-30 11:12:17,"Morning Workout",1h 8m,"Lateral Raise (Dumbbell)",3,9.0,8.0,0,0.0,
2025-07-30 11:12:17,"Morning Workout",1h 8m,"Bicep Curl (Barbell)",1,30.0,6.0,0,0.0,
2025-07-30 11:12:17,"Morning Workout",1h 8m,"Bicep Curl (Barbell)",2,30.0,6.0,0,0.0,
2025-07-30 11:12:17,"Morning Workout",1h 8m,"Bicep Curl (Barbell)",3,30.0,6.0,0,0.0,
2025-07-30 11:12:17,"Morning Workout",1h 8m,"Hanging Leg Raise",1,0,10.0,0,0.0,
2025-07-30 11:12:17,"Morning Workout",1h 8m,"Hanging Leg Raise",2,0,10.0,0,0.0,
2025-07-30 11:12:17,"Morning Workout",1h 8m,"Hanging Leg Raise",3,0,10.0,0,0.0,
2025-07-31 15:36:17,"Afternoon Workout",1h 44m,"Incline Bench Press (Dumbbell)",1,12.5,12.0,0,0.0,
2025-07-31 15:36:17,"Afternoon Workout",1h 44m,"Bench Press (Barbell)",1,60.0,8.0,0,0.0,
2025-07-31 15:36:17,"Afternoon Workout",1h 44m,"Bench Press (Barbell)",2,50.0,10.0,0,0.0,
2025-07-31 15:36:17,"Afternoon Workout",1h 44m,"Bench Press (Barbell)",3,50.0,10.0,0,0.0,
2025-07-31 15:36:17,"Afternoon Workout",1h 44m,"Chest Fly",1,45.0,12.0,0,0.0,
2025-07-31 15:36:17,"Afternoon Workout",1h 44m,"Chest Fly",2,45.0,10.0,0,0.0,
2025-07-31 15:36:17,"Afternoon Workout",1h 44m,"Chest Fly",3,45.0,10.0,0,0.0,
2025-07-31 15:36:17,"Afternoon Workout",1h 44m,"Lying Leg Curl (Machine)",1,5.0,8.0,0,0.0,
2025-07-31 15:36:17,"Afternoon Workout",1h 44m,"Lying Leg Curl (Machine)",2,5.0,8.0,0,0.0,
2025-07-31 15:36:17,"Afternoon Workout",1h 44m,"Leg Extension (Machine)",1,10.0,10.0,0,0.0,
2025-07-31 15:36:17,"Afternoon Workout",1h 44m,"Leg Extension (Machine)",2,10.0,10.0,0,0.0,
2025-07-31 15:36:17,"Afternoon Workout",1h 44m,"One Handed Triceps Pull",1,5.0,10.0,0,0.0,
2025-07-31 15:36:17,"Afternoon Workout",1h 44m,"One Handed Triceps Pull",2,5.0,10.0,0,0.0,
2025-07-31 15:36:17,"Afternoon Workout",1h 44m,"One Handed Triceps Pull",3,5.0,10.0,0,0.0,
2025-07-31 15:36:17,"Afternoon Workout",1h 44m,"Bicep Curl (Cable)",1,5.0,8.0,0,0.0,
2025-07-31 15:36:17,"Afternoon Workout",1h 44m,"Bicep Curl (Cable)",2,5.0,10.0,0,0.0,
2025-07-31 15:36:17,"Afternoon Workout",1h 44m,"Bicep Curl (Cable)",3,5.0,10.0,0,0.0,
2025-08-02 17:08:09,"Afternoon Workout",40m,"Seated Row (Cable)",1,47.0,10.0,0,0.0,
2025-08-02 17:08:09,"Afternoon Workout",40m,"Seated Row (Cable)",2,40.0,12.0,0,0.0,
2025-08-02 17:08:09,"Afternoon Workout",40m,"Seated Row (Cable)",3,40.0,12.0,0,0.0,
2025-08-02 17:08:09,"Afternoon Workout",40m,"Lat Pulldown (Cable)",1,47.0,12.0,0,0.0,
2025-08-02 17:08:09,"Afternoon Workout",40m,"Lat Pulldown (Cable)",2,47.0,12.0,0,0.0,
2025-08-02 17:08:09,"Afternoon Workout",40m,"Lat Pulldown (Cable)",3,40.0,12.0,0,0.0,
2025-08-02 17:08:09,"Afternoon Workout",40m,"Lateral Raise (Cable)",1,2.5,12.0,0,0.0,
2025-08-02 17:08:09,"Afternoon Workout",40m,"Lateral Raise (Cable)",2,2.5,12.0,0,0.0,
2025-08-02 17:08:09,"Afternoon Workout",40m,"Lateral Raise (Cable)",3,2.5,12.0,0,0.0,
2025-08-02 17:08:09,"Afternoon Workout",40m,"Reverse Fly (Machine)",1,30.0,12.0,0,0.0,
2025-08-02 17:08:09,"Afternoon Workout",40m,"Reverse Fly (Machine)",2,30.0,12.0,0,0.0,
2025-08-02 17:08:09,"Afternoon Workout",40m,"Reverse Fly (Machine)",3,30.0,12.0,0,0.0,
2025-08-02 17:08:09,"Afternoon Workout",40m,"Bicep Curl (Cable)",1,5.0,10.0,0,0.0,
2025-08-02 17:08:09,"Afternoon Workout",40m,"Bicep Curl (Cable)",2,5.0,12.0,0,0.0,
2025-08-04 10:49:53,"Morning Workout",49m,"Incline Chest Press (Machine)",W,40.0,10.0,0,0.0,
2025-08-04 10:49:53,"Morning Workout",49m,"Incline Chest Press (Machine)",1,60.0,10.0,0,0.0,
2025-08-04 10:49:53,"Morning Workout",49m,"Incline Chest Press (Machine)",2,65.0,10.0,0,0.0,
2025-08-04 10:49:53,"Morning Workout",49m,"Incline Chest Press (Machine)",3,60.0,8.0,0,0.0,
2025-08-04 10:49:53,"Morning Workout",49m,"Chest Fly",1,65.0,10.0,0,0.0,
2025-08-04 10:49:53,"Morning Workout",49m,"Chest Fly",2,70.0,8.0,0,0.0,
2025-08-04 10:49:53,"Morning Workout",49m,"Chest Fly",3,65.0,10.0,0,0.0,
2025-08-04 10:49:53,"Morning Workout",49m,"Romanian Deadlift (Dumbbell)",1,24.0,8.0,0,0.0,
2025-08-04 10:49:53,"Morning Workout",49m,"Romanian Deadlift (Dumbbell)",2,24.0,8.0,0,0.0,
2025-08-04 10:49:53,"Morning Workout",49m,"Romanian Deadlift (Dumbbell)",3,24.0,8.0,0,0.0,
2025-08-04 10:49:53,"Morning Workout",49m,"Lying Leg Curl (Machine)",1,5.0,8.0,0,0.0,
2025-08-04 10:49:53,"Morning Workout",49m,"Lying Leg Curl (Machine)",2,5.0,8.0,0,0.0,
2025-08-04 10:49:53,"Morning Workout",49m,"Lying Leg Curl (Machine)",3,5.0,8.0,0,0.0,
2025-08-04 10:49:53,"Morning Workout",49m,"Triceps Pushdown (Cable - Straight Bar)",1,23.75,12.0,0,0.0,
2025-08-04 10:49:53,"Morning Workout",49m,"Triceps Pushdown (Cable - Straight Bar)",2,28.0,10.0,0,0.0,
2025-08-04 10:49:53,"Morning Workout",49m,"Triceps Pushdown (Cable - Straight Bar)",3,28.0,10.0,0,0.0,
2025-08-04 10:49:53,"Morning Workout",49m,"V Up",1,0,10.0,0,0.0,
2025-08-04 10:49:53,"Morning Workout",49m,"V Up",2,0,10.0,0,0.0,
2025-08-04 10:49:53,"Morning Workout",49m,"V Up",3,0,10.0,0,0.0,
2025-08-06 11:10:05,"Morning Workout",40m,"Pull Up",1,5.0,8.0,0,0.0,
2025-08-06 11:10:05,"Morning Workout",40m,"Pull Up",2,5.0,8.0,0,0.0,
2025-08-06 11:10:05,"Morning Workout",40m,"Pull Up",3,5.0,6.0,0,0.0,
2025-08-06 11:10:05,"Morning Workout",40m,"Pulldown (Cable)",1,24.5,12.0,0,0.0,
2025-08-06 11:10:05,"Morning Workout",40m,"Pulldown (Cable)",2,28.0,8.0,0,0.0,
2025-08-06 11:10:05,"Morning Workout",40m,"Pulldown (Cable)",3,28.0,10.0,0,0.0,
2025-08-06 11:10:05,"Morning Workout",40m,"Arnold Press (Dumbbell)",1,18.0,10.0,0,0.0,
2025-08-06 11:10:05,"Morning Workout",40m,"Arnold Press (Dumbbell)",2,18.0,10.0,0,0.0,
2025-08-06 11:10:05,"Morning Workout",40m,"Arnold Press (Dumbbell)",3,18.0,10.0,0,0.0,
2025-08-06 11:10:05,"Morning Workout",40m,"Lateral Raise (Cable)",1,5.0,10.0,0,0.0,
2025-08-06 11:10:05,"Morning Workout",40m,"Lateral Raise (Cable)",2,5.0,10.0,0,0.0,
2025-08-06 11:10:05,"Morning Workout",40m,"Lateral Raise (Cable)",3,5.0,8.0,0,0.0,
2025-08-06 11:10:05,"Morning Workout",40m,"Bicep Curl (Cable)",1,10.0,12.0,0,0.0,
2025-08-06 11:10:05,"Morning Workout",40m,"Bicep Curl (Cable)",2,10.0,12.0,0,0.0,
2025-08-06 11:10:05,"Morning Workout",40m,"Bicep Curl (Cable)",3,10.0,10.0,0,0.0,
2025-08-06 11:10:05,"Morning Workout",40m,"Hanging Leg Raise",1,0,15.0,0,0.0,
2025-08-06 11:10:05,"Morning Workout",40m,"Hanging Leg Raise",2,0,15.0,0,0.0,
2025-08-07 11:11:03,"Morning Workout",1h 4m,"Bench Press (Barbell)",1,40.0,8.0,0,0.0,
2025-08-07 11:11:03,"Morning Workout",1h 4m,"Bench Press (Barbell)",2,60.0,5.0,0,0.0,
2025-08-07 11:11:03,"Morning Workout",1h 4m,"Bench Press (Barbell)",3,70.0,5.0,0,0.0,
2025-08-07 11:11:03,"Morning Workout",1h 4m,"Bench Press (Barbell)",4,75.0,3.0,0,0.0,
2025-08-07 11:11:03,"Morning Workout",1h 4m,"Bench Press (Barbell)",5,80.0,1.0,0,0.0,
2025-08-07 11:11:03,"Morning Workout",1h 4m,"Bench Press (Barbell)",6,65.0,6.0,0,0.0,
2025-08-07 11:11:03,"Morning Workout",1h 4m,"Decline Chest Press",1,80.0,6.0,0,0.0,
2025-08-07 11:11:03,"Morning Workout",1h 4m,"Decline Chest Press",2,85.0,5.0,0,0.0,
2025-08-07 11:11:03,"Morning Workout",1h 4m,"Decline Chest Press",3,90.0,5.0,0,0.0,
2025-08-07 11:11:03,"Morning Workout",1h 4m,"Decline Chest Press",4,60.0,8.0,0,0.0,
2025-08-07 11:11:03,"Morning Workout",1h 4m,"Leg Press",1,130.0,8.0,0,0.0,
2025-08-07 11:11:03,"Morning Workout",1h 4m,"Leg Press",2,150.0,8.0,0,0.0,
2025-08-07 11:11:03,"Morning Workout",1h 4m,"Leg Press",3,150.0,8.0,0,0.0,
2025-08-07 11:11:03,"Morning Workout",1h 4m,"Hip Abductor (Machine)",1,35.0,8.0,0,0.0,
2025-08-07 11:11:03,"Morning Workout",1h 4m,"Hip Abductor (Machine)",2,35.0,8.0,0,0.0,
2025-08-07 11:11:03,"Morning Workout",1h 4m,"Hip Abductor (Machine)",3,35.0,8.0,0,0.0,
2025-08-07 11:11:03,"Morning Workout",1h 4m,"Decline Crunch",1,10.0,15.0,0,0.0,
2025-08-07 11:11:03,"Morning Workout",1h 4m,"Decline Crunch",2,10.0,15.0,0,0.0,
2025-08-07 11:11:03,"Morning Workout",1h 4m,"Decline Crunch",3,10.0,15.0,0,0.0,
2025-08-07 11:11:03,"Morning Workout",1h 4m,"One Handed Triceps Pull",1,12.5,8.0,0,0.0,
2025-08-07 11:11:03,"Morning Workout",1h 4m,"One Handed Triceps Pull",2,12.5,8.0,0,0.0,
2025-08-07 11:11:03,"Morning Workout",1h 4m,"One Handed Triceps Pull",3,10.0,10.0,0,0.0,
2025-08-10 11:02:18,"Morning Workout",1h 27m,"Single Arm Vertical Iso-Lateral Row (Machine)",W,40.0,10.0,0,0.0,
2025-08-10 11:02:18,"Morning Workout",1h 27m,"Single Arm Vertical Iso-Lateral Row (Machine)",1,70.0,5.0,0,0.0,
2025-08-10 11:02:18,"Morning Workout",1h 27m,"Single Arm Vertical Iso-Lateral Row (Machine)",2,75.0,5.0,0,0.0,
2025-08-10 11:02:18,"Morning Workout",1h 27m,"Single Arm Vertical Iso-Lateral Row (Machine)",3,80.0,3.0,0,0.0,
2025-08-10 11:02:18,"Morning Workout",1h 27m,"Single Arm Vertical Iso-Lateral Row (Machine)",4,60.0,8.0,0,0.0,
2025-08-10 11:02:18,"Morning Workout",1h 27m,"Chin Up",1,10.0,5.0,0,0.0,
2025-08-10 11:02:18,"Morning Workout",1h 27m,"Chin Up",2,10.0,5.0,0,0.0,
2025-08-10 11:02:18,"Morning Workout",1h 27m,"Chin Up",3,10.0,5.0,0,0.0,
2025-08-10 11:02:18,"Morning Workout",1h 27m,"Chin Up",4,5.0,8.0,0,0.0,
2025-08-10 11:02:18,"Morning Workout",1h 27m,"Shoulder Press (Machine)",1,45.0,8.0,0,0.0,
2025-08-10 11:02:18,"Morning Workout",1h 27m,"Shoulder Press (Machine)",2,50.0,6.0,0,0.0,
2025-08-10 11:02:18,"Morning Workout",1h 27m,"Shoulder Press (Machine)",3,55.0,5.0,0,0.0,
2025-08-10 11:02:18,"Morning Workout",1h 27m,"Shoulder Press (Machine)",4,40.0,10.0,0,0.0,
2025-08-10 11:02:18,"Morning Workout",1h 27m,"Upright Row (Barbell)",1,22.0,10.0,0,0.0,
2025-08-10 11:02:18,"Morning Workout",1h 27m,"Upright Row (Barbell)",2,26.0,8.0,0,0.0,
2025-08-10 11:02:18,"Morning Workout",1h 27m,"Upright Row (Barbell)",3,26.0,10.0,0,0.0,
2025-08-10 11:02:18,"Morning Workout",1h 27m,"Preacher Curl (Barbell)",1,22.0,10.0,0,0.0,
2025-08-10 11:02:18,"Morning Workout",1h 27m,"Preacher Curl (Barbell)",2,26.0,8.0,0,0.0,
2025-08-10 11:02:18,"Morning Workout",1h 27m,"Preacher Curl (Barbell)",3,26.0,6.0,0,0.0,
2025-08-10 11:02:18,"Morning Workout",1h 27m,"Cable Crunch",1,42.0,20.0,0,0.0,
2025-08-10 11:02:18,"Morning Workout",1h 27m,"Cable Crunch",2,45.5,20.0,0,0.0,
2025-08-10 11:02:18,"Morning Workout",1h 27m,"Cable Crunch",3,45.5,20.0,0,0.0,
2025-08-11 18:43:31,"Evening Workout",1h 3m,"Bench Press (Barbell)",1,40.0,8.0,0,0.0,
2025-08-11 18:43:31,"Evening Workout",1h 3m,"Bench Press (Barbell)",2,60.0,5.0,0,0.0,
2025-08-11 18:43:31,"Evening Workout",1h 3m,"Bench Press (Barbell)",3,70.0,5.0,0,0.0,
2025-08-11 18:43:31,"Evening Workout",1h 3m,"Bench Press (Barbell)",4,75.0,4.0,0,0.0,
2025-08-11 18:43:31,"Evening Workout",1h 3m,"Bench Press (Barbell)",5,80.0,1.0,0,0.0,
2025-08-11 18:43:31,"Evening Workout",1h 3m,"Bench Press (Barbell)",6,65.0,8.0,0,0.0,
2025-08-11 18:43:31,"Evening Workout",1h 3m,"Cable Crossover",1,11.25,10.0,0,0.0,
2025-08-11 18:43:31,"Evening Workout",1h 3m,"Cable Crossover",2,13.75,8.0,0,0.0,
2025-08-11 18:43:31,"Evening Workout",1h 3m,"Cable Crossover",3,13.75,8.0,0,0.0,
2025-08-11 18:43:31,"Evening Workout",1h 3m,"Romanian Deadlift (Dumbbell)",1,24.0,8.0,0,0.0,
2025-08-11 18:43:31,"Evening Workout",1h 3m,"Romanian Deadlift (Dumbbell)",2,28.0,6.0,0,0.0,
2025-08-11 18:43:31,"Evening Workout",1h 3m,"Romanian Deadlift (Dumbbell)",3,30.0,5.0,0,0.0,
2025-08-11 18:43:31,"Evening Workout",1h 3m,"Romanian Deadlift (Dumbbell)",4,26.0,8.0,0,0.0,
2025-08-11 18:43:31,"Evening Workout",1h 3m,"Hip Abductor (Machine)",1,35.0,10.0,0,0.0,
2025-08-11 18:43:31,"Evening Workout",1h 3m,"Hip Abductor (Machine)",2,35.0,10.0,0,0.0,
2025-08-11 18:43:31,"Evening Workout",1h 3m,"Hip Abductor (Machine)",3,35.0,10.0,0,0.0,
2025-08-11 18:43:31,"Evening Workout",1h 3m,"Hip Adductor (Machine)",1,15.0,10.0,0,0.0,
2025-08-11 18:43:31,"Evening Workout",1h 3m,"Hip Adductor (Machine)",2,15.0,10.0,0,0.0,
2025-08-11 18:43:31,"Evening Workout",1h 3m,"Hip Adductor (Machine)",3,20.0,10.0,0,0.0,
2025-08-11 18:43:31,"Evening Workout",1h 3m,"Triceps Dip",1,0.0,10.0,0,0.0,
2025-08-11 18:43:31,"Evening Workout",1h 3m,"Triceps Dip",2,5.0,10.0,0,0.0,
2025-08-11 18:43:31,"Evening Workout",1h 3m,"Triceps Dip",3,5.0,10.0,0,0.0,
2025-08-13 18:43:24,"Evening Workout",1h 10m,"Seated Row (Cable)",W,60.0,8.0,0,0.0,
2025-08-13 18:43:24,"Evening Workout",1h 10m,"Seated Row (Cable)",1,70.0,6.0,0,0.0,
2025-08-13 18:43:24,"Evening Workout",1h 10m,"Seated Row (Cable)",2,77.0,5.0,0,0.0,
2025-08-13 18:43:24,"Evening Workout",1h 10m,"Seated Row (Cable)",3,80.0,5.0,0,0.0,
2025-08-13 18:43:24,"Evening Workout",1h 10m,"Seated Row (Cable)",4,65.0,8.0,0,0.0,
2025-08-13 18:43:24,"Evening Workout",1h 10m,"Wide Pull Up",1,10.0,5.0,0,0.0,
2025-08-13 18:43:24,"Evening Workout",1h 10m,"Wide Pull Up",2,10.0,5.0,0,0.0,
2025-08-13 18:43:24,"Evening Workout",1h 10m,"Wide Pull Up",3,10.0,4.0,0,0.0,
2025-08-13 18:43:24,"Evening Workout",1h 10m,"Wide Pull Up",4,5.0,7.0,0,0.0,
2025-08-13 18:43:24,"Evening Workout",1h 10m,"Shoulder Press (Plate Loaded)",1,50.0,5.0,0,0.0,
2025-08-13 18:43:24,"Evening Workout",1h 10m,"Shoulder Press (Plate Loaded)",2,50.0,5.0,0,0.0,
2025-08-13 18:43:24,"Evening Workout",1h 10m,"Shoulder Press (Plate Loaded)",3,52.5,4.0,0,0.0,
2025-08-13 18:43:24,"Evening Workout",1h 10m,"Shoulder Press (Plate Loaded)",4,40.0,8.0,0,0.0,
2025-08-13 18:43:24,"Evening Workout",1h 10m,"Lateral Raise (Cable)",1,5.0,10.0,0,0.0,
2025-08-13 18:43:24,"Evening Workout",1h 10m,"Lateral Raise (Cable)",2,6.25,8.0,0,0.0,
2025-08-13 18:43:24,"Evening Workout",1h 10m,"Lateral Raise (Cable)",3,6.25,8.0,0,0.0,
2025-08-13 18:43:24,"Evening Workout",1h 10m,"One Handed Triceps Pull",1,11.25,12.0,0,0.0,
2025-08-13 18:43:24,"Evening Workout",1h 10m,"One Handed Triceps Pull",2,13.75,8.0,0,0.0,
2025-08-13 18:43:24,"Evening Workout",1h 10m,"One Handed Triceps Pull",3,11.25,10.0,0,0.0,
2025-08-13 18:43:24,"Evening Workout",1h 10m,"Hanging Leg Raise",1,0,12.0,0,0.0,
2025-08-13 18:43:24,"Evening Workout",1h 10m,"Hanging Leg Raise",2,0,12.0,0,0.0,
2025-08-13 18:43:24,"Evening Workout",1h 10m,"Hanging Leg Raise",3,0,12.0,0,0.0,
2025-08-14 19:30:13,"Evening Workout",40m,"Incline Bench Press (Dumbbell)",1,20.0,10.0,0,0.0,
2025-08-14 19:30:13,"Evening Workout",40m,"Incline Bench Press (Dumbbell)",2,22.0,10.0,0,0.0,
2025-08-14 19:30:13,"Evening Workout",40m,"Incline Bench Press (Dumbbell)",3,22.0,10.0,0,0.0,
2025-08-14 19:30:13,"Evening Workout",40m,"Cable Crossover (Low)",1,10.0,10.0,0,0.0,
2025-08-14 19:30:13,"Evening Workout",40m,"Cable Crossover (Low)",2,10.0,10.0,0,0.0,
2025-08-14 19:30:13,"Evening Workout",40m,"Cable Crossover (Low)",3,10.0,10.0,0,0.0,
2025-08-14 19:30:13,"Evening Workout",40m,"Chest Press (Machine)",1,50.0,12.0,0,0.0,
2025-08-14 19:30:13,"Evening Workout",40m,"Chest Press (Machine)",2,50.0,12.0,0,0.0,
2025-08-14 19:30:13,"Evening Workout",40m,"Chest Press (Machine)",3,50.0,10.0,0,0.0,
2025-08-14 19:30:13,"Evening Workout",40m,"Bicep Curl (Cable)",1,10.0,10.0,0,0.0,
2025-08-14 19:30:13,"Evening Workout",40m,"Bicep Curl (Cable)",2,10.0,10.0,0,0.0,
2025-08-14 19:30:13,"Evening Workout",40m,"Bicep Curl (Cable)",3,10.0,10.0,0,0.0,
2025-08-14 19:30:13,"Evening Workout",40m,"Cable Twist",1,10.0,10.0,0,0.0,
2025-08-14 19:30:13,"Evening Workout",40m,"Cable Twist",2,10.0,10.0,0,0.0,
2025-08-14 19:30:13,"Evening Workout",40m,"Cable Twist",3,10.0,10.0,0,0.0,
2025-08-18 18:14:09,"Evening Workout",1h 18m,"Bench Press (Barbell)",1,40.0,8.0,0,0.0,
2025-08-18 18:14:09,"Evening Workout",1h 18m,"Bench Press (Barbell)",2,60.0,5.0,0,0.0,
2025-08-18 18:14:09,"Evening Workout",1h 18m,"Bench Press (Barbell)",3,70.0,5.0,0,0.0,
2025-08-18 18:14:09,"Evening Workout",1h 18m,"Bench Press (Barbell)",4,75.0,4.0,0,0.0,
2025-08-18 18:14:09,"Evening Workout",1h 18m,"Bench Press (Barbell)",5,72.5,5.0,0,0.0,
2025-08-18 18:14:09,"Evening Workout",1h 18m,"Bench Press (Barbell)",6,65.0,6.0,0,0.0,
2025-08-18 18:14:09,"Evening Workout",1h 18m,"Incline Bench Press (Dumbbell)",1,24.0,8.0,0,0.0,
2025-08-18 18:14:09,"Evening Workout",1h 18m,"Incline Bench Press (Dumbbell)",2,24.0,8.0,0,0.0,
2025-08-18 18:14:09,"Evening Workout",1h 18m,"Incline Bench Press (Dumbbell)",3,26.0,6.0,0,0.0,
2025-08-18 18:14:09,"Evening Workout",1h 18m,"Overhead Press (Barbell)",W,20.0,8.0,0,0.0,
2025-08-18 18:14:09,"Evening Workout",1h 18m,"Overhead Press (Barbell)",1,40.0,5.0,0,0.0,
2025-08-18 18:14:09,"Evening Workout",1h 18m,"Overhead Press (Barbell)",2,40.0,5.0,0,0.0,
2025-08-18 18:14:09,"Evening Workout",1h 18m,"Overhead Press (Barbell)",3,40.0,5.0,0,0.0,
2025-08-18 18:14:09,"Evening Workout",1h 18m,"Lateral Raise (Cable)",1,6.25,8.0,0,0.0,
2025-08-18 18:14:09,"Evening Workout",1h 18m,"Lateral Raise (Cable)",2,6.25,8.0,0,0.0,
2025-08-18 18:14:09,"Evening Workout",1h 18m,"Lateral Raise (Cable)",3,5.0,10.0,0,0.0,
2025-08-18 18:14:09,"Evening Workout",1h 18m,"One Handed Triceps Pull",1,12.5,8.0,0,0.0,
2025-08-18 18:14:09,"Evening Workout",1h 18m,"One Handed Triceps Pull",2,11.25,10.0,0,0.0,
2025-08-18 18:14:09,"Evening Workout",1h 18m,"One Handed Triceps Pull",3,11.25,10.0,0,0.0,
2025-08-18 18:14:09,"Evening Workout",1h 18m,"Hip Abductor (Machine)",1,35.0,10.0,0,0.0,
2025-08-18 18:14:09,"Evening Workout",1h 18m,"Hip Abductor (Machine)",2,35.0,10.0,0,0.0,
2025-08-18 18:14:09,"Evening Workout",1h 18m,"Hip Abductor (Machine)",3,40.0,10.0,0,0.0,
2025-08-18 18:14:09,"Evening Workout",1h 18m,"Hanging Leg Raise",1,0,10.0,0,0.0,
2025-08-18 18:14:09,"Evening Workout",1h 18m,"Hanging Leg Raise",2,0,12.0,0,0.0,
2025-08-18 18:14:09,"Evening Workout",1h 18m,"Hanging Leg Raise",3,0,12.0,0,0.0,
2025-08-20 18:43:52,"Evening Workout",1h 28m,"Pull Up",1,0.0,8.0,0,0.0,
2025-08-20 18:43:52,"Evening Workout",1h 28m,"Pull Up",2,5.0,7.0,0,0.0,
2025-08-20 18:43:52,"Evening Workout",1h 28m,"Pull Up",3,5.0,7.0,0,0.0,
2025-08-20 18:43:52,"Evening Workout",1h 28m,"Pull Up",4,5.0,7.0,0,0.0,
2025-08-20 18:43:52,"Evening Workout",1h 28m,"Seated Row (Cable)",1,57.0,10.0,0,0.0,
2025-08-20 18:43:52,"Evening Workout",1h 28m,"Seated Row (Cable)",2,67.0,10.0,0,0.0,
2025-08-20 18:43:52,"Evening Workout",1h 28m,"Seated Row (Cable)",3,57.0,12.0,0,0.0,
2025-08-20 18:43:52,"Evening Workout",1h 28m,"Romanian Deadlift (Dumbbell)",1,26.0,8.0,0,0.0,
2025-08-20 18:43:52,"Evening Workout",1h 28m,"Romanian Deadlift (Dumbbell)",2,26.0,8.0,0,0.0,
2025-08-20 18:43:52,"Evening Workout",1h 28m,"Romanian Deadlift (Dumbbell)",3,26.0,8.0,0,0.0,
2025-08-20 18:43:52,"Evening Workout",1h 28m,"Lying Leg Curl (Machine)",1,35.0,8.0,0,0.0,
2025-08-20 18:43:52,"Evening Workout",1h 28m,"Lying Leg Curl (Machine)",2,35.0,8.0,0,0.0,
2025-08-20 18:43:52,"Evening Workout",1h 28m,"Lying Leg Curl (Machine)",3,35.0,8.0,0,0.0,
2025-08-20 18:43:52,"Evening Workout",1h 28m,"Bicep Curl (Barbell)",1,26.0,8.0,0,0.0,
2025-08-20 18:43:52,"Evening Workout",1h 28m,"Bicep Curl (Barbell)",2,26.0,8.0,0,0.0,
2025-08-20 18:43:52,"Evening Workout",1h 28m,"Bicep Curl (Barbell)",3,26.0,8.0,0,0.0,
2025-08-20 18:43:52,"Evening Workout",1h 28m,"V Up",1,0,10.0,0,0.0,
2025-08-20 18:43:52,"Evening Workout",1h 28m,"V Up",2,0,10.0,0,0.0,
2025-08-20 18:43:52,"Evening Workout",1h 28m,"V Up",3,0,10.0,0,0.0,
2025-08-20 18:43:52,"Evening Workout",1h 28m,"Hammer Curl (Dumbbell)",1,9.0,15.0,0,0.0,
2025-08-20 18:43:52,"Evening Workout",1h 28m,"Hammer Curl (Dumbbell)",2,9.0,15.0,0,0.0,
2025-08-20 18:43:52,"Evening Workout",1h 28m,"Hammer Curl (Dumbbell)",3,9.0,15.0,0,0.0,
2025-08-24 09:56:46,"Morning Workout",1h 32m,"Incline Bench Press (Barbell)",W,40.0,8.0,0,0.0,
2025-08-24 09:56:46,"Morning Workout",1h 32m,"Incline Bench Press (Barbell)",1,55.0,5.0,0,0.0,
2025-08-24 09:56:46,"Morning Workout",1h 32m,"Incline Bench Press (Barbell)",2,60.0,5.0,0,0.0,
2025-08-24 09:56:46,"Morning Workout",1h 32m,"Incline Bench Press (Barbell)",3,62.5,5.0,0,0.0,
2025-08-24 09:56:46,"Morning Workout",1h 32m,"Incline Bench Press (Barbell)",4,65.0,3.0,0,0.0,
2025-08-24 09:56:46,"Morning Workout",1h 32m,"Incline Bench Press (Barbell)",5,50.0,8.0,0,0.0,
2025-08-24 09:56:46,"Morning Workout",1h 32m,"Chest Fly",1,65.0,10.0,0,0.0,
2025-08-24 09:56:46,"Morning Workout",1h 32m,"Chest Fly",2,65.0,10.0,0,0.0,
2025-08-24 09:56:46,"Morning Workout",1h 32m,"Chest Fly",3,65.0,9.0,0,0.0,
2025-08-24 09:56:46,"Morning Workout",1h 32m,"Single Arm Vertical Iso-Lateral Row (Machine)",W,40.0,10.0,0,0.0,
2025-08-24 09:56:46,"Morning Workout",1h 32m,"Single Arm Vertical Iso-Lateral Row (Machine)",1,70.0,6.0,0,0.0,
2025-08-24 09:56:46,"Morning Workout",1h 32m,"Single Arm Vertical Iso-Lateral Row (Machine)",2,75.0,5.0,0,0.0,
2025-08-24 09:56:46,"Morning Workout",1h 32m,"Single Arm Vertical Iso-Lateral Row (Machine)",3,65.0,6.0,0,0.0,
2025-08-24 09:56:46,"Morning Workout",1h 32m,"Lat Pulldown (Cable)",1,40.0,8.0,0,0.0,
2025-08-24 09:56:46,"Morning Workout",1h 32m,"Lat Pulldown (Cable)",2,50.0,8.0,0,0.0,
2025-08-24 09:56:46,"Morning Workout",1h 32m,"Lat Pulldown (Cable)",3,57.0,6.0,0,0.0,
2025-08-24 09:56:46,"Morning Workout",1h 32m,"Lat Pulldown (Cable)",4,67.0,5.0,0,0.0,
2025-08-24 09:56:46,"Morning Workout",1h 32m,"Arnold Press (Dumbbell)",1,18.0,10.0,0,0.0,
2025-08-24 09:56:46,"Morning Workout",1h 32m,"Arnold Press (Dumbbell)",2,20.0,8.0,0,0.0,
2025-08-24 09:56:46,"Morning Workout",1h 32m,"Arnold Press (Dumbbell)",3,20.0,8.0,0,0.0,
2025-08-24 09:56:46,"Morning Workout",1h 32m,"Lateral Raise (Dumbbell)",1,8.0,10.0,0,0.0,
2025-08-24 09:56:46,"Morning Workout",1h 32m,"Lateral Raise (Dumbbell)",2,9.0,8.0,0,0.0,
2025-08-24 09:56:46,"Morning Workout",1h 32m,"Lateral Raise (Dumbbell)",3,9.0,8.0,0,0.0,
2025-08-24 09:56:46,"Morning Workout",1h 32m,"Preacher Curl (Barbell)",1,22.0,10.0,0,0.0,
2025-08-24 09:56:46,"Morning Workout",1h 32m,"Preacher Curl (Barbell)",2,26.0,8.0,0,0.0,
2025-08-24 09:56:46,"Morning Workout",1h 32m,"Preacher Curl (Barbell)",3,26.0,8.0,0,0.0,
2025-08-24 09:56:46,"Morning Workout",1h 32m,"Triceps Dip",1,5.0,8.0,0,0.0,
2025-08-24 09:56:46,"Morning Workout",1h 32m,"Triceps Dip",2,7.5,8.0,0,0.0,
2025-08-24 09:56:46,"Morning Workout",1h 32m,"Triceps Dip",3,10.0,5.0,0,0.0,
2025-08-24 09:56:46,"Morning Workout",1h 32m,"Cable Crunch",1,42.0,20.0,0,0.0,
2025-08-24 09:56:46,"Morning Workout",1h 32m,"Cable Crunch",2,45.5,20.0,0,0.0,
2025-08-24 09:56:46,"Morning Workout",1h 32m,"Cable Crunch",3,45.5,20.0,0,0.0,
2025-08-25 18:37:33,"Evening Workout",1h 7m,"Bench Press (Dumbbell)",1,18.0,10.0,0,0.0,
2025-08-25 18:37:33,"Evening Workout",1h 7m,"Bench Press (Dumbbell)",2,22.0,10.0,0,0.0,
2025-08-25 18:37:33,"Evening Workout",1h 7m,"Bench Press (Dumbbell)",3,24.0,10.0,0,0.0,
2025-08-25 18:37:33,"Evening Workout",1h 7m,"Bench Press (Dumbbell)",4,26.0,8.0,0,0.0,
2025-08-25 18:37:33,"Evening Workout",1h 7m,"Chest Fly",1,55.0,12.0,0,0.0,
2025-08-25 18:37:33,"Evening Workout",1h 7m,"Chest Fly",2,60.0,10.0,0,0.0,
2025-08-25 18:37:33,"Evening Workout",1h 7m,"Chest Fly",3,65.0,10.0,0,0.0,
2025-08-25 18:37:33,"Evening Workout",1h 7m,"Seated Overhead Press (Dumbbell)",W,16.0,8.0,0,0.0,
2025-08-25 18:37:33,"Evening Workout",1h 7m,"Seated Overhead Press (Dumbbell)",1,22.0,8.0,0,0.0,
2025-08-25 18:37:33,"Evening Workout",1h 7m,"Seated Overhead Press (Dumbbell)",2,22.0,4.0,0,0.0,
2025-08-25 18:37:33,"Evening Workout",1h 7m,"Seated Overhead Press (Dumbbell)",3,20.0,4.0,0,0.0,
2025-08-25 18:37:33,"Evening Workout",1h 7m,"Seated Overhead Press (Dumbbell)",4,20.0,8.0,0,0.0,
2025-08-25 18:37:33,"Evening Workout",1h 7m,"Lateral Raise (Cable)",1,5.0,10.0,0,0.0,
2025-08-25 18:37:33,"Evening Workout",1h 7m,"Lateral Raise (Cable)",2,5.0,10.0,0,0.0,
2025-08-25 18:37:33,"Evening Workout",1h 7m,"Lateral Raise (Cable)",3,5.0,10.0,0,0.0,
2025-08-25 18:37:33,"Evening Workout",1h 7m,"One Handed Triceps Pull",1,10.0,12.0,0,0.0,
2025-08-25 18:37:33,"Evening Workout",1h 7m,"One Handed Triceps Pull",2,10.0,12.0,0,0.0,
2025-08-25 18:37:33,"Evening Workout",1h 7m,"One Handed Triceps Pull",3,10.0,8.0,0,0.0,
2025-08-25 18:37:33,"Evening Workout",1h 7m,"Hip Abductor (Machine)",1,35.0,10.0,0,0.0,
2025-08-25 18:37:33,"Evening Workout",1h 7m,"Hip Abductor (Machine)",2,35.0,10.0,0,0.0,
2025-08-25 18:37:33,"Evening Workout",1h 7m,"Hip Abductor (Machine)",3,40.0,10.0,0,0.0,
2025-08-25 18:37:33,"Evening Workout",1h 7m,"Hanging Leg Raise",1,0,10.0,0,0.0,
2025-08-25 18:37:33,"Evening Workout",1h 7m,"Hanging Leg Raise",2,0,10.0,0,0.0,
2025-08-25 18:37:33,"Evening Workout",1h 7m,"Hanging Leg Raise",3,0,10.0,0,0.0,
2025-08-27 18:19:16,"Evening Workout",1h,"Chin Up",W,0.0,8.0,0,0.0,
2025-08-27 18:19:16,"Evening Workout",1h,"Chin Up",1,10.0,5.0,0,0.0,
2025-08-27 18:19:16,"Evening Workout",1h,"Chin Up",2,10.0,5.0,0,0.0,
2025-08-27 18:19:16,"Evening Workout",1h,"Chin Up",3,10.0,5.0,0,0.0,
2025-08-27 18:19:16,"Evening Workout",1h,"Chin Up",4,5.0,6.0,0,0.0,
2025-08-27 18:19:16,"Evening Workout",1h,"Seated Row (Cable)",1,47.0,8.0,0,0.0,
2025-08-27 18:19:16,"Evening Workout",1h,"Seated Row (Cable)",2,60.0,8.0,0,0.0,
2025-08-27 18:19:16,"Evening Workout",1h,"Seated Row (Cable)",3,67.0,8.0,0,0.0,
2025-08-27 18:19:16,"Evening Workout",1h,"Seated Row (Cable)",4,70.0,6.0,0,0.0,
2025-08-27 18:19:16,"Evening Workout",1h,"Romanian Deadlift (Barbell)",W,20.0,10.0,0,0.0,
2025-08-27 18:19:16,"Evening Workout",1h,"Romanian Deadlift (Barbell)",1,60.0,5.0,0,0.0,
2025-08-27 18:19:16,"Evening Workout",1h,"Romanian Deadlift (Barbell)",2,70.0,5.0,0,0.0,
2025-08-27 18:19:16,"Evening Workout",1h,"Romanian Deadlift (Barbell)",3,70.0,5.0,0,0.0,
2025-08-27 18:19:16,"Evening Workout",1h,"Bicep Curl (Cable)",1,10.0,10.0,0,0.0,
2025-08-27 18:19:16,"Evening Workout",1h,"Bicep Curl (Cable)",2,10.0,10.0,0,0.0,
2025-08-27 18:19:16,"Evening Workout",1h,"Bicep Curl (Cable)",3,10.0,10.0,0,0.0,
2025-09-01 18:08:43,"Evening Workout",58m,"Bench Press (Barbell)",1,40.0,8.0,0,0.0,
2025-09-01 18:08:43,"Evening Workout",58m,"Bench Press (Barbell)",2,60.0,5.0,0,0.0,
2025-09-01 18:08:43,"Evening Workout",58m,"Bench Press (Barbell)",3,70.0,5.0,0,0.0,
2025-09-01 18:08:43,"Evening Workout",58m,"Bench Press (Barbell)",4,75.0,3.0,0,0.0,
2025-09-01 18:08:43,"Evening Workout",58m,"Bench Press (Barbell)",5,65.0,6.0,0,0.0,
2025-09-01 18:08:43,"Evening Workout",58m,"Incline Bench Press (Dumbbell)",1,24.0,8.0,0,0.0,
2025-09-01 18:08:43,"Evening Workout",58m,"Incline Bench Press (Dumbbell)",2,24.0,8.0,0,0.0,
2025-09-01 18:08:43,"Evening Workout",58m,"Incline Bench Press (Dumbbell)",3,24.0,8.0,0,0.0,
2025-09-01 18:08:43,"Evening Workout",58m,"Overhead Press (Barbell)",W,20.0,8.0,0,0.0,
2025-09-01 18:08:43,"Evening Workout",58m,"Overhead Press (Barbell)",1,40.0,4.0,0,0.0,
2025-09-01 18:08:43,"Evening Workout",58m,"Overhead Press (Barbell)",2,40.0,4.0,0,0.0,
2025-09-01 18:08:43,"Evening Workout",58m,"Overhead Press (Barbell)",3,40.0,5.0,0,0.0,
2025-09-01 18:08:43,"Evening Workout",58m,"Hip Abductor (Machine)",1,35.0,10.0,0,0.0,
2025-09-01 18:08:43,"Evening Workout",58m,"Hip Abductor (Machine)",2,40.0,10.0,0,0.0,
2025-09-01 18:08:43,"Evening Workout",58m,"Hip Abductor (Machine)",3,40.0,10.0,0,0.0,
2025-09-01 18:08:43,"Evening Workout",58m,"Lateral Raise (Dumbbell)",1,7.0,12.0,0,0.0,
2025-09-01 18:08:43,"Evening Workout",58m,"Lateral Raise (Dumbbell)",2,8.0,10.0,0,0.0,
2025-09-01 18:08:43,"Evening Workout",58m,"Lateral Raise (Dumbbell)",3,9.0,8.0,0,0.0,
2025-09-01 18:08:43,"Evening Workout",58m,"One Handed Triceps Pull",1,10.0,10.0,0,0.0,
2025-09-01 18:08:43,"Evening Workout",58m,"One Handed Triceps Pull",2,11.75,10.0,0,0.0,
2025-09-01 18:08:43,"Evening Workout",58m,"One Handed Triceps Pull",3,11.75,10.0,0,0.0,
2025-09-01 18:08:43,"Evening Workout",58m,"Hanging Leg Raise",1,0,10.0,0,0.0,
2025-09-01 18:08:43,"Evening Workout",58m,"Hanging Leg Raise",2,0,10.0,0,0.0,
2025-09-01 18:08:43,"Evening Workout",58m,"Hanging Leg Raise",3,0,10.0,0,0.0,
2025-09-03 19:33:04,"Evening Workout",57m,"Wide Pull Up",1,0.0,8.0,0,0.0,
2025-09-03 19:33:04,"Evening Workout",57m,"Wide Pull Up",2,5.0,7.0,0,0.0,
2025-09-03 19:33:04,"Evening Workout",57m,"Wide Pull Up",3,7.5,5.0,0,0.0,
2025-09-03 19:33:04,"Evening Workout",57m,"Wide Pull Up",4,10.0,3.0,0,0.0,
2025-09-03 19:33:04,"Evening Workout",57m,"Wide Pull Up",5,0.0,8.0,0,0.0,
2025-09-03 19:33:04,"Evening Workout",57m,"Seated Row (Cable)",1,60.0,8.0,0,0.0,
2025-09-03 19:33:04,"Evening Workout",57m,"Seated Row (Cable)",2,67.0,8.0,0,0.0,
2025-09-03 19:33:04,"Evening Workout",57m,"Seated Row (Cable)",3,70.0,5.0,0,0.0,
2025-09-03 19:33:04,"Evening Workout",57m,"Romanian Deadlift (Barbell)",W,20.0,10.0,0,0.0,
2025-09-03 19:33:04,"Evening Workout",57m,"Romanian Deadlift (Barbell)",1,40.0,8.0,0,0.0,
2025-09-03 19:33:04,"Evening Workout",57m,"Romanian Deadlift (Barbell)",2,60.0,6.0,0,0.0,
2025-09-03 19:33:04,"Evening Workout",57m,"Romanian Deadlift (Barbell)",3,65.0,5.0,0,0.0,
2025-09-03 19:33:04,"Evening Workout",57m,"Romanian Deadlift (Barbell)",4,70.0,5.0,0,0.0,
2025-09-03 19:33:04,"Evening Workout",57m,"Bicep Curl (Barbell)",1,26.0,8.0,0,0.0,
2025-09-03 19:33:04,"Evening Workout",57m,"Bicep Curl (Barbell)",2,26.0,8.0,0,0.0,
2025-09-03 19:33:04,"Evening Workout",57m,"Bicep Curl (Barbell)",3,30.0,5.0,0,0.0,
2025-09-03 19:33:04,"Evening Workout",57m,"Hammer Curl (Dumbbell)",1,10.0,12.0,0,0.0,
2025-09-03 19:33:04,"Evening Workout",57m,"Hammer Curl (Dumbbell)",2,10.0,12.0,0,0.0,
2025-09-03 19:33:04,"Evening Workout",57m,"Hammer Curl (Dumbbell)",3,10.0,12.0,0,0.0,
2025-09-07 10:59:44,"Morning Workout",58m,"Chest Press (Machine)",W,27.0,8.0,0,0.0,
2025-09-07 10:59:44,"Morning Workout",58m,"Chest Press (Machine)",1,45.0,12.0,0,0.0,
2025-09-07 10:59:44,"Morning Workout",58m,"Chest Press (Machine)",2,50.0,12.0,0,0.0,
2025-09-07 10:59:44,"Morning Workout",58m,"Chest Press (Machine)",3,55.0,10.0,0,0.0,
2025-09-07 10:59:44,"Morning Workout",58m,"Chest Fly",1,55.0,12.0,0,0.0,
2025-09-07 10:59:44,"Morning Workout",58m,"Chest Fly",2,60.0,10.0,0,0.0,
2025-09-07 10:59:44,"Morning Workout",58m,"Chest Fly",3,65.0,8.0,0,0.0,
2025-09-07 10:59:44,"Morning Workout",58m,"Reverse Fly (Machine)",1,35.0,10.0,0,0.0,
2025-09-07 10:59:44,"Morning Workout",58m,"Reverse Fly (Machine)",2,35.0,10.0,0,0.0,
2025-09-07 10:59:44,"Morning Workout",58m,"Reverse Fly (Machine)",3,35.0,10.0,0,0.0,
2025-09-07 10:59:44,"Morning Workout",58m,"Lat Pulldown - Underhand (Cable)",1,50.0,12.0,0,0.0,
2025-09-07 10:59:44,"Morning Workout",58m,"Lat Pulldown - Underhand (Cable)",2,57.0,10.0,0,0.0,
2025-09-07 10:59:44,"Morning Workout",58m,"Lat Pulldown - Underhand (Cable)",3,57.0,10.0,0,0.0,
2025-09-07 10:59:44,"Morning Workout",58m,"Pulldown (Cable)",1,21.0,12.0,0,0.0,
2025-09-07 10:59:44,"Morning Workout",58m,"Pulldown (Cable)",2,21.0,12.0,0,0.0,
2025-09-07 10:59:44,"Morning Workout",58m,"Pulldown (Cable)",3,21.0,12.0,0,0.0,
2025-09-07 10:59:44,"Morning Workout",58m,"Lateral Raise (Cable)",1,5.0,10.0,0,0.0,
2025-09-07 10:59:44,"Morning Workout",58m,"Lateral Raise (Cable)",2,5.0,10.0,0,0.0,
2025-09-07 10:59:44,"Morning Workout",58m,"Lateral Raise (Cable)",3,5.0,10.0,0,0.0,
2025-09-07 10:59:44,"Morning Workout",58m,"Bicep Curl (Cable)",1,10.0,10.0,0,0.0,
2025-09-07 10:59:44,"Morning Workout",58m,"Bicep Curl (Cable)",2,10.0,10.0,0,0.0,
2025-09-07 10:59:44,"Morning Workout",58m,"Bicep Curl (Cable)",3,10.0,10.0,0,0.0,
2025-09-07 10:59:44,"Morning Workout",58m,"Triceps Dip",1,0.0,10.0,0,0.0,
2025-09-07 10:59:44,"Morning Workout",58m,"Triceps Dip",2,0.0,10.0,0,0.0,
2025-09-07 10:59:44,"Morning Workout",58m,"Triceps Dip",3,0.0,10.0,0,0.0,
2025-09-08 18:40:40,"Evening Workout",1h,"Bench Press (Barbell)",1,40.0,8.0,0,0.0,
2025-09-08 18:40:40,"Evening Workout",1h,"Bench Press (Barbell)",2,60.0,5.0,0,0.0,
2025-09-08 18:40:40,"Evening Workout",1h,"Bench Press (Barbell)",3,65.0,5.0,0,0.0,
2025-09-08 18:40:40,"Evening Workout",1h,"Bench Press (Barbell)",4,70.0,5.0,0,0.0,
2025-09-08 18:40:40,"Evening Workout",1h,"Bench Press (Barbell)",5,75.0,3.0,0,0.0,
2025-09-08 18:40:40,"Evening Workout",1h,"Incline Bench Press (Dumbbell)",1,22.0,10.0,0,0.0,
2025-09-08 18:40:40,"Evening Workout",1h,"Incline Bench Press (Dumbbell)",2,24.0,10.0,0,0.0,
2025-09-08 18:40:40,"Evening Workout",1h,"Incline Bench Press (Dumbbell)",3,24.0,8.0,0,0.0,
2025-09-08 18:40:40,"Evening Workout",1h,"Overhead Press (Barbell)",W,20.0,8.0,0,0.0,
2025-09-08 18:40:40,"Evening Workout",1h,"Overhead Press (Barbell)",1,40.0,5.0,0,0.0,
2025-09-08 18:40:40,"Evening Workout",1h,"Overhead Press (Barbell)",2,40.0,5.0,0,0.0,
2025-09-08 18:40:40,"Evening Workout",1h,"Overhead Press (Barbell)",3,40.0,5.0,0,0.0,
2025-09-08 18:40:40,"Evening Workout",1h,"Lateral Raise (Dumbbell)",1,8.0,10.0,0,0.0,
2025-09-08 18:40:40,"Evening Workout",1h,"Lateral Raise (Dumbbell)",2,8.0,10.0,0,0.0,
2025-09-08 18:40:40,"Evening Workout",1h,"Lateral Raise (Dumbbell)",3,8.0,10.0,0,0.0,
2025-09-08 18:40:40,"Evening Workout",1h,"One Handed Triceps Pull",1,10.0,10.0,0,0.0,
2025-09-08 18:40:40,"Evening Workout",1h,"One Handed Triceps Pull",2,10.0,10.0,0,0.0,
2025-09-08 18:40:40,"Evening Workout",1h,"One Handed Triceps Pull",3,10.0,10.0,0,0.0,
2025-09-08 18:40:40,"Evening Workout",1h,"Hip Abductor (Machine)",1,35.0,10.0,0,0.0,
2025-09-08 18:40:40,"Evening Workout",1h,"Hip Abductor (Machine)",2,40.0,10.0,0,0.0,
2025-09-08 18:40:40,"Evening Workout",1h,"Hip Abductor (Machine)",3,35.0,10.0,0,0.0,
2025-09-11 18:21:33,"Evening Workout",1h 4m,"Wide Pull Up",1,0.0,8.0,0,0.0,
2025-09-11 18:21:33,"Evening Workout",1h 4m,"Wide Pull Up",2,5.0,6.0,0,0.0,
2025-09-11 18:21:33,"Evening Workout",1h 4m,"Wide Pull Up",3,7.5,5.0,0,0.0,
2025-09-11 18:21:33,"Evening Workout",1h 4m,"Wide Pull Up",4,10.0,3.0,0,0.0,
2025-09-11 18:21:33,"Evening Workout",1h 4m,"Wide Pull Up",5,0.0,8.0,0,0.0,
2025-09-11 18:21:33,"Evening Workout",1h 4m,"Single Arm Vertical Iso-Lateral Row (Machine)",W,40.0,8.0,0,0.0,
2025-09-11 18:21:33,"Evening Workout",1h 4m,"Single Arm Vertical Iso-Lateral Row (Machine)",1,60.0,8.0,0,0.0,
2025-09-11 18:21:33,"Evening Workout",1h 4m,"Single Arm Vertical Iso-Lateral Row (Machine)",2,65.0,5.0,0,0.0,
2025-09-11 18:21:33,"Evening Workout",1h 4m,"Single Arm Vertical Iso-Lateral Row (Machine)",3,60.0,6.0,0,0.0,
2025-09-11 18:21:33,"Evening Workout",1h 4m,"Romanian Deadlift (Barbell)",W,20.0,10.0,0,0.0,
2025-09-11 18:21:33,"Evening Workout",1h 4m,"Romanian Deadlift (Barbell)",1,50.0,8.0,0,0.0,
2025-09-11 18:21:33,"Evening Workout",1h 4m,"Romanian Deadlift (Barbell)",2,65.0,5.0,0,0.0,
2025-09-11 18:21:33,"Evening Workout",1h 4m,"Romanian Deadlift (Barbell)",3,70.0,5.0,0,0.0,
2025-09-11 18:21:33,"Evening Workout",1h 4m,"Romanian Deadlift (Barbell)",4,75.0,5.0,0,0.0,
2025-09-11 18:21:33,"Evening Workout",1h 4m,"Lying Leg Curl (Machine)",1,30.0,10.0,0,0.0,
2025-09-11 18:21:33,"Evening Workout",1h 4m,"Lying Leg Curl (Machine)",2,35.0,8.0,0,0.0,
2025-09-11 18:21:33,"Evening Workout",1h 4m,"Lying Leg Curl (Machine)",3,40.0,8.0,0,0.0,
2025-09-11 18:21:33,"Evening Workout",1h 4m,"Bicep Curl (Barbell)",1,26.0,8.0,0,0.0,
2025-09-11 18:21:33,"Evening Workout",1h 4m,"Bicep Curl (Barbell)",2,26.0,8.0,0,0.0,
2025-09-11 18:21:33,"Evening Workout",1h 4m,"Bicep Curl (Barbell)",3,30.0,5.0,0,0.0,
2025-09-11 18:21:33,"Evening Workout",1h 4m,"V Up",1,0,10.0,0,0.0,
2025-09-11 18:21:33,"Evening Workout",1h 4m,"V Up",2,0,10.0,0,0.0,
2025-09-11 18:21:33,"Evening Workout",1h 4m,"V Up",3,0,10.0,0,0.0,
2025-09-13 11:10:08,"Morning Workout",1h 4m,"Incline Bench Press (Barbell)",W,40.0,8.0,0,0.0,
2025-09-13 11:10:08,"Morning Workout",1h 4m,"Incline Bench Press (Barbell)",1,50.0,10.0,0,0.0,
2025-09-13 11:10:08,"Morning Workout",1h 4m,"Incline Bench Press (Barbell)",2,55.0,8.0,0,0.0,
2025-09-13 11:10:08,"Morning Workout",1h 4m,"Incline Bench Press (Barbell)",3,60.0,5.0,0,0.0,
2025-09-13 11:10:08,"Morning Workout",1h 4m,"Chest Fly",1,55.0,12.0,0,0.0,
2025-09-13 11:10:08,"Morning Workout",1h 4m,"Chest Fly",2,60.0,10.0,0,0.0,
2025-09-13 11:10:08,"Morning Workout",1h 4m,"Chest Fly",3,65.0,8.0,0,0.0,
2025-09-13 11:10:08,"Morning Workout",1h 4m,"Arnold Press (Dumbbell)",1,18.0,10.0,0,0.0,
2025-09-13 11:10:08,"Morning Workout",1h 4m,"Arnold Press (Dumbbell)",2,20.0,8.0,0,0.0,
2025-09-13 11:10:08,"Morning Workout",1h 4m,"Arnold Press (Dumbbell)",3,20.0,8.0,0,0.0,
2025-09-13 11:10:08,"Morning Workout",1h 4m,"Seated Row (Cable)",1,57.0,12.0,0,0.0,
2025-09-13 11:10:08,"Morning Workout",1h 4m,"Seated Row (Cable)",2,60.0,10.0,0,0.0,
2025-09-13 11:10:08,"Morning Workout",1h 4m,"Seated Row (Cable)",3,67.0,8.0,0,0.0,
2025-09-13 11:10:08,"Morning Workout",1h 4m,"Lat Pulldown - Wide Grip (Cable)",1,45.0,12.0,0,0.0,
2025-09-13 11:10:08,"Morning Workout",1h 4m,"Lat Pulldown - Wide Grip (Cable)",2,50.0,10.0,0,0.0,
2025-09-13 11:10:08,"Morning Workout",1h 4m,"Pull Up",1,0.0,6.0,0,0.0,
2025-09-13 11:10:08,"Morning Workout",1h 4m,"Lateral Raise (Cable)",1,5.0,10.0,0,0.0,
2025-09-13 11:10:08,"Morning Workout",1h 4m,"Lateral Raise (Cable)",2,5.0,10.0,0,0.0,
2025-09-13 11:10:08,"Morning Workout",1h 4m,"Lateral Raise (Cable)",3,5.0,10.0,0,0.0,
2025-09-13 11:10:08,"Morning Workout",1h 4m,"Bicep Curl (Cable)",1,10.0,10.0,0,0.0,
2025-09-13 11:10:08,"Morning Workout",1h 4m,"Bicep Curl (Cable)",2,10.0,10.0,0,0.0,
2025-09-13 11:10:08,"Morning Workout",1h 4m,"Bicep Curl (Cable)",3,10.0,10.0,0,0.0,
2025-09-13 11:10:08,"Morning Workout",1h 4m,"One Handed Triceps Pull",1,10.0,10.0,0,0.0,
2025-09-13 11:10:08,"Morning Workout",1h 4m,"One Handed Triceps Pull",2,10.0,10.0,0,0.0,
2025-09-13 11:10:08,"Morning Workout",1h 4m,"One Handed Triceps Pull",3,10.0,10.0,0,0.0,
2025-09-15 18:00:25,"Evening Workout",1h,"Bench Press (Barbell)",1,40.0,8.0,0,0.0,
2025-09-15 18:00:25,"Evening Workout",1h,"Bench Press (Barbell)",2,60.0,5.0,0,0.0,
2025-09-15 18:00:25,"Evening Workout",1h,"Bench Press (Barbell)",3,70.0,5.0,0,0.0,
2025-09-15 18:00:25,"Evening Workout",1h,"Bench Press (Barbell)",4,75.0,4.0,0,0.0,
2025-09-15 18:00:25,"Evening Workout",1h,"Bench Press (Barbell)",5,67.5,6.0,0,0.0,
2025-09-15 18:00:25,"Evening Workout",1h,"Incline Bench Press (Dumbbell)",1,22.0,10.0,0,0.0,
2025-09-15 18:00:25,"Evening Workout",1h,"Incline Bench Press (Dumbbell)",2,24.0,10.0,0,0.0,
2025-09-15 18:00:25,"Evening Workout",1h,"Incline Bench Press (Dumbbell)",3,24.0,8.0,0,0.0,
2025-09-15 18:00:25,"Evening Workout",1h,"Overhead Press (Barbell)",W,20.0,8.0,0,0.0,
2025-09-15 18:00:25,"Evening Workout",1h,"Overhead Press (Barbell)",1,40.0,5.0,0,0.0,
2025-09-15 18:00:25,"Evening Workout",1h,"Overhead Press (Barbell)",2,40.0,5.0,0,0.0,
2025-09-15 18:00:25,"Evening Workout",1h,"Overhead Press (Barbell)",3,42.5,5.0,0,0.0,
2025-09-15 18:00:25,"Evening Workout",1h,"Lateral Raise (Dumbbell)",1,7.0,12.0,0,0.0,
2025-09-15 18:00:25,"Evening Workout",1h,"Lateral Raise (Dumbbell)",2,8.0,10.0,0,0.0,
2025-09-15 18:00:25,"Evening Workout",1h,"Lateral Raise (Dumbbell)",3,9.0,8.0,0,0.0,
2025-09-15 18:00:25,"Evening Workout",1h,"Hip Abductor (Machine)",1,35.0,12.0,0,0.0,
2025-09-15 18:00:25,"Evening Workout",1h,"Hip Abductor (Machine)",2,40.0,10.0,0,0.0,
2025-09-15 18:00:25,"Evening Workout",1h,"Hip Abductor (Machine)",3,45.0,8.0,0,0.0,
2025-09-15 18:00:25,"Evening Workout",1h,"Triceps Extension",1,17.5,12.0,0,0.0,
2025-09-15 18:00:25,"Evening Workout",1h,"Triceps Extension",2,21.0,10.0,0,0.0,
2025-09-15 18:00:25,"Evening Workout",1h,"Triceps Extension",3,21.0,10.0,0,0.0,
2025-09-15 18:00:25,"Evening Workout",1h,"Hanging Leg Raise",1,0,10.0,0,0.0,
2025-09-15 18:00:25,"Evening Workout",1h,"Hanging Leg Raise",2,0,10.0,0,0.0,
2025-09-15 18:00:25,"Evening Workout",1h,"Hanging Leg Raise",3,0,10.0,0,0.0,
2025-09-17 19:23:45,"Evening Workout",34m,"Single Arm Vertical Iso-Lateral Row (Machine)",W,40.0,8.0,0,0.0,
2025-09-17 19:23:45,"Evening Workout",34m,"Single Arm Vertical Iso-Lateral Row (Machine)",1,60.0,8.0,0,0.0,
2025-09-17 19:23:45,"Evening Workout",34m,"Single Arm Vertical Iso-Lateral Row (Machine)",2,65.0,5.0,0,0.0,
2025-09-17 19:23:45,"Evening Workout",34m,"Single Arm Vertical Iso-Lateral Row (Machine)",3,70.0,3.0,0,0.0,
2025-09-17 19:23:45,"Evening Workout",34m,"Single Arm Vertical Iso-Lateral Row (Machine)",4,60.0,6.0,0,0.0,
2025-09-17 19:23:45,"Evening Workout",34m,"Chin Up",W,0.0,8.0,0,0.0,
2025-09-17 19:23:45,"Evening Workout",34m,"Chin Up",1,5.0,6.0,0,0.0,
2025-09-17 19:23:45,"Evening Workout",34m,"Chin Up",2,7.5,5.0,0,0.0,
2025-09-17 19:23:45,"Evening Workout",34m,"Chin Up",3,10.0,4.0,0,0.0,
2025-09-17 19:23:45,"Evening Workout",34m,"Bicep Curl (Barbell)",1,26.0,8.0,0,0.0,
2025-09-17 19:23:45,"Evening Workout",34m,"Bicep Curl (Barbell)",2,26.0,8.0,0,0.0,
2025-09-17 19:23:45,"Evening Workout",34m,"Bicep Curl (Barbell)",3,30.0,5.0,0,0.0,
2025-09-17 19:23:45,"Evening Workout",34m,"V Up",1,0,10.0,0,0.0,
2025-09-17 19:23:45,"Evening Workout",34m,"V Up",2,0,10.0,0,0.0,
2025-09-17 19:23:45,"Evening Workout",34m,"V Up",3,0,10.0,0,0.0,
2025-09-19 11:21:43,"Morning Workout",37m,"Incline Bench Press (Dumbbell)",W,18.0,10.0,0,0.0,
2025-09-19 11:21:43,"Morning Workout",37m,"Incline Bench Press (Dumbbell)",1,22.0,10.0,0,0.0,
2025-09-19 11:21:43,"Morning Workout",37m,"Incline Bench Press (Dumbbell)",2,24.0,10.0,0,0.0,
2025-09-19 11:21:43,"Morning Workout",37m,"Incline Bench Press (Dumbbell)",3,24.0,10.0,0,0.0,
2025-09-19 11:21:43,"Morning Workout",37m,"Chest Fly",1,55.0,12.0,0,0.0,
2025-09-19 11:21:43,"Morning Workout",37m,"Chest Fly",2,60.0,10.0,0,0.0,
2025-09-19 11:21:43,"Morning Workout",37m,"Chest Fly",3,65.0,8.0,0,0.0,
2025-09-19 11:21:43,"Morning Workout",37m,"Leg Press",1,130.0,8.0,0,0.0,
2025-09-19 11:21:43,"Morning Workout",37m,"Leg Press",2,150.0,8.0,0,0.0,
2025-09-19 11:21:43,"Morning Workout",37m,"Leg Press",3,150.0,8.0,0,0.0,
2025-09-19 11:21:43,"Morning Workout",37m,"One Handed Triceps Pull",1,10.0,10.0,0,0.0,
2025-09-19 11:21:43,"Morning Workout",37m,"One Handed Triceps Pull",2,11.75,10.0,0,0.0,
2025-09-19 11:21:43,"Morning Workout",37m,"One Handed Triceps Pull",3,12.5,8.0,0,0.0,
2025-09-20 18:12:30,"Evening Workout",54m,"Single Arm Vertical Iso-Lateral Row (Machine)",W,40.0,8.0,0,0.0,
2025-09-20 18:12:30,"Evening Workout",54m,"Single Arm Vertical Iso-Lateral Row (Machine)",1,50.0,12.0,0,0.0,
2025-09-20 18:12:30,"Evening Workout",54m,"Single Arm Vertical Iso-Lateral Row (Machine)",2,55.0,10.0,0,0.0,
2025-09-20 18:12:30,"Evening Workout",54m,"Single Arm Vertical Iso-Lateral Row (Machine)",3,60.0,8.0,0,0.0,
2025-09-20 18:12:30,"Evening Workout",54m,"Lat Pulldown (Cable)",1,50.0,10.0,0,0.0,
2025-09-20 18:12:30,"Evening Workout",54m,"Lat Pulldown (Cable)",2,57.0,10.0,0,0.0,
2025-09-20 18:12:30,"Evening Workout",54m,"Lat Pulldown (Cable)",3,60.0,8.0,0,0.0,
2025-09-20 18:12:30,"Evening Workout",54m,"Arnold Press (Dumbbell)",1,18.0,10.0,0,0.0,
2025-09-20 18:12:30,"Evening Workout",54m,"Arnold Press (Dumbbell)",2,20.0,10.0,0,0.0,
2025-09-20 18:12:30,"Evening Workout",54m,"Arnold Press (Dumbbell)",3,20.0,8.0,0,0.0,
2025-09-20 18:12:30,"Evening Workout",54m,"Lateral Raise (Cable)",1,5.0,10.0,0,0.0,
2025-09-20 18:12:30,"Evening Workout",54m,"Lateral Raise (Cable)",2,5.0,10.0,0,0.0,
2025-09-20 18:12:30,"Evening Workout",54m,"Lateral Raise (Cable)",3,5.0,10.0,0,0.0,
2025-09-20 18:12:30,"Evening Workout",54m,"Bicep Curl (Cable)",1,10.0,10.0,0,0.0,
2025-09-20 18:12:30,"Evening Workout",54m,"Bicep Curl (Cable)",2,10.0,10.0,0,0.0,
2025-09-20 18:12:30,"Evening Workout",54m,"Bicep Curl (Cable)",3,10.0,10.0,0,0.0,
2025-09-22 18:10:18,"Evening Workout",1h 15m,"Bench Press (Barbell)",1,40.0,8.0,0,0.0,
2025-09-22 18:10:18,"Evening Workout",1h 15m,"Bench Press (Barbell)",2,65.0,5.0,0,0.0,
2025-09-22 18:10:18,"Evening Workout",1h 15m,"Bench Press (Barbell)",3,70.0,5.0,0,0.0,
2025-09-22 18:10:18,"Evening Workout",1h 15m,"Bench Press (Barbell)",4,75.0,4.0,0,0.0,
2025-09-22 18:10:18,"Evening Workout",1h 15m,"Bench Press (Barbell)",5,65.0,5.0,0,0.0,
2025-09-22 18:10:18,"Evening Workout",1h 15m,"Incline Bench Press (Dumbbell)",1,22.0,10.0,0,0.0,
2025-09-22 18:10:18,"Evening Workout",1h 15m,"Incline Bench Press (Dumbbell)",2,24.0,10.0,0,0.0,
2025-09-22 18:10:18,"Evening Workout",1h 15m,"Incline Bench Press (Dumbbell)",3,24.0,8.0,0,0.0,
2025-09-22 18:10:18,"Evening Workout",1h 15m,"Overhead Press (Barbell)",W,20.0,8.0,0,0.0,
2025-09-22 18:10:18,"Evening Workout",1h 15m,"Overhead Press (Barbell)",1,40.0,5.0,0,0.0,
2025-09-22 18:10:18,"Evening Workout",1h 15m,"Overhead Press (Barbell)",2,40.0,5.0,0,0.0,
2025-09-22 18:10:18,"Evening Workout",1h 15m,"Overhead Press (Barbell)",3,40.0,5.0,0,0.0,
2025-09-22 18:10:18,"Evening Workout",1h 15m,"Lateral Raise (Dumbbell)",1,7.0,12.0,0,0.0,
2025-09-22 18:10:18,"Evening Workout",1h 15m,"Lateral Raise (Dumbbell)",2,8.0,10.0,0,0.0,
2025-09-22 18:10:18,"Evening Workout",1h 15m,"Lateral Raise (Dumbbell)",3,9.0,8.0,0,0.0,
2025-09-22 18:10:18,"Evening Workout",1h 15m,"Triceps Dip",1,0.0,10.0,0,0.0,
2025-09-22 18:10:18,"Evening Workout",1h 15m,"Triceps Dip",2,0.0,10.0,0,0.0,
2025-09-22 18:10:18,"Evening Workout",1h 15m,"Triceps Dip",3,0.0,10.0,0,0.0,
2025-09-22 18:10:18,"Evening Workout",1h 15m,"Hip Abductor (Machine)",1,35.0,12.0,0,0.0,
2025-09-22 18:10:18,"Evening Workout",1h 15m,"Hip Abductor (Machine)",2,40.0,10.0,0,0.0,
2025-09-22 18:10:18,"Evening Workout",1h 15m,"Hip Abductor (Machine)",3,45.0,8.0,0,0.0,
2025-09-22 18:10:18,"Evening Workout",1h 15m,"Cable Crunch",1,42.0,20.0,0,0.0,
2025-09-22 18:10:18,"Evening Workout",1h 15m,"Cable Crunch",2,45.5,20.0,0,0.0,
2025-09-22 18:10:18,"Evening Workout",1h 15m,"Cable Crunch",3,45.5,20.0,0,0.0,
2025-10-06 18:09:01,"Evening Workout",36m,"Bench Press (Barbell)",1,40.0,8.0,0,0.0,
2025-10-06 18:09:01,"Evening Workout",36m,"Bench Press (Barbell)",2,60.0,5.0,0,0.0,
2025-10-06 18:09:01,"Evening Workout",36m,"Bench Press (Barbell)",3,60.0,8.0,0,0.0,
2025-10-06 18:09:01,"Evening Workout",36m,"Bench Press (Barbell)",4,60.0,8.0,0,0.0,
2025-10-06 18:09:01,"Evening Workout",36m,"Bench Press (Barbell)",5,60.0,7.0,0,0.0,
2025-10-06 18:09:01,"Evening Workout",36m,"Incline Bench Press (Dumbbell)",1,22.0,8.0,0,0.0,
2025-10-06 18:09:01,"Evening Workout",36m,"Incline Bench Press (Dumbbell)",2,22.0,7.0,0,0.0,
2025-10-06 18:09:01,"Evening Workout",36m,"Incline Bench Press (Dumbbell)",3,22.0,7.0,0,0.0,
2025-10-06 18:09:01,"Evening Workout",36m,"Chest Fly",1,57.5,8.0,0,0.0,
2025-10-06 18:09:01,"Evening Workout",36m,"Chest Fly",2,57.5,8.0,0,0.0,
2025-10-06 18:09:01,"Evening Workout",36m,"Chest Fly",3,57.5,8.0,0,0.0,
2025-10-06 18:09:01,"Evening Workout",36m,"One Handed Triceps Pull",1,10.0,10.0,0,0.0,
2025-10-06 18:09:01,"Evening Workout",36m,"One Handed Triceps Pull",2,10.0,10.0,0,0.0,
2025-10-06 18:09:01,"Evening Workout",36m,"One Handed Triceps Pull",3,10.0,8.0,0,0.0,
2025-10-08 17:29:07,"Afternoon Workout",42m,"Single Arm Vertical Iso-Lateral Row (Machine)",W,40.0,8.0,0,0.0,
2025-10-08 17:29:07,"Afternoon Workout",42m,"Single Arm Vertical Iso-Lateral Row (Machine)",1,60.0,8.0,0,0.0,
2025-10-08 17:29:07,"Afternoon Workout",42m,"Single Arm Vertical Iso-Lateral Row (Machine)",2,60.0,8.0,0,0.0,
2025-10-08 17:29:07,"Afternoon Workout",42m,"Single Arm Vertical Iso-Lateral Row (Machine)",3,50.0,8.0,0,0.0,
2025-10-08 17:29:07,"Afternoon Workout",42m,"Chin Up",1,0.0,8.0,0,0.0,
2025-10-08 17:29:07,"Afternoon Workout",42m,"Chin Up",2,0.0,6.0,0,0.0,
2025-10-08 17:29:07,"Afternoon Workout",42m,"Chin Up",3,0.0,5.0,0,0.0,
2025-10-08 17:29:07,"Afternoon Workout",42m,"Arnold Press (Dumbbell)",1,18.0,8.0,0,0.0,
2025-10-08 17:29:07,"Afternoon Workout",42m,"Arnold Press (Dumbbell)",2,18.0,8.0,0,0.0,
2025-10-08 17:29:07,"Afternoon Workout",42m,"Arnold Press (Dumbbell)",3,18.0,8.0,0,0.0,
2025-10-08 17:29:07,"Afternoon Workout",42m,"Lateral Raise (Cable)",1,5.0,8.0,0,0.0,
2025-10-08 17:29:07,"Afternoon Workout",42m,"Lateral Raise (Cable)",2,5.0,8.0,0,0.0,
2025-10-08 17:29:07,"Afternoon Workout",42m,"Lateral Raise (Cable)",3,5.0,8.0,0,0.0,
2025-10-08 17:29:07,"Afternoon Workout",42m,"Bicep Curl (Cable)",1,10.0,8.0,0,0.0,
2025-10-08 17:29:07,"Afternoon Workout",42m,"Bicep Curl (Cable)",2,10.0,8.0,0,0.0,
2025-10-08 17:29:07,"Afternoon Workout",42m,"Bicep Curl (Cable)",3,10.0,8.0,0,0.0,
2025-10-10 08:58:39,"Morning Workout",37m,"Chest Press (Machine)",W,27.0,10.0,0,0.0,
2025-10-10 08:58:39,"Morning Workout",37m,"Chest Press (Machine)",1,50.0,10.0,0,0.0,
2025-10-10 08:58:39,"Morning Workout",37m,"Chest Press (Machine)",2,50.0,10.0,0,0.0,
2025-10-10 08:58:39,"Morning Workout",37m,"Chest Press (Machine)",3,55.0,10.0,0,0.0,
2025-10-10 08:58:39,"Morning Workout",37m,"Incline Bench Press (Barbell)",1,50.0,8.0,0,0.0,
2025-10-10 08:58:39,"Morning Workout",37m,"Incline Bench Press (Barbell)",2,50.0,8.0,0,0.0,
2025-10-10 08:58:39,"Morning Workout",37m,"Incline Bench Press (Barbell)",3,50.0,6.0,0,0.0,
2025-10-10 08:58:39,"Morning Workout",37m,"Chest Fly",1,57.5,10.0,0,0.0,
2025-10-10 08:58:39,"Morning Workout",37m,"Chest Fly",2,57.5,8.0,0,0.0,
2025-10-10 08:58:39,"Morning Workout",37m,"Chest Fly",3,57.5,8.0,0,0.0,
2025-10-10 08:58:39,"Morning Workout",37m,"Triceps Dip",1,0.0,8.0,0,0.0,
2025-10-10 08:58:39,"Morning Workout",37m,"Triceps Dip",2,0.0,8.0,0,0.0,
2025-10-10 08:58:39,"Morning Workout",37m,"Triceps Dip",3,0.0,8.0,0,0.0,
2025-10-12 10:58:21,"Morning Workout",37m,"Seated Row (Cable)",1,47.0,8.0,0,0.0,
2025-10-12 10:58:21,"Morning Workout",37m,"Seated Row (Cable)",2,57.0,8.0,0,0.0,
2025-10-12 10:58:21,"Morning Workout",37m,"Seated Row (Cable)",3,57.0,8.0,0,0.0,
2025-10-12 10:58:21,"Morning Workout",37m,"Seated Row (Cable)",4,57.0,8.0,0,0.0,
2025-10-12 10:58:21,"Morning Workout",37m,"Lat Pulldown (Cable)",1,57.0,8.0,0,0.0,
2025-10-12 10:58:21,"Morning Workout",37m,"Lat Pulldown (Cable)",2,57.0,8.0,0,0.0,
2025-10-12 10:58:21,"Morning Workout",37m,"Lat Pulldown (Cable)",3,57.0,8.0,0,0.0,
2025-10-12 10:58:21,"Morning Workout",37m,"Overhead Press (Barbell)",W,20.0,8.0,0,0.0,
2025-10-12 10:58:21,"Morning Workout",37m,"Overhead Press (Barbell)",1,40.0,8.0,0,0.0,
2025-10-12 10:58:21,"Morning Workout",37m,"Overhead Press (Barbell)",2,40.0,8.0,0,0.0,
2025-10-12 10:58:21,"Morning Workout",37m,"Overhead Press (Barbell)",3,40.0,8.0,0,0.0,
2025-10-12 10:58:21,"Morning Workout",37m,"Lateral Raise (Dumbbell)",1,8.0,8.0,0,0.0,
2025-10-12 10:58:21,"Morning Workout",37m,"Lateral Raise (Dumbbell)",2,8.0,8.0,0,0.0,
2025-10-12 10:58:21,"Morning Workout",37m,"Lateral Raise (Dumbbell)",3,8.0,8.0,0,0.0,
2025-10-12 10:58:21,"Morning Workout",37m,"Bicep Curl (Cable)",1,10.0,8.0,0,0.0,
2025-10-12 10:58:21,"Morning Workout",37m,"Bicep Curl (Cable)",2,10.0,8.0,0,0.0,
2025-10-12 10:58:21,"Morning Workout",37m,"Bicep Curl (Cable)",3,10.0,8.0,0,0.0,
2025-10-13 18:25:31,"Evening Workout",46m,"Bench Press (Barbell)",W,40.0,8.0,0,0.0,
2025-10-13 18:25:31,"Evening Workout",46m,"Bench Press (Barbell)",1,60.0,8.0,0,0.0,
2025-10-13 18:25:31,"Evening Workout",46m,"Bench Press (Barbell)",2,65.0,8.0,0,0.0,
2025-10-13 18:25:31,"Evening Workout",46m,"Bench Press (Barbell)",3,65.0,7.0,0,0.0,
2025-10-13 18:25:31,"Evening Workout",46m,"Incline Bench Press (Dumbbell)",1,18.0,10.0,0,0.0,
2025-10-13 18:25:31,"Evening Workout",46m,"Incline Bench Press (Dumbbell)",2,22.0,8.0,0,0.0,
2025-10-13 18:25:31,"Evening Workout",46m,"Incline Bench Press (Dumbbell)",3,22.0,8.0,0,0.0,
2025-10-13 18:25:31,"Evening Workout",46m,"Incline Bench Press (Dumbbell)",4,22.0,7.0,0,0.0,
2025-10-13 18:25:31,"Evening Workout",46m,"Chest Fly",1,57.5,8.0,0,0.0,
2025-10-13 18:25:31,"Evening Workout",46m,"Chest Fly",2,57.5,8.0,0,0.0,
2025-10-13 18:25:31,"Evening Workout",46m,"Chest Fly",3,57.5,8.0,0,0.0,
2025-10-13 18:25:31,"Evening Workout",46m,"One Handed Triceps Pull",1,10.0,10.0,0,0.0,
2025-10-13 18:25:31,"Evening Workout",46m,"One Handed Triceps Pull",2,10.0,10.0,0,0.0,
2025-10-13 18:25:31,"Evening Workout",46m,"One Handed Triceps Pull",3,10.0,8.0,0,0.0,
2025-10-13 18:25:31,"Evening Workout",46m,"Bicycle Crunch",1,0,20.0,0,0.0,
2025-10-13 18:25:31,"Evening Workout",46m,"Bicycle Crunch",2,0,20.0,0,0.0,
2025-10-13 18:25:31,"Evening Workout",46m,"Dead Bugs",1,0,20.0,0,0.0,
2025-10-13 18:25:31,"Evening Workout",46m,"Dead Bugs",2,0,20.0,0,0.0,
2025-10-13 18:25:31,"Evening Workout",46m,"V Up",1,0,15.0,0,0.0,
2025-10-13 18:25:31,"Evening Workout",46m,"V Up",2,0,15.0,0,0.0,
2025-10-15 18:32:36,"Evening Workout",54m,"Single Arm Vertical Iso-Lateral Row (Machine)",W,40.0,8.0,0,0.0,
2025-10-15 18:32:36,"Evening Workout",54m,"Single Arm Vertical Iso-Lateral Row (Machine)",1,60.0,8.0,0,0.0,
2025-10-15 18:32:36,"Evening Workout",54m,"Single Arm Vertical Iso-Lateral Row (Machine)",2,60.0,8.0,0,0.0,
2025-10-15 18:32:36,"Evening Workout",54m,"Single Arm Vertical Iso-Lateral Row (Machine)",3,60.0,8.0,0,0.0,
2025-10-15 18:32:36,"Evening Workout",54m,"Pull Up",1,0.0,6.0,0,0.0,
2025-10-15 18:32:36,"Evening Workout",54m,"Pull Up",2,0.0,6.0,0,0.0,
2025-10-15 18:32:36,"Evening Workout",54m,"Pull Up",3,0.0,5.0,0,0.0,
2025-10-15 18:32:36,"Evening Workout",54m,"Arnold Press (Dumbbell)",1,20.0,8.0,0,0.0,
2025-10-15 18:32:36,"Evening Workout",54m,"Arnold Press (Dumbbell)",2,20.0,8.0,0,0.0,
2025-10-15 18:32:36,"Evening Workout",54m,"Arnold Press (Dumbbell)",3,20.0,8.0,0,0.0,
2025-10-15 18:32:36,"Evening Workout",54m,"Lateral Raise (Cable)",1,5.0,10.0,0,0.0,
2025-10-15 18:32:36,"Evening Workout",54m,"Lateral Raise (Cable)",2,5.0,10.0,0,0.0,
2025-10-15 18:32:36,"Evening Workout",54m,"Lateral Raise (Cable)",3,5.0,10.0,0,0.0,
2025-10-15 18:32:36,"Evening Workout",54m,"Bicep Curl (Barbell)",1,26.0,8.0,0,0.0,
2025-10-15 18:32:36,"Evening Workout",54m,"Bicep Curl (Barbell)",2,26.0,8.0,0,0.0,
2025-10-15 18:32:36,"Evening Workout",54m,"Bicep Curl (Barbell)",3,26.0,8.0,0,0.0,
2025-10-15 18:32:36,"Evening Workout",54m,"Cable Crunch",1,42.0,20.0,0,0.0,
2025-10-15 18:32:36,"Evening Workout",54m,"Cable Crunch",2,42.0,20.0,0,0.0,
2025-10-15 18:32:36,"Evening Workout",54m,"Cable Crunch",3,42.0,20.0,0,0.0,
2025-10-18 18:02:33,"Evening Workout",59m,"Chest Press (Machine)",W,45.0,10.0,0,0.0,
2025-10-18 18:02:33,"Evening Workout",59m,"Chest Press (Machine)",1,50.0,10.0,0,0.0,
2025-10-18 18:02:33,"Evening Workout",59m,"Chest Press (Machine)",2,52.5,10.0,0,0.0,
2025-10-18 18:02:33,"Evening Workout",59m,"Chest Press (Machine)",3,55.0,10.0,0,0.0,
2025-10-18 18:02:33,"Evening Workout",59m,"Incline Bench Press (Barbell)",1,50.0,8.0,0,0.0,
2025-10-18 18:02:33,"Evening Workout",59m,"Incline Bench Press (Barbell)",2,50.0,8.0,0,0.0,
2025-10-18 18:02:33,"Evening Workout",59m,"Incline Bench Press (Barbell)",3,50.0,8.0,0,0.0,
2025-10-18 18:02:33,"Evening Workout",59m,"Lat Pulldown - Underhand (Cable)",1,47.0,10.0,0,0.0,
2025-10-18 18:02:33,"Evening Workout",59m,"Lat Pulldown - Underhand (Cable)",2,57.0,10.0,0,0.0,
2025-10-18 18:02:33,"Evening Workout",59m,"Lat Pulldown - Underhand (Cable)",3,57.0,10.0,0,0.0,
2025-10-18 18:02:33,"Evening Workout",59m,"Lat Pulldown - Underhand (Cable)",4,67.0,7.0,0,0.0,
2025-10-18 18:02:33,"Evening Workout",59m,"Overhead Press (Barbell)",W,20.0,8.0,0,0.0,
2025-10-18 18:02:33,"Evening Workout",59m,"Overhead Press (Barbell)",1,40.0,8.0,0,0.0,
2025-10-18 18:02:33,"Evening Workout",59m,"Overhead Press (Barbell)",2,40.0,8.0,0,0.0,
2025-10-18 18:02:33,"Evening Workout",59m,"Overhead Press (Barbell)",3,40.0,4.0,0,0.0,
2025-10-18 18:02:33,"Evening Workout",59m,"Upright Row (Barbell)",1,22.0,10.0,0,0.0,
2025-10-18 18:02:33,"Evening Workout",59m,"Upright Row (Barbell)",2,26.0,8.0,0,0.0,
2025-10-18 18:02:33,"Evening Workout",59m,"Upright Row (Barbell)",3,26.0,8.0,0,0.0,
2025-10-18 18:02:33,"Evening Workout",59m,"Face Pull (Cable)",1,17.5,10.0,0,0.0,
2025-10-18 18:02:33,"Evening Workout",59m,"Face Pull (Cable)",2,17.5,8.0,0,0.0,
2025-10-18 18:02:33,"Evening Workout",59m,"Face Pull (Cable)",3,17.5,8.0,0,0.0,
2025-10-18 18:02:33,"Evening Workout",59m,"Bicep Curl (Cable)",1,10.0,8.0,0,0.0,
2025-10-18 18:02:33,"Evening Workout",59m,"Bicep Curl (Cable)",2,10.0,8.0,0,0.0,
2025-10-18 18:02:33,"Evening Workout",59m,"Bicep Curl (Cable)",3,10.0,8.0,0,0.0,
2025-10-18 18:02:33,"Evening Workout",59m,"Triceps Dip",1,0.0,8.0,0,0.0,
2025-10-18 18:02:33,"Evening Workout",59m,"Triceps Dip",2,0.0,8.0,0,0.0,
2025-10-18 18:02:33,"Evening Workout",59m,"Triceps Dip",3,0.0,8.0,0,0.0,
2025-10-20 11:02:33,"Morning Workout",46m,"Bench Press (Barbell)",W,40.0,8.0,0,0.0,
2025-10-20 11:02:33,"Morning Workout",46m,"Bench Press (Barbell)",1,65.0,8.0,0,0.0,
2025-10-20 11:02:33,"Morning Workout",46m,"Bench Press (Barbell)",2,65.0,7.0,0,0.0,
2025-10-20 11:02:33,"Morning Workout",46m,"Bench Press (Barbell)",3,65.0,6.0,0,0.0,
2025-10-20 11:02:33,"Morning Workout",46m,"Incline Bench Press (Dumbbell)",1,22.0,8.0,0,0.0,
2025-10-20 11:02:33,"Morning Workout",46m,"Incline Bench Press (Dumbbell)",2,22.0,8.0,0,0.0,
2025-10-20 11:02:33,"Morning Workout",46m,"Incline Bench Press (Dumbbell)",3,22.0,8.0,0,0.0,
2025-10-20 11:02:33,"Morning Workout",46m,"Chest Fly",1,57.5,8.0,0,0.0,
2025-10-20 11:02:33,"Morning Workout",46m,"Chest Fly",2,57.5,8.0,0,0.0,
2025-10-20 11:02:33,"Morning Workout",46m,"Chest Fly",3,57.5,8.0,0,0.0,
2025-10-20 11:02:33,"Morning Workout",46m,"One Handed Triceps Pull",1,10.0,10.0,0,0.0,
2025-10-20 11:02:33,"Morning Workout",46m,"One Handed Triceps Pull",2,10.0,10.0,0,0.0,
2025-10-20 11:02:33,"Morning Workout",46m,"One Handed Triceps Pull",3,10.0,8.0,0,0.0,
2025-10-20 11:02:33,"Morning Workout",46m,"Bicycle Crunch",1,0,20.0,0,0.0,
2025-10-20 11:02:33,"Morning Workout",46m,"Bicycle Crunch",2,0,20.0,0,0.0,
2025-10-20 11:02:33,"Morning Workout",46m,"V Up",1,0,10.0,0,0.0,
2025-10-20 11:02:33,"Morning Workout",46m,"V Up",2,0,10.0,0,0.0,
2025-10-20 11:02:33,"Morning Workout",46m,"Dead Bugs",1,0,15.0,0,0.0,
2025-10-20 11:02:33,"Morning Workout",46m,"Dead Bugs",2,0,15.0,0,0.0,
2025-10-22 16:19:32,"Back/Shoulders (1)",53m,"Single Arm Vertical Iso-Lateral Row (Machine)",W,40.0,8.0,0,0.0,
2025-10-22 16:19:32,"Back/Shoulders (1)",53m,"Single Arm Vertical Iso-Lateral Row (Machine)",1,60.0,8.0,0,0.0,
2025-10-22 16:19:32,"Back/Shoulders (1)",53m,"Single Arm Vertical Iso-Lateral Row (Machine)",2,60.0,8.0,0,0.0,
2025-10-22 16:19:32,"Back/Shoulders (1)",53m,"Single Arm Vertical Iso-Lateral Row (Machine)",3,60.0,7.0,0,0.0,
2025-10-22 16:19:32,"Back/Shoulders (1)",53m,"Chin Up",1,0.0,7.0,0,0.0,
2025-10-22 16:19:32,"Back/Shoulders (1)",53m,"Chin Up",2,0.0,7.0,0,0.0,
2025-10-22 16:19:32,"Back/Shoulders (1)",53m,"Chin Up",3,0.0,5.0,0,0.0,
2025-10-22 16:19:32,"Back/Shoulders (1)",53m,"Arnold Press (Dumbbell)",1,20.0,8.0,0,0.0,
2025-10-22 16:19:32,"Back/Shoulders (1)",53m,"Arnold Press (Dumbbell)",2,20.0,8.0,0,0.0,
2025-10-22 16:19:32,"Back/Shoulders (1)",53m,"Arnold Press (Dumbbell)",3,20.0,8.0,0,0.0,
2025-10-22 16:19:32,"Back/Shoulders (1)",53m,"Lateral Raise (Cable)",1,5.0,10.0,0,0.0,
2025-10-22 16:19:32,"Back/Shoulders (1)",53m,"Lateral Raise (Cable)",2,5.0,10.0,0,0.0,
2025-10-22 16:19:32,"Back/Shoulders (1)",53m,"Lateral Raise (Cable)",3,5.0,10.0,0,0.0,
2025-10-22 16:19:32,"Back/Shoulders (1)",53m,"Bicep Curl (Cable)",1,10.0,10.0,0,0.0,
2025-10-22 16:19:32,"Back/Shoulders (1)",53m,"Bicep Curl (Cable)",2,10.0,10.0,0,0.0,
2025-10-22 16:19:32,"Back/Shoulders (1)",53m,"Bicep Curl (Cable)",3,10.0,10.0,0,0.0,
2025-10-22 16:19:32,"Back/Shoulders (1)",53m,"Hanging Leg Raise",1,0,10.0,0,0.0,
2025-10-22 16:19:32,"Back/Shoulders (1)",53m,"Hanging Leg Raise",2,0,10.0,0,0.0,
2025-10-22 16:19:32,"Back/Shoulders (1)",53m,"Hanging Leg Raise",3,0,10.0,0,0.0,
2025-10-24 12:58:54,"Midday Workout",54m,"Chest Press (Machine)",W,45.0,10.0,0,0.0,
2025-10-24 12:58:54,"Midday Workout",54m,"Chest Press (Machine)",1,52.5,10.0,0,0.0,
2025-10-24 12:58:54,"Midday Workout",54m,"Chest Press (Machine)",2,55.0,10.0,0,0.0,
2025-10-24 12:58:54,"Midday Workout",54m,"Chest Press (Machine)",3,55.0,10.0,0,0.0,
2025-10-24 12:58:54,"Midday Workout",54m,"Incline Bench Press (Barbell)",1,50.0,7.0,0,0.0,
2025-10-24 12:58:54,"Midday Workout",54m,"Incline Bench Press (Barbell)",2,50.0,7.0,0,0.0,
2025-10-24 12:58:54,"Midday Workout",54m,"Incline Bench Press (Barbell)",3,50.0,6.0,0,0.0,
2025-10-24 12:58:54,"Midday Workout",54m,"Reverse Pec Fly",1,6.25,10.0,0,0.0,
2025-10-24 12:58:54,"Midday Workout",54m,"Reverse Pec Fly",2,6.25,10.0,0,0.0,
2025-10-24 12:58:54,"Midday Workout",54m,"Reverse Pec Fly",3,6.25,10.0,0,0.0,
2025-10-24 12:58:54,"Midday Workout",54m,"Triceps Dip",1,0.0,10.0,0,0.0,
2025-10-24 12:58:54,"Midday Workout",54m,"Triceps Dip",2,0.0,10.0,0,0.0,
2025-10-24 12:58:54,"Midday Workout",54m,"Triceps Dip",3,0.0,10.0,0,0.0,
2025-10-26 11:06:45,"Morning Workout",57m,"Seated Row (Cable)",1,47.0,10.0,0,0.0,
2025-10-26 11:06:45,"Morning Workout",57m,"Seated Row (Cable)",2,57.0,10.0,0,0.0,
2025-10-26 11:06:45,"Morning Workout",57m,"Seated Row (Cable)",3,57.0,8.0,0,0.0,
2025-10-26 11:06:45,"Morning Workout",57m,"Seated Row (Cable)",4,57.0,8.0,0,0.0,
2025-10-26 11:06:45,"Morning Workout",57m,"Lat Pulldown - Underhand (Cable)",1,47.0,8.0,0,0.0,
2025-10-26 11:06:45,"Morning Workout",57m,"Lat Pulldown - Underhand (Cable)",2,57.0,10.0,0,0.0,
2025-10-26 11:06:45,"Morning Workout",57m,"Lat Pulldown - Underhand (Cable)",3,57.0,10.0,0,0.0,
2025-10-26 11:06:45,"Morning Workout",57m,"Lat Pulldown - Underhand (Cable)",4,57.0,8.0,0,0.0,
2025-10-26 11:06:45,"Morning Workout",57m,"Overhead Press (Barbell)",W,20.0,8.0,0,0.0,
2025-10-26 11:06:45,"Morning Workout",57m,"Overhead Press (Barbell)",1,40.0,8.0,0,0.0,
2025-10-26 11:06:45,"Morning Workout",57m,"Overhead Press (Barbell)",2,40.0,8.0,0,0.0,
2025-10-26 11:06:45,"Morning Workout",57m,"Overhead Press (Barbell)",3,40.0,8.0,0,0.0,
2025-10-26 11:06:45,"Morning Workout",57m,"Lateral Raise (Dumbbell)",1,8.0,10.0,0,0.0,
2025-10-26 11:06:45,"Morning Workout",57m,"Lateral Raise (Dumbbell)",2,8.0,10.0,0,0.0,
2025-10-26 11:06:45,"Morning Workout",57m,"Lateral Raise (Dumbbell)",3,8.0,10.0,0,0.0,
2025-10-26 11:06:45,"Morning Workout",57m,"Bicep Curl (Barbell)",1,26.0,8.0,0,0.0,
2025-10-26 11:06:45,"Morning Workout",57m,"Bicep Curl (Barbell)",2,26.0,8.0,0,0.0,
2025-10-26 11:06:45,"Morning Workout",57m,"Bicep Curl (Barbell)",3,26.0,8.0,0,0.0,
2025-10-26 11:06:45,"Morning Workout",57m,"Hanging Leg Raise",1,0,10.0,0,0.0,
2025-10-26 11:06:45,"Morning Workout",57m,"Hanging Leg Raise",2,0,10.0,0,0.0,
2025-10-26 11:06:45,"Morning Workout",57m,"Hanging Leg Raise",3,0,10.0,0,0.0,
2025-10-27 12:19:15,"Chest Only (1)",45m,"Bench Press (Barbell)",W,40.0,8.0,0,0.0,
2025-10-27 12:19:15,"Chest Only (1)",45m,"Bench Press (Barbell)",1,65.0,8.0,0,0.0,
2025-10-27 12:19:15,"Chest Only (1)",45m,"Bench Press (Barbell)",2,65.0,8.0,0,0.0,
2025-10-27 12:19:15,"Chest Only (1)",45m,"Bench Press (Barbell)",3,65.0,6.0,0,0.0,
2025-10-27 12:19:15,"Chest Only (1)",45m,"Incline Bench Press (Dumbbell)",1,22.0,8.0,0,0.0,
2025-10-27 12:19:15,"Chest Only (1)",45m,"Incline Bench Press (Dumbbell)",2,22.0,8.0,0,0.0,
2025-10-27 12:19:15,"Chest Only (1)",45m,"Incline Bench Press (Dumbbell)",3,22.0,8.0,0,0.0,
2025-10-27 12:19:15,"Chest Only (1)",45m,"Chest Fly",1,57.5,8.0,0,0.0,
2025-10-27 12:19:15,"Chest Only (1)",45m,"Chest Fly",2,57.5,8.0,0,0.0,
2025-10-27 12:19:15,"Chest Only (1)",45m,"Chest Fly",3,57.5,8.0,0,0.0,
2025-10-27 12:19:15,"Chest Only (1)",45m,"One Handed Triceps Pull",1,10.0,10.0,0,0.0,
2025-10-27 12:19:15,"Chest Only (1)",45m,"One Handed Triceps Pull",2,10.0,10.0,0,0.0,
2025-10-27 12:19:15,"Chest Only (1)",45m,"One Handed Triceps Pull",3,10.0,8.0,0,0.0,
2025-10-27 12:19:15,"Chest Only (1)",45m,"Bicycle Crunch",1,0,20.0,0,0.0,
2025-10-27 12:19:15,"Chest Only (1)",45m,"Bicycle Crunch",2,0,20.0,0,0.0,
2025-10-27 12:19:15,"Chest Only (1)",45m,"V Up",1,0,15.0,0,0.0,
2025-10-27 12:19:15,"Chest Only (1)",45m,"V Up",2,0,15.0,0,0.0,
2025-10-27 12:19:15,"Chest Only (1)",45m,"Dead Bugs",1,0,15.0,0,0.0,
2025-10-27 12:19:15,"Chest Only (1)",45m,"Dead Bugs",2,0,15.0,0,0.0,
2025-10-29 18:13:36,"Back/Shoulders (1)",55m,"Pull Up",1,0.0,6.0,0,0.0,
2025-10-29 18:13:36,"Back/Shoulders (1)",55m,"Pull Up",2,0.0,6.0,0,0.0,
2025-10-29 18:13:36,"Back/Shoulders (1)",55m,"Pull Up",3,0.0,6.0,0,0.0,
2025-10-29 18:13:36,"Back/Shoulders (1)",55m,"Seated Row (Cable)",1,40.0,10.0,0,0.0,
2025-10-29 18:13:36,"Back/Shoulders (1)",55m,"Seated Row (Cable)",2,60.0,8.0,0,0.0,
2025-10-29 18:13:36,"Back/Shoulders (1)",55m,"Seated Row (Cable)",3,60.0,8.0,0,0.0,
2025-10-29 18:13:36,"Back/Shoulders (1)",55m,"Seated Row (Cable)",4,60.0,8.0,0,0.0,
2025-10-29 18:13:36,"Back/Shoulders (1)",55m,"Arnold Press (Dumbbell)",1,20.0,10.0,0,0.0,
2025-10-29 18:13:36,"Back/Shoulders (1)",55m,"Arnold Press (Dumbbell)",2,22.0,8.0,0,0.0,
2025-10-29 18:13:36,"Back/Shoulders (1)",55m,"Arnold Press (Dumbbell)",3,22.0,8.0,0,0.0,
2025-10-29 18:13:36,"Back/Shoulders (1)",55m,"Lateral Raise (Cable)",1,5.0,10.0,0,0.0,
2025-10-29 18:13:36,"Back/Shoulders (1)",55m,"Lateral Raise (Cable)",2,5.0,10.0,0,0.0,
2025-10-29 18:13:36,"Back/Shoulders (1)",55m,"Lateral Raise (Cable)",3,5.0,10.0,0,0.0,
2025-10-29 18:13:36,"Back/Shoulders (1)",55m,"Bicep Curl (Barbell)",1,26.0,8.0,0,0.0,
2025-10-29 18:13:36,"Back/Shoulders (1)",55m,"Bicep Curl (Barbell)",2,26.0,8.0,0,0.0,
2025-10-29 18:13:36,"Back/Shoulders (1)",55m,"Bicep Curl (Barbell)",3,26.0,8.0,0,0.0,
2025-10-29 18:13:36,"Back/Shoulders (1)",55m,"Hammer Curl (Dumbbell)",1,12.0,8.0,0,0.0,
2025-10-29 18:13:36,"Back/Shoulders (1)",55m,"Hammer Curl (Dumbbell)",2,12.0,8.0,0,0.0,
2025-10-29 18:13:36,"Back/Shoulders (1)",55m,"Hammer Curl (Dumbbell)",3,12.0,8.0,0,0.0,
2025-10-29 18:13:36,"Back/Shoulders (1)",55m,"Cable Crunch",1,43.75,20.0,0,0.0,
2025-10-29 18:13:36,"Back/Shoulders (1)",55m,"Cable Crunch",2,43.75,20.0,0,0.0,
2025-10-29 18:13:36,"Back/Shoulders (1)",55m,"Cable Crunch",3,43.75,20.0,0,0.0,
2025-10-31 15:18:43,"Chest Only (2)",32m,"Chest Press (Machine)",W,45.0,10.0,0,0.0,
2025-10-31 15:18:43,"Chest Only (2)",32m,"Chest Press (Machine)",1,55.0,10.0,0,0.0,
2025-10-31 15:18:43,"Chest Only (2)",32m,"Chest Press (Machine)",2,55.0,10.0,0,0.0,
2025-10-31 15:18:43,"Chest Only (2)",32m,"Chest Press (Machine)",3,55.0,10.0,0,0.0,
2025-10-31 15:18:43,"Chest Only (2)",32m,"Incline Bench Press (Barbell)",1,50.0,8.0,0,0.0,
2025-10-31 15:18:43,"Chest Only (2)",32m,"Incline Bench Press (Barbell)",2,50.0,8.0,0,0.0,
2025-10-31 15:18:43,"Chest Only (2)",32m,"Incline Bench Press (Barbell)",3,50.0,8.0,0,0.0,
2025-10-31 15:18:43,"Chest Only (2)",32m,"Reverse Pec Fly",1,6.25,10.0,0,0.0,
2025-10-31 15:18:43,"Chest Only (2)",32m,"Reverse Pec Fly",2,6.25,10.0,0,0.0,
2025-10-31 15:18:43,"Chest Only (2)",32m,"Reverse Pec Fly",3,6.25,10.0,0,0.0,
2025-10-31 15:18:43,"Chest Only (2)",32m,"Triceps Dip",1,0.0,10.0,0,0.0,
2025-10-31 15:18:43,"Chest Only (2)",32m,"Triceps Dip",2,0.0,10.0,0,0.0,
2025-10-31 15:18:43,"Chest Only (2)",32m,"Triceps Dip",3,0.0,10.0,0,0.0,
2025-11-02 15:26:36,"Back and Shoulders (2)",34m,"Lat Pulldown (Cable)",1,47.0,10.0,0,0.0,
2025-11-02 15:26:36,"Back and Shoulders (2)",34m,"Lat Pulldown (Cable)",2,57.0,8.0,0,0.0,
2025-11-02 15:26:36,"Back and Shoulders (2)",34m,"Lat Pulldown (Cable)",3,57.0,8.0,0,0.0,
2025-11-02 15:26:36,"Back and Shoulders (2)",34m,"Lat Pulldown (Cable)",4,57.0,10.0,0,0.0,
2025-11-02 15:26:36,"Back and Shoulders (2)",34m,"Overhead Press (Barbell)",W,20.0,8.0,0,0.0,
2025-11-02 15:26:36,"Back and Shoulders (2)",34m,"Overhead Press (Barbell)",1,40.0,8.0,0,0.0,
2025-11-02 15:26:36,"Back and Shoulders (2)",34m,"Overhead Press (Barbell)",2,40.0,8.0,0,0.0,
2025-11-02 15:26:36,"Back and Shoulders (2)",34m,"Overhead Press (Barbell)",3,42.5,8.0,0,0.0,
2025-11-02 15:26:36,"Back and Shoulders (2)",34m,"Face Pull (Cable)",1,17.5,10.0,0,0.0,
2025-11-02 15:26:36,"Back and Shoulders (2)",34m,"Face Pull (Cable)",2,17.5,10.0,0,0.0,
2025-11-02 15:26:36,"Back and Shoulders (2)",34m,"Face Pull (Cable)",3,17.5,10.0,0,0.0,
2025-11-02 15:26:36,"Back and Shoulders (2)",34m,"Upright Row (Barbell)",1,26.0,8.0,0,0.0,
2025-11-02 15:26:36,"Back and Shoulders (2)",34m,"Upright Row (Barbell)",2,26.0,8.0,0,0.0,
2025-11-02 15:26:36,"Back and Shoulders (2)",34m,"Upright Row (Barbell)",3,26.0,8.0,0,0.0,
2025-11-02 15:26:36,"Back and Shoulders (2)",34m,"Bicep Curl (Cable)",1,10.0,10.0,0,0.0,
2025-11-02 15:26:36,"Back and Shoulders (2)",34m,"Bicep Curl (Cable)",2,10.0,10.0,0,0.0,
2025-11-02 15:26:36,"Back and Shoulders (2)",34m,"Bicep Curl (Cable)",3,10.0,8.0,0,0.0,
2025-11-03 18:55:33,"Chest Only (1)",44m,"Bench Press (Barbell)",W,40.0,8.0,0,0.0,
2025-11-03 18:55:33,"Chest Only (1)",44m,"Bench Press (Barbell)",1,65.0,8.0,0,0.0,
2025-11-03 18:55:33,"Chest Only (1)",44m,"Bench Press (Barbell)",2,65.0,8.0,0,0.0,
2025-11-03 18:55:33,"Chest Only (1)",44m,"Bench Press (Barbell)",3,65.0,8.0,0,0.0,
2025-11-03 18:55:33,"Chest Only (1)",44m,"Incline Bench Press (Dumbbell)",1,24.0,8.0,0,0.0,
2025-11-03 18:55:33,"Chest Only (1)",44m,"Incline Bench Press (Dumbbell)",2,24.0,8.0,0,0.0,
2025-11-03 18:55:33,"Chest Only (1)",44m,"Incline Bench Press (Dumbbell)",3,24.0,6.0,0,0.0,
2025-11-03 18:55:33,"Chest Only (1)",44m,"Chest Fly",1,60.0,8.0,0,0.0,
2025-11-03 18:55:33,"Chest Only (1)",44m,"Chest Fly",2,57.5,8.0,0,0.0,
2025-11-03 18:55:33,"Chest Only (1)",44m,"Chest Fly",3,50.0,10.0,0,0.0,
2025-11-03 18:55:33,"Chest Only (1)",44m,"One Handed Triceps Pull",1,10.0,10.0,0,0.0,
2025-11-03 18:55:33,"Chest Only (1)",44m,"One Handed Triceps Pull",2,10.0,10.0,0,0.0,
2025-11-03 18:55:33,"Chest Only (1)",44m,"One Handed Triceps Pull",3,10.0,10.0,0,0.0,
2025-11-03 18:55:33,"Chest Only (1)",44m,"Bicycle Crunch",1,0,20.0,0,0.0,
2025-11-03 18:55:33,"Chest Only (1)",44m,"Bicycle Crunch",2,0,20.0,0,0.0,
2025-11-03 18:55:33,"Chest Only (1)",44m,"V Up",1,0,15.0,0,0.0,
2025-11-03 18:55:33,"Chest Only (1)",44m,"V Up",2,0,10.0,0,0.0,
2025-11-03 18:55:33,"Chest Only (1)",44m,"Dead Bugs",1,0,15.0,0,0.0,
2025-11-03 18:55:33,"Chest Only (1)",44m,"Dead Bugs",2,0,15.0,0,0.0,
2025-11-05 18:18:12,"Back/Shoulders (1)",58m,"Single Arm Vertical Iso-Lateral Row (Machine)",W,40.0,8.0,0,0.0,
2025-11-05 18:18:12,"Back/Shoulders (1)",58m,"Single Arm Vertical Iso-Lateral Row (Machine)",1,60.0,8.0,0,0.0,
2025-11-05 18:18:12,"Back/Shoulders (1)",58m,"Single Arm Vertical Iso-Lateral Row (Machine)",2,60.0,7.0,0,0.0,
2025-11-05 18:18:12,"Back/Shoulders (1)",58m,"Single Arm Vertical Iso-Lateral Row (Machine)",3,60.0,7.0,0,0.0,
2025-11-05 18:18:12,"Back/Shoulders (1)",58m,"Chin Up",1,0.0,6.0,0,0.0,
2025-11-05 18:18:12,"Back/Shoulders (1)",58m,"Chin Up",2,0.0,7.0,0,0.0,
2025-11-05 18:18:12,"Back/Shoulders (1)",58m,"Chin Up",3,0.0,7.0,0,0.0,
2025-11-05 18:18:12,"Back/Shoulders (1)",58m,"Arnold Press (Dumbbell)",1,22.0,8.0,0,0.0,
2025-11-05 18:18:12,"Back/Shoulders (1)",58m,"Arnold Press (Dumbbell)",2,22.0,8.0,0,0.0,
2025-11-05 18:18:12,"Back/Shoulders (1)",58m,"Arnold Press (Dumbbell)",3,22.0,8.0,0,0.0,
2025-11-05 18:18:12,"Back/Shoulders (1)",58m,"Lateral Raise (Cable)",1,5.0,10.0,0,0.0,
2025-11-05 18:18:12,"Back/Shoulders (1)",58m,"Lateral Raise (Cable)",2,5.0,10.0,0,0.0,
2025-11-05 18:18:12,"Back/Shoulders (1)",58m,"Lateral Raise (Cable)",3,5.0,10.0,0,0.0,
2025-11-05 18:18:12,"Back/Shoulders (1)",58m,"Bicep Curl (Cable)",1,10.0,10.0,0,0.0,
2025-11-05 18:18:12,"Back/Shoulders (1)",58m,"Bicep Curl (Cable)",2,10.0,10.0,0,0.0,
2025-11-05 18:18:12,"Back/Shoulders (1)",58m,"Bicep Curl (Cable)",3,12.5,8.0,0,0.0,
2025-11-05 18:18:12,"Back/Shoulders (1)",58m,"Hanging Leg Raise",1,0,10.0,0,0.0,
2025-11-05 18:18:12,"Back/Shoulders (1)",58m,"Hanging Leg Raise",2,0,10.0,0,0.0,
2025-11-05 18:18:12,"Back/Shoulders (1)",58m,"Hanging Leg Raise",3,0,10.0,0,0.0,
2025-11-07 15:39:09,"Chest Only (2)",57m,"Chest Press (Machine)",W,42.5,10.0,0,0.0,
2025-11-07 15:39:09,"Chest Only (2)",57m,"Chest Press (Machine)",1,50.0,10.0,0,0.0,
2025-11-07 15:39:09,"Chest Only (2)",57m,"Chest Press (Machine)",2,50.0,10.0,0,0.0,
2025-11-07 15:39:09,"Chest Only (2)",57m,"Chest Press (Machine)",3,52.5,10.0,0,0.0,
2025-11-07 15:39:09,"Chest Only (2)",57m,"Incline Bench Press (Barbell)",1,52.5,8.0,0,0.0,
2025-11-07 15:39:09,"Chest Only (2)",57m,"Incline Bench Press (Barbell)",2,52.5,8.0,0,0.0,
2025-11-07 15:39:09,"Chest Only (2)",57m,"Incline Bench Press (Barbell)",3,52.5,8.0,0,0.0,
2025-11-07 15:39:09,"Chest Only (2)",57m,"Reverse Pec Fly",1,6.25,10.0,0,0.0,
2025-11-07 15:39:09,"Chest Only (2)",57m,"Reverse Pec Fly",2,6.25,10.0,0,0.0,
2025-11-07 15:39:09,"Chest Only (2)",57m,"Reverse Pec Fly",3,6.25,10.0,0,0.0,
2025-11-07 15:39:09,"Chest Only (2)",57m,"Triceps Dip",1,0.0,10.0,0,0.0,
2025-11-07 15:39:09,"Chest Only (2)",57m,"Triceps Dip",2,0.0,12.0,0,0.0,
2025-11-07 15:39:09,"Chest Only (2)",57m,"Triceps Dip",3,0.0,12.0,0,0.0,
2025-11-07 15:39:09,"Chest Only (2)",57m,"Bicycle Crunch",1,0,20.0,0,0.0,
2025-11-07 15:39:09,"Chest Only (2)",57m,"Bicycle Crunch",2,0,20.0,0,0.0,
2025-11-07 15:39:09,"Chest Only (2)",57m,"Russian Twist",1,0,20.0,0,0.0,
2025-11-07 15:39:09,"Chest Only (2)",57m,"Russian Twist",2,0,40.0,0,0.0,
2025-11-09 11:34:06,"Back and Shoulders (2)",1h 27m,"Seated Row (Cable)",1,47.0,10.0,0,0.0,
2025-11-09 11:34:06,"Back and Shoulders (2)",1h 27m,"Seated Row (Cable)",2,60.0,8.0,0,0.0,
2025-11-09 11:34:06,"Back and Shoulders (2)",1h 27m,"Seated Row (Cable)",3,60.0,8.0,0,0.0,
2025-11-09 11:34:06,"Back and Shoulders (2)",1h 27m,"Seated Row (Cable)",4,60.0,8.0,0,0.0,
2025-11-09 11:34:06,"Back and Shoulders (2)",1h 27m,"Pulldown (Cable)",1,21.0,10.0,0,0.0,
2025-11-09 11:34:06,"Back and Shoulders (2)",1h 27m,"Pulldown (Cable)",2,21.0,10.0,0,0.0,
2025-11-09 11:34:06,"Back and Shoulders (2)",1h 27m,"Pulldown (Cable)",3,21.0,10.0,0,0.0,
2025-11-09 11:34:06,"Back and Shoulders (2)",1h 27m,"Shoulder Press (Machine)",1,45.0,8.0,0,0.0,
2025-11-09 11:34:06,"Back and Shoulders (2)",1h 27m,"Shoulder Press (Machine)",2,50.0,8.0,0,0.0,
2025-11-09 11:34:06,"Back and Shoulders (2)",1h 27m,"Shoulder Press (Machine)",3,50.0,8.0,0,0.0,
2025-11-09 11:34:06,"Back and Shoulders (2)",1h 27m,"Shoulder Press (Machine)",4,50.0,6.0,0,0.0,
2025-11-09 11:34:06,"Back and Shoulders (2)",1h 27m,"Reverse Fly (Machine)",1,42.5,8.0,0,0.0,
2025-11-09 11:34:06,"Back and Shoulders (2)",1h 27m,"Reverse Fly (Machine)",2,42.5,8.0,0,0.0,
2025-11-09 11:34:06,"Back and Shoulders (2)",1h 27m,"Reverse Fly (Machine)",3,42.5,8.0,0,0.0,
2025-11-09 11:34:06,"Back and Shoulders (2)",1h 27m,"Upright Row (Barbell)",1,26.0,8.0,0,0.0,
2025-11-09 11:34:06,"Back and Shoulders (2)",1h 27m,"Upright Row (Barbell)",2,26.0,8.0,0,0.0,
2025-11-09 11:34:06,"Back and Shoulders (2)",1h 27m,"Upright Row (Barbell)",3,26.0,8.0,0,0.0,
2025-11-09 11:34:06,"Back and Shoulders (2)",1h 27m,"Bicep Curl (Barbell)",1,26.0,8.0,0,0.0,
2025-11-09 11:34:06,"Back and Shoulders (2)",1h 27m,"Bicep Curl (Barbell)",2,26.0,8.0,0,0.0,
2025-11-09 11:34:06,"Back and Shoulders (2)",1h 27m,"Bicep Curl (Barbell)",3,26.0,8.0,0,0.0,
2025-11-09 11:34:06,"Back and Shoulders (2)",1h 27m,"Crunch (Machine)",1,80.0,12.0,0,0.0,
2025-11-09 11:34:06,"Back and Shoulders (2)",1h 27m,"Crunch (Machine)",2,80.0,12.0,0,0.0,
2025-11-09 11:34:06,"Back and Shoulders (2)",1h 27m,"Crunch (Machine)",3,80.0,10.0,0,0.0,
2025-11-09 11:34:06,"Back and Shoulders (2)",1h 27m,"Ab Wheel",1,0,10.0,0,0.0,
2025-11-09 11:34:06,"Back and Shoulders (2)",1h 27m,"Ab Wheel",2,0,10.0,0,0.0,
2025-11-09 11:34:06,"Back and Shoulders (2)",1h 27m,"Ab Wheel",3,0,10.0,0,0.0,
2025-11-13 18:39:56,"Chest Only (1)",45m,"Bench Press (Barbell)",W,40.0,8.0,0,0.0,
2025-11-13 18:39:56,"Chest Only (1)",45m,"Bench Press (Barbell)",1,65.0,8.0,0,0.0,
2025-11-13 18:39:56,"Chest Only (1)",45m,"Bench Press (Barbell)",2,65.0,8.0,0,0.0,
2025-11-13 18:39:56,"Chest Only (1)",45m,"Bench Press (Barbell)",3,65.0,8.0,0,0.0,
2025-11-13 18:39:56,"Chest Only (1)",45m,"Incline Bench Press (Dumbbell)",1,24.0,8.0,0,0.0,
2025-11-13 18:39:56,"Chest Only (1)",45m,"Incline Bench Press (Dumbbell)",2,24.0,8.0,0,0.0,
2025-11-13 18:39:56,"Chest Only (1)",45m,"Incline Bench Press (Dumbbell)",3,24.0,7.0,0,0.0,
2025-11-13 18:39:56,"Chest Only (1)",45m,"Chest Fly",1,60.0,8.0,0,0.0,
2025-11-13 18:39:56,"Chest Only (1)",45m,"Chest Fly",2,60.0,8.0,0,0.0,
2025-11-13 18:39:56,"Chest Only (1)",45m,"Chest Fly",3,57.5,8.0,0,0.0,
2025-11-13 18:39:56,"Chest Only (1)",45m,"One Handed Triceps Pull",1,10.0,10.0,0,0.0,
2025-11-13 18:39:56,"Chest Only (1)",45m,"One Handed Triceps Pull",2,10.0,12.0,0,0.0,
2025-11-13 18:39:56,"Chest Only (1)",45m,"One Handed Triceps Pull",3,10.0,10.0,0,0.0,
2025-11-13 18:39:56,"Chest Only (1)",45m,"Bicycle Crunch",1,0,20.0,0,0.0,
2025-11-13 18:39:56,"Chest Only (1)",45m,"Bicycle Crunch",2,0,20.0,0,0.0,
2025-11-13 18:39:56,"Chest Only (1)",45m,"V Up",1,0,15.0,0,0.0,
2025-11-13 18:39:56,"Chest Only (1)",45m,"V Up",2,0,10.0,0,0.0,
2025-11-13 18:39:56,"Chest Only (1)",45m,"Dead Bugs",1,0,15.0,0,0.0,
2025-11-13 18:39:56,"Chest Only (1)",45m,"Dead Bugs",2,0,15.0,0,0.0,
2025-11-15 11:59:09,"Back/Shoulders (1)",50m,"Single Arm Vertical Iso-Lateral Row (Machine)",W,40.0,8.0,0,0.0,
2025-11-15 11:59:09,"Back/Shoulders (1)",50m,"Single Arm Vertical Iso-Lateral Row (Machine)",1,60.0,8.0,0,0.0,
2025-11-15 11:59:09,"Back/Shoulders (1)",50m,"Single Arm Vertical Iso-Lateral Row (Machine)",2,60.0,8.0,0,0.0,
2025-11-15 11:59:09,"Back/Shoulders (1)",50m,"Single Arm Vertical Iso-Lateral Row (Machine)",3,60.0,8.0,0,0.0,
2025-11-15 11:59:09,"Back/Shoulders (1)",50m,"Pull Up",1,0.0,6.0,0,0.0,
2025-11-15 11:59:09,"Back/Shoulders (1)",50m,"Pull Up",2,0.0,7.0,0,0.0,
2025-11-15 11:59:09,"Back/Shoulders (1)",50m,"Pull Up",3,0.0,7.0,0,0.0,
2025-11-15 11:59:09,"Back/Shoulders (1)",50m,"Overhead Press (Barbell)",W,20.0,8.0,0,0.0,
2025-11-15 11:59:09,"Back/Shoulders (1)",50m,"Overhead Press (Barbell)",1,42.5,8.0,0,0.0,
2025-11-15 11:59:09,"Back/Shoulders (1)",50m,"Overhead Press (Barbell)",2,42.5,8.0,0,0.0,
2025-11-15 11:59:09,"Back/Shoulders (1)",50m,"Overhead Press (Barbell)",3,42.5,8.0,0,0.0,
2025-11-15 11:59:09,"Back/Shoulders (1)",50m,"Lateral Raise (Cable)",1,5.0,10.0,0,0.0,
2025-11-15 11:59:09,"Back/Shoulders (1)",50m,"Lateral Raise (Cable)",2,5.0,10.0,0,0.0,
2025-11-15 11:59:09,"Back/Shoulders (1)",50m,"Lateral Raise (Cable)",3,5.0,10.0,0,0.0,
2025-11-15 11:59:09,"Back/Shoulders (1)",50m,"Bicep Curl (Cable)",1,10.0,10.0,0,0.0,
2025-11-15 11:59:09,"Back/Shoulders (1)",50m,"Bicep Curl (Cable)",2,10.0,10.0,0,0.0,
2025-11-15 11:59:09,"Back/Shoulders (1)",50m,"Bicep Curl (Cable)",3,10.0,10.0,0,0.0,
2025-11-15 11:59:09,"Back/Shoulders (1)",50m,"Hanging Leg Raise",1,0,10.0,0,0.0,
2025-11-15 11:59:09,"Back/Shoulders (1)",50m,"Hanging Leg Raise",2,0,10.0,0,0.0,
2025-11-15 11:59:09,"Back/Shoulders (1)",50m,"Hanging Leg Raise",3,0,10.0,0,0.0,
2025-11-17 18:20:42,"Chest Only (1)",47m,"Bench Press (Barbell)",W,40.0,8.0,0,0.0,
2025-11-17 18:20:42,"Chest Only (1)",47m,"Bench Press (Barbell)",1,65.0,8.0,0,0.0,
2025-11-17 18:20:42,"Chest Only (1)",47m,"Bench Press (Barbell)",2,65.0,8.0,0,0.0,
2025-11-17 18:20:42,"Chest Only (1)",47m,"Bench Press (Barbell)",3,67.5,8.0,0,0.0,
2025-11-17 18:20:42,"Chest Only (1)",47m,"Incline Bench Press (Dumbbell)",1,24.0,8.0,0,0.0,
2025-11-17 18:20:42,"Chest Only (1)",47m,"Incline Bench Press (Dumbbell)",2,24.0,8.0,0,0.0,
2025-11-17 18:20:42,"Chest Only (1)",47m,"Incline Bench Press (Dumbbell)",3,24.0,10.0,0,0.0,
2025-11-17 18:20:42,"Chest Only (1)",47m,"Chest Fly",1,60.0,8.0,0,0.0,
2025-11-17 18:20:42,"Chest Only (1)",47m,"Chest Fly",2,60.0,8.0,0,0.0,
2025-11-17 18:20:42,"Chest Only (1)",47m,"Chest Fly",3,62.5,8.0,0,0.0,
2025-11-17 18:20:42,"Chest Only (1)",47m,"Triceps Dip",1,0.0,12.0,0,0.0,
2025-11-17 18:20:42,"Chest Only (1)",47m,"Triceps Dip",2,0.0,15.0,0,0.0,
2025-11-17 18:20:42,"Chest Only (1)",47m,"Triceps Dip",3,0.0,10.0,0,0.0,
2025-11-17 18:20:42,"Chest Only (1)",47m,"Bicycle Crunch",1,0,20.0,0,0.0,
2025-11-17 18:20:42,"Chest Only (1)",47m,"Bicycle Crunch",2,0,20.0,0,0.0,
2025-11-17 18:20:42,"Chest Only (1)",47m,"V Up",1,0,15.0,0,0.0,
2025-11-17 18:20:42,"Chest Only (1)",47m,"V Up",2,0,10.0,0,0.0,
2025-11-17 18:20:42,"Chest Only (1)",47m,"Dead Bugs",1,0,15.0,0,0.0,
2025-11-17 18:20:42,"Chest Only (1)",47m,"Dead Bugs",2,0,15.0,0,0.0,
2025-11-19 16:25:19,"Back/Shoulders (1)",34m,"Single Arm Vertical Iso-Lateral Row (Machine)",W,40.0,8.0,0,0.0,
2025-11-19 16:25:19,"Back/Shoulders (1)",34m,"Single Arm Vertical Iso-Lateral Row (Machine)",1,60.0,8.0,0,0.0,
2025-11-19 16:25:19,"Back/Shoulders (1)",34m,"Single Arm Vertical Iso-Lateral Row (Machine)",2,60.0,7.0,0,0.0,
2025-11-19 16:25:19,"Back/Shoulders (1)",34m,"Single Arm Vertical Iso-Lateral Row (Machine)",3,60.0,6.0,0,0.0,
2025-11-19 16:25:19,"Back/Shoulders (1)",34m,"Chin Up",1,0.0,6.0,0,0.0,
2025-11-19 16:25:19,"Back/Shoulders (1)",34m,"Chin Up",2,0.0,8.0,0,0.0,
2025-11-19 16:25:19,"Back/Shoulders (1)",34m,"Chin Up",3,0.0,8.0,0,0.0,
2025-11-19 16:25:19,"Back/Shoulders (1)",34m,"Arnold Press (Dumbbell)",1,24.0,7.0,0,0.0,
2025-11-19 16:25:19,"Back/Shoulders (1)",34m,"Arnold Press (Dumbbell)",2,24.0,7.0,0,0.0,
2025-11-19 16:25:19,"Back/Shoulders (1)",34m,"Arnold Press (Dumbbell)",3,24.0,6.0,0,0.0,
2025-11-19 16:25:19,"Back/Shoulders (1)",34m,"Bicep Curl (Dumbbell)",1,12.0,8.0,0,0.0,
2025-11-19 16:25:19,"Back/Shoulders (1)",34m,"Bicep Curl (Dumbbell)",2,12.0,8.0,0,0.0,
2025-11-19 16:25:19,"Back/Shoulders (1)",34m,"Bicep Curl (Dumbbell)",3,12.0,8.0,0,0.0,
2025-11-21 17:38:47,"Chest Only (2)",38m,"Chest Press (Machine)",W,42.5,10.0,0,0.0,
2025-11-21 17:38:47,"Chest Only (2)",38m,"Chest Press (Machine)",1,52.5,10.0,0,0.0,
2025-11-21 17:38:47,"Chest Only (2)",38m,"Chest Press (Machine)",2,52.5,10.0,0,0.0,
2025-11-21 17:38:47,"Chest Only (2)",38m,"Chest Press (Machine)",3,52.5,10.0,0,0.0,
2025-11-21 17:38:47,"Chest Only (2)",38m,"Incline Bench Press (Barbell)",1,55.0,7.0,0,0.0,
2025-11-21 17:38:47,"Chest Only (2)",38m,"Incline Bench Press (Barbell)",2,55.0,7.0,0,0.0,
2025-11-21 17:38:47,"Chest Only (2)",38m,"Incline Bench Press (Barbell)",3,55.0,7.0,0,0.0,
2025-11-21 17:38:47,"Chest Only (2)",38m,"Reverse Pec Fly",1,6.25,8.0,0,0.0,
2025-11-21 17:38:47,"Chest Only (2)",38m,"Reverse Pec Fly",2,6.25,8.0,0,0.0,
2025-11-21 17:38:47,"Chest Only (2)",38m,"Reverse Pec Fly",3,6.25,10.0,0,0.0,
2025-11-21 17:38:47,"Chest Only (2)",38m,"Triceps Dip",1,0.0,10.0,0,0.0,
2025-11-21 17:38:47,"Chest Only (2)",38m,"Triceps Dip",2,0.0,12.0,0,0.0,
2025-11-21 17:38:47,"Chest Only (2)",38m,"Triceps Dip",3,0.0,12.0,0,0.0,
2025-11-23 11:10:23,"Back and Shoulders (2)",44m,"Seated Row (Cable)",1,47.0,8.0,0,0.0,
2025-11-23 11:10:23,"Back and Shoulders (2)",44m,"Seated Row (Cable)",2,60.0,8.0,0,0.0,
2025-11-23 11:10:23,"Back and Shoulders (2)",44m,"Seated Row (Cable)",3,60.0,8.0,0,0.0,
2025-11-23 11:10:23,"Back and Shoulders (2)",44m,"Seated Row (Cable)",4,67.0,8.0,0,0.0,
2025-11-23 11:10:23,"Back and Shoulders (2)",44m,"Lat Pulldown (Cable)",1,57.0,8.0,0,0.0,
2025-11-23 11:10:23,"Back and Shoulders (2)",44m,"Lat Pulldown (Cable)",2,57.0,8.0,0,0.0,
2025-11-23 11:10:23,"Back and Shoulders (2)",44m,"Lat Pulldown (Cable)",3,60.0,8.0,0,0.0,
2025-11-23 11:10:23,"Back and Shoulders (2)",44m,"Overhead Press (Barbell)",W,20.0,8.0,0,0.0,
2025-11-23 11:10:23,"Back and Shoulders (2)",44m,"Overhead Press (Barbell)",1,42.5,8.0,0,0.0,
2025-11-23 11:10:23,"Back and Shoulders (2)",44m,"Overhead Press (Barbell)",2,42.5,8.0,0,0.0,
2025-11-23 11:10:23,"Back and Shoulders (2)",44m,"Overhead Press (Barbell)",3,45.0,7.0,0,0.0,
2025-11-23 11:10:23,"Back and Shoulders (2)",44m,"Lateral Raise (Cable)",1,5.0,10.0,0,0.0,
2025-11-23 11:10:23,"Back and Shoulders (2)",44m,"Lateral Raise (Cable)",2,5.0,10.0,0,0.0,
2025-11-23 11:10:23,"Back and Shoulders (2)",44m,"Lateral Raise (Cable)",3,5.0,10.0,0,0.0,
2025-11-23 11:10:23,"Back and Shoulders (2)",44m,"Bicep Curl (Cable)",1,10.0,10.0,0,0.0,
2025-11-23 11:10:23,"Back and Shoulders (2)",44m,"Bicep Curl (Cable)",2,10.0,10.0,0,0.0,
2025-11-23 11:10:23,"Back and Shoulders (2)",44m,"Bicep Curl (Cable)",3,10.0,10.0,0,0.0,
2025-11-24 18:23:25,"Chest Only (1)",43m,"Bench Press (Barbell)",W,40.0,8.0,0,0.0,
2025-11-24 18:23:25,"Chest Only (1)",43m,"Bench Press (Barbell)",1,65.0,8.0,0,0.0,
2025-11-24 18:23:25,"Chest Only (1)",43m,"Bench Press (Barbell)",2,67.5,8.0,0,0.0,
2025-11-24 18:23:25,"Chest Only (1)",43m,"Bench Press (Barbell)",3,67.5,8.0,0,0.0,
2025-11-24 18:23:25,"Chest Only (1)",43m,"Incline Bench Press (Dumbbell)",1,24.0,8.0,0,0.0,
2025-11-24 18:23:25,"Chest Only (1)",43m,"Incline Bench Press (Dumbbell)",2,24.0,7.0,0,0.0,
2025-11-24 18:23:25,"Chest Only (1)",43m,"Incline Bench Press (Dumbbell)",3,24.0,7.0,0,0.0,
2025-11-24 18:23:25,"Chest Only (1)",43m,"Chest Fly",1,60.0,8.0,0,0.0,
2025-11-24 18:23:25,"Chest Only (1)",43m,"Chest Fly",2,60.0,8.0,0,0.0,
2025-11-24 18:23:25,"Chest Only (1)",43m,"Chest Fly",3,62.5,8.0,0,0.0,
2025-11-24 18:23:25,"Chest Only (1)",43m,"Triceps Pushdown (Cable - Straight Bar)",1,21.0,12.0,0,0.0,
2025-11-24 18:23:25,"Chest Only (1)",43m,"Triceps Pushdown (Cable - Straight Bar)",2,28.0,10.0,0,0.0,
2025-11-24 18:23:25,"Chest Only (1)",43m,"Triceps Pushdown (Cable - Straight Bar)",3,28.0,10.0,0,0.0,
2025-11-24 18:23:25,"Chest Only (1)",43m,"Hanging Leg Raise",1,0,12.0,0,0.0,
2025-11-24 18:23:25,"Chest Only (1)",43m,"Hanging Leg Raise",2,0,12.0,0,0.0,
2025-11-24 18:23:25,"Chest Only (1)",43m,"Hanging Leg Raise",3,0,12.0,0,0.0,
2025-11-26 11:12:03,"Back/Shoulders (1)",38m,"Single Arm Vertical Iso-Lateral Row (Machine)",W,40.0,8.0,0,0.0,
2025-11-26 11:12:03,"Back/Shoulders (1)",38m,"Single Arm Vertical Iso-Lateral Row (Machine)",1,60.0,8.0,0,0.0,
2025-11-26 11:12:03,"Back/Shoulders (1)",38m,"Single Arm Vertical Iso-Lateral Row (Machine)",2,60.0,8.0,0,0.0,
2025-11-26 11:12:03,"Back/Shoulders (1)",38m,"Single Arm Vertical Iso-Lateral Row (Machine)",3,60.0,8.0,0,0.0,
2025-11-26 11:12:03,"Back/Shoulders (1)",38m,"Pull Up",1,0.0,6.0,0,0.0,
2025-11-26 11:12:03,"Back/Shoulders (1)",38m,"Pull Up",2,0.0,7.0,0,0.0,
2025-11-26 11:12:03,"Back/Shoulders (1)",38m,"Pull Up",3,0.0,7.0,0,0.0,
2025-11-26 11:12:03,"Back/Shoulders (1)",38m,"Arnold Press (Dumbbell)",1,22.0,8.0,0,0.0,
2025-11-26 11:12:03,"Back/Shoulders (1)",38m,"Arnold Press (Dumbbell)",2,22.0,8.0,0,0.0,
2025-11-26 11:12:03,"Back/Shoulders (1)",38m,"Arnold Press (Dumbbell)",3,22.0,8.0,0,0.0,
2025-11-26 11:12:03,"Back/Shoulders (1)",38m,"Lateral Raise (Cable)",1,5.0,10.0,0,0.0,
2025-11-26 11:12:03,"Back/Shoulders (1)",38m,"Lateral Raise (Cable)",2,5.0,10.0,0,0.0,
2025-11-26 11:12:03,"Back/Shoulders (1)",38m,"Lateral Raise (Cable)",3,5.0,10.0,0,0.0,
2025-11-26 11:12:03,"Back/Shoulders (1)",38m,"Bicep Curl (Cable)",1,10.0,10.0,0,0.0,
2025-11-26 11:12:03,"Back/Shoulders (1)",38m,"Bicep Curl (Cable)",2,10.0,10.0,0,0.0,
2025-11-26 11:12:03,"Back/Shoulders (1)",38m,"Bicep Curl (Cable)",3,10.0,10.0,0,0.0,
2025-11-28 15:20:17,"Chest Only (2)",36m,"Chest Press (Machine)",W,42.5,10.0,0,0.0,
2025-11-28 15:20:17,"Chest Only (2)",36m,"Chest Press (Machine)",1,52.5,10.0,0,0.0,
2025-11-28 15:20:17,"Chest Only (2)",36m,"Chest Press (Machine)",2,55.0,10.0,0,0.0,
2025-11-28 15:20:17,"Chest Only (2)",36m,"Chest Press (Machine)",3,55.0,8.0,0,0.0,
2025-11-28 15:20:17,"Chest Only (2)",36m,"Incline Bench Press (Barbell)",1,55.0,7.0,0,0.0,
2025-11-28 15:20:17,"Chest Only (2)",36m,"Incline Bench Press (Barbell)",2,55.0,8.0,0,0.0,
2025-11-28 15:20:17,"Chest Only (2)",36m,"Incline Bench Press (Barbell)",3,55.0,7.0,0,0.0,
2025-11-28 15:20:17,"Chest Only (2)",36m,"Chest Fly",1,60.0,8.0,0,0.0,
2025-11-28 15:20:17,"Chest Only (2)",36m,"Chest Fly",2,60.0,8.0,0,0.0,
2025-11-28 15:20:17,"Chest Only (2)",36m,"Chest Fly",3,60.0,10.0,0,0.0,
2025-11-28 15:20:17,"Chest Only (2)",36m,"Triceps Dip",1,0.0,12.0,0,0.0,
2025-11-28 15:20:17,"Chest Only (2)",36m,"Triceps Dip",2,0.0,12.0,0,0.0,
2025-11-28 15:20:17,"Chest Only (2)",36m,"Triceps Dip",3,0.0,12.0,0,0.0,
2025-11-30 11:40:07,"Back and Shoulders (2)",47m,"Seated Row (Cable)",1,47.0,8.0,0,0.0,
2025-11-30 11:40:07,"Back and Shoulders (2)",47m,"Seated Row (Cable)",2,60.0,8.0,0,0.0,
2025-11-30 11:40:07,"Back and Shoulders (2)",47m,"Seated Row (Cable)",3,60.0,8.0,0,0.0,
2025-11-30 11:40:07,"Back and Shoulders (2)",47m,"Seated Row (Cable)",4,60.0,8.0,0,0.0,
2025-11-30 11:40:07,"Back and Shoulders (2)",47m,"Pulldown (Cable)",1,28.0,8.0,0,0.0,
2025-11-30 11:40:07,"Back and Shoulders (2)",47m,"Pulldown (Cable)",2,28.0,8.0,0,0.0,
2025-11-30 11:40:07,"Back and Shoulders (2)",47m,"Pulldown (Cable)",3,28.0,8.0,0,0.0,
2025-11-30 11:40:07,"Back and Shoulders (2)",47m,"Overhead Press (Barbell)",W,20.0,8.0,0,0.0,
2025-11-30 11:40:07,"Back and Shoulders (2)",47m,"Overhead Press (Barbell)",1,42.5,8.0,0,0.0,
2025-11-30 11:40:07,"Back and Shoulders (2)",47m,"Overhead Press (Barbell)",2,42.5,8.0,0,0.0,
2025-11-30 11:40:07,"Back and Shoulders (2)",47m,"Overhead Press (Barbell)",3,42.5,8.0,0,0.0,
2025-11-30 11:40:07,"Back and Shoulders (2)",47m,"Reverse Fly (Machine)",1,42.5,8.0,0,0.0,
2025-11-30 11:40:07,"Back and Shoulders (2)",47m,"Reverse Fly (Machine)",2,42.5,8.0,0,0.0,
2025-11-30 11:40:07,"Back and Shoulders (2)",47m,"Reverse Fly (Machine)",3,47.5,8.0,0,0.0,
2025-11-30 11:40:07,"Back and Shoulders (2)",47m,"Bicep Curl (Barbell)",1,26.0,8.0,0,0.0,
2025-11-30 11:40:07,"Back and Shoulders (2)",47m,"Bicep Curl (Barbell)",2,26.0,10.0,0,0.0,
2025-11-30 11:40:07,"Back and Shoulders (2)",47m,"Bicep Curl (Barbell)",3,26.0,10.0,0,0.0,
2025-12-01 18:34:00,"Chest Only (1)",36m,"Bench Press (Barbell)",W,40.0,8.0,0,0.0,
2025-12-01 18:34:00,"Chest Only (1)",36m,"Bench Press (Barbell)",1,67.5,8.0,0,0.0,
2025-12-01 18:34:00,"Chest Only (1)",36m,"Bench Press (Barbell)",2,67.5,8.0,0,0.0,
2025-12-01 18:34:00,"Chest Only (1)",36m,"Bench Press (Barbell)",3,67.5,6.0,0,0.0,
2025-12-01 18:34:00,"Chest Only (1)",36m,"Incline Bench Press (Dumbbell)",1,24.0,8.0,0,0.0,
2025-12-01 18:34:00,"Chest Only (1)",36m,"Incline Bench Press (Dumbbell)",2,24.0,8.0,0,0.0,
2025-12-01 18:34:00,"Chest Only (1)",36m,"Incline Bench Press (Dumbbell)",3,24.0,7.0,0,0.0,
2025-12-01 18:34:00,"Chest Only (1)",36m,"Chest Fly",1,62.5,8.0,0,0.0,
2025-12-01 18:34:00,"Chest Only (1)",36m,"Chest Fly",2,62.5,8.0,0,0.0,
2025-12-01 18:34:00,"Chest Only (1)",36m,"Chest Fly",3,62.5,8.0,0,0.0,
2025-12-01 18:34:00,"Chest Only (1)",36m,"One Handed Triceps Pull",1,11.25,8.0,0,0.0,
2025-12-01 18:34:00,"Chest Only (1)",36m,"One Handed Triceps Pull",2,11.25,10.0,0,0.0,
2025-12-01 18:34:00,"Chest Only (1)",36m,"One Handed Triceps Pull",3,11.25,10.0,0,0.0,
2025-12-03 15:49:41,"Back/Shoulders (1)",49m,"Iso-Lateral Row (Machine)",1,40.8,10.0,0,0.0,
2025-12-03 15:49:41,"Back/Shoulders (1)",49m,"Iso-Lateral Row (Machine)",2,60.6,8.0,0,0.0,
2025-12-03 15:49:41,"Back/Shoulders (1)",49m,"Iso-Lateral Row (Machine)",3,60.6,8.0,0,0.0,
2025-12-03 15:49:41,"Back/Shoulders (1)",49m,"Iso-Lateral Row (Machine)",4,50.0,8.0,0,0.0,
2025-12-03 15:49:41,"Back/Shoulders (1)",49m,"Chin Up",1,0.0,8.0,0,0.0,
2025-12-03 15:49:41,"Back/Shoulders (1)",49m,"Chin Up",2,0.0,8.0,0,0.0,
2025-12-03 15:49:41,"Back/Shoulders (1)",49m,"Chin Up",3,0.0,8.0,0,0.0,
2025-12-03 15:49:41,"Back/Shoulders (1)",49m,"Overhead Press (Barbell)",W,20.0,8.0,0,0.0,
2025-12-03 15:49:41,"Back/Shoulders (1)",49m,"Overhead Press (Barbell)",1,45.0,8.0,0,0.0,
2025-12-03 15:49:41,"Back/Shoulders (1)",49m,"Overhead Press (Barbell)",2,45.0,8.0,0,0.0,
2025-12-03 15:49:41,"Back/Shoulders (1)",49m,"Overhead Press (Barbell)",3,45.0,8.0,0,0.0,
2025-12-03 15:49:41,"Back/Shoulders (1)",49m,"Lateral Raise (Cable)",1,6.25,8.0,0,0.0,
2025-12-03 15:49:41,"Back/Shoulders (1)",49m,"Lateral Raise (Cable)",2,6.25,8.0,0,0.0,
2025-12-03 15:49:41,"Back/Shoulders (1)",49m,"Lateral Raise (Cable)",3,6.25,8.0,0,0.0,
2025-12-03 15:49:41,"Back/Shoulders (1)",49m,"Bicep Curl (Cable)",1,11.25,8.0,0,0.0,
2025-12-03 15:49:41,"Back/Shoulders (1)",49m,"Bicep Curl (Cable)",2,11.25,8.0,0,0.0,
2025-12-03 15:49:41,"Back/Shoulders (1)",49m,"Bicep Curl (Cable)",3,11.25,8.0,0,0.0,
2025-12-08 18:18:37,"Chest Only (1)",43m,"Bench Press (Barbell)",W,40.0,8.0,0,0.0,
2025-12-08 18:18:37,"Chest Only (1)",43m,"Bench Press (Barbell)",1,70.0,7.0,0,0.0,
2025-12-08 18:18:37,"Chest Only (1)",43m,"Bench Press (Barbell)",2,70.0,7.0,0,0.0,
2025-12-08 18:18:37,"Chest Only (1)",43m,"Bench Press (Barbell)",3,70.0,7.0,0,0.0,
2025-12-08 18:18:37,"Chest Only (1)",43m,"Incline Bench Press (Dumbbell)",1,24.0,8.0,0,0.0,
2025-12-08 18:18:37,"Chest Only (1)",43m,"Incline Bench Press (Dumbbell)",2,24.0,8.0,0,0.0,
2025-12-08 18:18:37,"Chest Only (1)",43m,"Incline Bench Press (Dumbbell)",3,24.0,8.0,0,0.0,
2025-12-08 18:18:37,"Chest Only (1)",43m,"Chest Fly",1,62.5,8.0,0,0.0,
2025-12-08 18:18:37,"Chest Only (1)",43m,"Chest Fly",2,65.0,8.0,0,0.0,
2025-12-08 18:18:37,"Chest Only (1)",43m,"Chest Fly",3,65.0,7.0,0,0.0,
2025-12-08 18:18:37,"Chest Only (1)",43m,"Triceps Dip",1,0.0,10.0,0,0.0,
2025-12-08 18:18:37,"Chest Only (1)",43m,"Triceps Dip",2,0.0,10.0,0,0.0,
2025-12-08 18:18:37,"Chest Only (1)",43m,"Triceps Dip",3,0.0,10.0,0,0.0,
2025-12-08 18:18:37,"Chest Only (1)",43m,"Skullcrusher (Bodyweight)",1,0,10.0,0,0.0,
2025-12-08 18:18:37,"Chest Only (1)",43m,"Skullcrusher (Bodyweight)",2,0,10.0,0,0.0,
2025-12-08 18:18:37,"Chest Only (1)",43m,"Skullcrusher (Bodyweight)",3,0,10.0,0,0.0,
2025-12-10 15:44:14,"Back/Shoulders (1)",59m,"Single Arm Vertical Iso-Lateral Row (Machine)",W,40.0,8.0,0,0.0,
2025-12-10 15:44:14,"Back/Shoulders (1)",59m,"Single Arm Vertical Iso-Lateral Row (Machine)",1,60.0,8.0,0,0.0,
2025-12-10 15:44:14,"Back/Shoulders (1)",59m,"Single Arm Vertical Iso-Lateral Row (Machine)",2,65.0,7.0,0,0.0,
2025-12-10 15:44:14,"Back/Shoulders (1)",59m,"Single Arm Vertical Iso-Lateral Row (Machine)",3,65.0,7.0,0,0.0,
2025-12-10 15:44:14,"Back/Shoulders (1)",59m,"Wide Pull Up",1,0.0,7.0,0,0.0,
2025-12-10 15:44:14,"Back/Shoulders (1)",59m,"Wide Pull Up",2,0.0,7.0,0,0.0,
2025-12-10 15:44:14,"Back/Shoulders (1)",59m,"Wide Pull Up",3,0.0,7.0,0,0.0,
2025-12-10 15:44:14,"Back/Shoulders (1)",59m,"Overhead Press (Barbell)",W,20.0,8.0,0,0.0,
2025-12-10 15:44:14,"Back/Shoulders (1)",59m,"Overhead Press (Barbell)",1,45.0,8.0,0,0.0,
2025-12-10 15:44:14,"Back/Shoulders (1)",59m,"Overhead Press (Barbell)",2,45.0,8.0,0,0.0,
2025-12-10 15:44:14,"Back/Shoulders (1)",59m,"Overhead Press (Barbell)",3,45.0,8.0,0,0.0,
2025-12-10 15:44:14,"Back/Shoulders (1)",59m,"Lateral Raise (Cable)",1,6.25,8.0,0,0.0,
2025-12-10 15:44:14,"Back/Shoulders (1)",59m,"Lateral Raise (Cable)",2,6.25,8.0,0,0.0,
2025-12-10 15:44:14,"Back/Shoulders (1)",59m,"Lateral Raise (Cable)",3,6.25,8.0,0,0.0,
2025-12-10 15:44:14,"Back/Shoulders (1)",59m,"Bicep Curl (Cable)",1,11.25,10.0,0,0.0,
2025-12-10 15:44:14,"Back/Shoulders (1)",59m,"Bicep Curl (Cable)",2,11.25,10.0,0,0.0,
2025-12-10 15:44:14,"Back/Shoulders (1)",59m,"Bicep Curl (Cable)",3,11.25,9.0,0,0.0,
2025-12-12 16:07:09,"Chest Only (2)",41m,"Chest Press (Machine)",W,42.5,10.0,0,0.0,
2025-12-12 16:07:09,"Chest Only (2)",41m,"Chest Press (Machine)",1,55.0,10.0,0,0.0,
2025-12-12 16:07:09,"Chest Only (2)",41m,"Chest Press (Machine)",2,55.0,10.0,0,0.0,
2025-12-12 16:07:09,"Chest Only (2)",41m,"Chest Press (Machine)",3,55.0,9.0,0,0.0,
2025-12-12 16:07:09,"Chest Only (2)",41m,"Incline Bench Press (Barbell)",1,55.0,8.0,0,0.0,
2025-12-12 16:07:09,"Chest Only (2)",41m,"Incline Bench Press (Barbell)",2,55.0,7.0,0,0.0,
2025-12-12 16:07:09,"Chest Only (2)",41m,"Incline Bench Press (Barbell)",3,55.0,7.0,0,0.0,
2025-12-12 16:07:09,"Chest Only (2)",41m,"Chest Fly",1,65.0,8.0,0,0.0,
2025-12-12 16:07:09,"Chest Only (2)",41m,"Chest Fly",2,65.0,8.0,0,0.0,
2025-12-12 16:07:09,"Chest Only (2)",41m,"Chest Fly",3,65.0,8.0,0,0.0,
2025-12-12 16:07:09,"Chest Only (2)",41m,"One Handed Triceps Pull",1,11.25,10.0,0,0.0,
2025-12-12 16:07:09,"Chest Only (2)",41m,"One Handed Triceps Pull",2,11.25,8.0,0,0.0,
2025-12-12 16:07:09,"Chest Only (2)",41m,"One Handed Triceps Pull",3,11.25,8.0,0,0.0,
2025-12-13 09:22:05,"Back and Shoulders (2)",38m,"Pulldown (Cable)",1,28.0,8.0,0,0.0,
2025-12-13 09:22:05,"Back and Shoulders (2)",38m,"Pulldown (Cable)",2,28.0,8.0,0,0.0,
2025-12-13 09:22:05,"Back and Shoulders (2)",38m,"Pulldown (Cable)",3,28.0,8.0,0,0.0,
2025-12-13 09:22:05,"Back and Shoulders (2)",38m,"Bent Over Row (Barbell)",1,20.0,10.0,0,0.0,
2025-12-13 09:22:05,"Back and Shoulders (2)",38m,"Bent Over Row (Barbell)",2,40.0,10.0,0,0.0,
2025-12-13 09:22:05,"Back and Shoulders (2)",38m,"Bent Over Row (Barbell)",3,50.0,10.0,0,0.0,
2025-12-13 09:22:05,"Back and Shoulders (2)",38m,"Bent Over Row (Barbell)",4,60.0,6.0,0,0.0,
2025-12-13 09:22:05,"Back and Shoulders (2)",38m,"Arnold Press (Dumbbell)",1,22.0,8.0,0,0.0,
2025-12-13 09:22:05,"Back and Shoulders (2)",38m,"Arnold Press (Dumbbell)",2,22.0,8.0,0,0.0,
2025-12-13 09:22:05,"Back and Shoulders (2)",38m,"Arnold Press (Dumbbell)",3,22.0,8.0,0,0.0,
2025-12-13 09:22:05,"Back and Shoulders (2)",38m,"Upright Row (Barbell)",1,26.0,10.0,0,0.0,
2025-12-13 09:22:05,"Back and Shoulders (2)",38m,"Upright Row (Barbell)",2,26.0,10.0,0,0.0,
2025-12-13 09:22:05,"Back and Shoulders (2)",38m,"Upright Row (Barbell)",3,26.0,10.0,0,0.0,
2025-12-13 09:22:05,"Back and Shoulders (2)",38m,"Bicep Curl (Barbell)",1,26.0,8.0,0,0.0,
2025-12-13 09:22:05,"Back and Shoulders (2)",38m,"Bicep Curl (Barbell)",2,26.0,6.0,0,0.0,
2025-12-13 09:22:05,"Back and Shoulders (2)",38m,"Bicep Curl (Barbell)",3,26.0,8.0,0,0.0,
2025-12-15 18:39:38,"Chest Only (1)",38m,"Bench Press (Barbell)",W,40.0,8.0,0,0.0,
2025-12-15 18:39:38,"Chest Only (1)",38m,"Bench Press (Barbell)",1,70.0,8.0,0,0.0,
2025-12-15 18:39:38,"Chest Only (1)",38m,"Bench Press (Barbell)",2,70.0,8.0,0,0.0,
2025-12-15 18:39:38,"Chest Only (1)",38m,"Bench Press (Barbell)",3,70.0,6.0,0,0.0,
2025-12-15 18:39:38,"Chest Only (1)",38m,"Incline Bench Press (Dumbbell)",1,24.0,8.0,0,0.0,
2025-12-15 18:39:38,"Chest Only (1)",38m,"Incline Bench Press (Dumbbell)",2,24.0,8.0,0,0.0,
2025-12-15 18:39:38,"Chest Only (1)",38m,"Incline Bench Press (Dumbbell)",3,24.0,8.0,0,0.0,
2025-12-15 18:39:38,"Chest Only (1)",38m,"Chest Fly",1,65.0,8.0,0,0.0,
2025-12-15 18:39:38,"Chest Only (1)",38m,"Chest Fly",2,65.0,8.0,0,0.0,
2025-12-15 18:39:38,"Chest Only (1)",38m,"Chest Fly",3,65.0,7.0,0,0.0,
2025-12-15 18:39:38,"Chest Only (1)",38m,"Triceps Dip",1,0.0,10.0,0,0.0,
2025-12-15 18:39:38,"Chest Only (1)",38m,"Triceps Dip",2,0.0,10.0,0,0.0,
2025-12-15 18:39:38,"Chest Only (1)",38m,"Triceps Dip",3,0.0,10.0,0,0.0,
2025-12-15 18:39:38,"Chest Only (1)",38m,"Skullcrusher (Bodyweight)",1,0,10.0,0,0.0,
2025-12-15 18:39:38,"Chest Only (1)",38m,"Skullcrusher (Bodyweight)",2,0,10.0,0,0.0,
2025-12-15 18:39:38,"Chest Only (1)",38m,"Skullcrusher (Bodyweight)",3,0,10.0,0,0.0,
2025-12-17 11:03:35,"Back/Shoulders (1)",49m,"Bent Over Row (Barbell)",1,20.0,10.0,0,0.0,
2025-12-17 11:03:35,"Back/Shoulders (1)",49m,"Bent Over Row (Barbell)",2,40.0,10.0,0,0.0,
2025-12-17 11:03:35,"Back/Shoulders (1)",49m,"Bent Over Row (Barbell)",3,50.0,10.0,0,0.0,
2025-12-17 11:03:35,"Back/Shoulders (1)",49m,"Bent Over Row (Barbell)",4,50.0,10.0,0,0.0,
2025-12-17 11:03:35,"Back/Shoulders (1)",49m,"Bent Over Row (Barbell)",5,50.0,10.0,0,0.0,
2025-12-17 11:03:35,"Back/Shoulders (1)",49m,"Chin Up",1,0.0,9.0,0,0.0,
2025-12-17 11:03:35,"Back/Shoulders (1)",49m,"Chin Up",2,0.0,9.0,0,0.0,
2025-12-17 11:03:35,"Back/Shoulders (1)",49m,"Chin Up",3,0.0,9.0,0,0.0,
2025-12-17 11:03:35,"Back/Shoulders (1)",49m,"Overhead Press (Barbell)",1,20.0,10.0,0,0.0,
2025-12-17 11:03:35,"Back/Shoulders (1)",49m,"Overhead Press (Barbell)",2,47.5,8.0,0,0.0,
2025-12-17 11:03:35,"Back/Shoulders (1)",49m,"Overhead Press (Barbell)",3,47.5,7.0,0,0.0,
2025-12-17 11:03:35,"Back/Shoulders (1)",49m,"Overhead Press (Barbell)",4,47.5,7.0,0,0.0,
2025-12-17 11:03:35,"Back/Shoulders (1)",49m,"Lateral Raise (Cable)",1,6.25,8.0,0,0.0,
2025-12-17 11:03:35,"Back/Shoulders (1)",49m,"Lateral Raise (Cable)",2,6.25,8.0,0,0.0,
2025-12-17 11:03:35,"Back/Shoulders (1)",49m,"Lateral Raise (Cable)",3,6.25,8.0,0,0.0,
2025-12-17 11:03:35,"Back/Shoulders (1)",49m,"Bicep Curl (Cable)",1,11.25,10.0,0,0.0,
2025-12-17 11:03:35,"Back/Shoulders (1)",49m,"Bicep Curl (Cable)",2,11.25,10.0,0,0.0,
2025-12-17 11:03:35,"Back/Shoulders (1)",49m,"Bicep Curl (Cable)",3,12.5,8.0,0,0.0,
2025-12-22 11:01:10,"Morning Workout",40m,"Bench Press (Dumbbell)",1,20.0,8.0,0,0.0,
2025-12-22 11:01:10,"Morning Workout",40m,"Bench Press (Dumbbell)",2,26.0,10.0,0,0.0,
2025-12-22 11:01:10,"Morning Workout",40m,"Bench Press (Dumbbell)",3,28.0,8.0,0,0.0,
2025-12-22 11:01:10,"Morning Workout",40m,"Bench Press (Dumbbell)",4,30.0,8.0,0,0.0,
2025-12-22 11:01:10,"Morning Workout",40m,"Incline Chest Press (Machine)",1,60.0,8.0,0,0.0,
2025-12-22 11:01:10,"Morning Workout",40m,"Incline Chest Press (Machine)",2,60.0,8.0,0,0.0,
2025-12-22 11:01:10,"Morning Workout",40m,"Incline Chest Press (Machine)",3,60.0,8.0,0,0.0,
2025-12-22 11:01:10,"Morning Workout",40m,"Chest Fly",1,65.0,8.0,0,0.0,
2025-12-22 11:01:10,"Morning Workout",40m,"Chest Fly",2,65.0,8.0,0,0.0,
2025-12-22 11:01:10,"Morning Workout",40m,"Chest Fly",3,65.0,8.0,0,0.0,
2025-12-22 11:01:10,"Morning Workout",40m,"Triceps Dip",1,0.0,10.0,0,0.0,
2025-12-22 11:01:10,"Morning Workout",40m,"Triceps Dip",2,0.0,10.0,0,0.0,
2025-12-22 11:01:10,"Morning Workout",40m,"Triceps Dip",3,0.0,10.0,0,0.0,
2025-12-22 11:01:10,"Morning Workout",40m,"Skullcrusher (Bodyweight)",1,0,10.0,0,0.0,
2025-12-22 11:01:10,"Morning Workout",40m,"Skullcrusher (Bodyweight)",2,0,10.0,0,0.0,
2025-12-22 11:01:10,"Morning Workout",40m,"Skullcrusher (Bodyweight)",3,0,10.0,0,0.0,
2025-12-24 15:51:11,"Back/Shoulders (1)",46m,"Bent Over Row (Barbell)",1,20.0,10.0,0,0.0,
2025-12-24 15:51:11,"Back/Shoulders (1)",46m,"Bent Over Row (Barbell)",2,50.0,10.0,0,0.0,
2025-12-24 15:51:11,"Back/Shoulders (1)",46m,"Bent Over Row (Barbell)",3,55.0,8.0,0,0.0,
2025-12-24 15:51:11,"Back/Shoulders (1)",46m,"Bent Over Row (Barbell)",4,55.0,8.0,0,0.0,
2025-12-24 15:51:11,"Back/Shoulders (1)",46m,"Pull Up",1,0.0,8.0,0,0.0,
2025-12-24 15:51:11,"Back/Shoulders (1)",46m,"Pull Up",2,0.0,9.0,0,0.0,
2025-12-24 15:51:11,"Back/Shoulders (1)",46m,"Pull Up",3,0.0,9.0,0,0.0,
2025-12-24 15:51:11,"Back/Shoulders (1)",46m,"Overhead Press (Barbell)",1,20.0,10.0,0,0.0,
2025-12-24 15:51:11,"Back/Shoulders (1)",46m,"Overhead Press (Barbell)",2,47.5,8.0,0,0.0,
2025-12-24 15:51:11,"Back/Shoulders (1)",46m,"Overhead Press (Barbell)",3,47.5,7.0,0,0.0,
2025-12-24 15:51:11,"Back/Shoulders (1)",46m,"Overhead Press (Barbell)",4,47.5,5.0,0,0.0,
2025-12-24 15:51:11,"Back/Shoulders (1)",46m,"Lateral Raise (Dumbbell)",1,9.0,8.0,0,0.0,
2025-12-24 15:51:11,"Back/Shoulders (1)",46m,"Lateral Raise (Dumbbell)",2,9.0,8.0,0,0.0,
2025-12-24 15:51:11,"Back/Shoulders (1)",46m,"Lateral Raise (Dumbbell)",3,9.0,8.0,0,0.0,
2025-12-24 15:51:11,"Back/Shoulders (1)",46m,"Bicep Peaks",1,5.0,12.0,0,0.0,
2025-12-24 15:51:11,"Back/Shoulders (1)",46m,"Bicep Peaks",2,7.5,12.0,0,0.0,
2025-12-24 15:51:11,"Back/Shoulders (1)",46m,"Bicep Peaks",3,7.5,12.0,0,0.0,
2025-12-24 15:51:11,"Back/Shoulders (1)",46m,"Bicep Peaks",4,7.5,12.0,0,0.0,
2025-12-26 11:15:45,"Chest Only (2)",36m,"Chest Press (Machine)",W,45.0,10.0,0,0.0,
2025-12-26 11:15:45,"Chest Only (2)",36m,"Chest Press (Machine)",1,55.0,10.0,0,0.0,
2025-12-26 11:15:45,"Chest Only (2)",36m,"Chest Press (Machine)",2,57.5,8.0,0,0.0,
2025-12-26 11:15:45,"Chest Only (2)",36m,"Chest Press (Machine)",3,57.5,7.0,0,0.0,
2025-12-26 11:15:45,"Chest Only (2)",36m,"Incline Bench Press (Barbell)",1,55.0,7.0,0,0.0,
2025-12-26 11:15:45,"Chest Only (2)",36m,"Incline Bench Press (Barbell)",2,55.0,7.0,0,0.0,
2025-12-26 11:15:45,"Chest Only (2)",36m,"Incline Bench Press (Barbell)",3,55.0,7.0,0,0.0,
2025-12-26 11:15:45,"Chest Only (2)",36m,"Cable Crossover",1,8.75,10.0,0,0.0,
2025-12-26 11:15:45,"Chest Only (2)",36m,"Cable Crossover",2,8.75,10.0,0,0.0,
2025-12-26 11:15:45,"Chest Only (2)",36m,"Cable Crossover",3,10.0,10.0,0,0.0,
2025-12-26 11:15:45,"Chest Only (2)",36m,"EZ Bar Outward Tricep Extension",1,24.5,15.0,0,0.0,
2025-12-26 11:15:45,"Chest Only (2)",36m,"EZ Bar Outward Tricep Extension",2,24.5,15.0,0,0.0,
2025-12-26 11:15:45,"Chest Only (2)",36m,"EZ Bar Outward Tricep Extension",3,24.5,12.0,0,0.0,
2025-12-27 09:41:37,"Back and Shoulders (2)",42m,"Iso-Lateral Row (Machine)",1,40.8,10.0,0,0.0,
2025-12-27 09:41:37,"Back and Shoulders (2)",42m,"Iso-Lateral Row (Machine)",2,50.0,10.0,0,0.0,
2025-12-27 09:41:37,"Back and Shoulders (2)",42m,"Iso-Lateral Row (Machine)",3,55.0,7.0,0,0.0,
2025-12-27 09:41:37,"Back and Shoulders (2)",42m,"Iso-Lateral Row (Machine)",4,55.0,7.0,0,0.0,
2025-12-27 09:41:37,"Back and Shoulders (2)",42m,"Pulldown (Cable)",1,28.0,10.0,0,0.0,
2025-12-27 09:41:37,"Back and Shoulders (2)",42m,"Pulldown (Cable)",2,28.0,9.0,0,0.0,
2025-12-27 09:41:37,"Back and Shoulders (2)",42m,"Pulldown (Cable)",3,28.0,8.0,0,0.0,
2025-12-27 09:41:37,"Back and Shoulders (2)",42m,"Arnold Press (Dumbbell)",1,24.0,7.0,0,0.0,
2025-12-27 09:41:37,"Back and Shoulders (2)",42m,"Arnold Press (Dumbbell)",2,24.0,7.0,0,0.0,
2025-12-27 09:41:37,"Back and Shoulders (2)",42m,"Arnold Press (Dumbbell)",3,24.0,5.0,0,0.0,
2025-12-27 09:41:37,"Back and Shoulders (2)",42m,"Upright Row (Barbell)",1,30.0,8.0,0,0.0,
2025-12-27 09:41:37,"Back and Shoulders (2)",42m,"Upright Row (Barbell)",2,30.0,8.0,0,0.0,
2025-12-27 09:41:37,"Back and Shoulders (2)",42m,"Upright Row (Barbell)",3,30.0,8.0,0,0.0,
2025-12-27 09:41:37,"Back and Shoulders (2)",42m,"Bicep Curl (Barbell)",1,30.0,6.0,0,0.0,
2025-12-27 09:41:37,"Back and Shoulders (2)",42m,"Bicep Curl (Barbell)",2,30.0,3.0,0,0.0,
2025-12-27 09:41:37,"Back and Shoulders (2)",42m,"Bicep Curl (Barbell)",3,22.0,8.0,0,0.0,
2025-12-29 17:49:06,"Chest Only (1)",40m,"Bench Press (Barbell)",W,40.0,8.0,0,0.0,
2025-12-29 17:49:06,"Chest Only (1)",40m,"Bench Press (Barbell)",1,60.0,6.0,0,0.0,
2025-12-29 17:49:06,"Chest Only (1)",40m,"Bench Press (Barbell)",2,70.0,8.0,0,0.0,
2025-12-29 17:49:06,"Chest Only (1)",40m,"Bench Press (Barbell)",3,70.0,7.0,0,0.0,
2025-12-29 17:49:06,"Chest Only (1)",40m,"Bench Press (Barbell)",4,70.0,6.0,0,0.0,
2025-12-29 17:49:06,"Chest Only (1)",40m,"Incline Bench Press (Dumbbell)",1,26.0,7.0,0,0.0,
2025-12-29 17:49:06,"Chest Only (1)",40m,"Incline Bench Press (Dumbbell)",2,26.0,6.0,0,0.0,
2025-12-29 17:49:06,"Chest Only (1)",40m,"Incline Bench Press (Dumbbell)",3,24.0,8.0,0,0.0,
2025-12-29 17:49:06,"Chest Only (1)",40m,"Chest Fly",1,57.5,10.0,0,0.0,
2025-12-29 17:49:06,"Chest Only (1)",40m,"Chest Fly",2,57.5,10.0,0,0.0,
2025-12-29 17:49:06,"Chest Only (1)",40m,"Chest Fly",3,57.5,8.0,0,0.0,
2025-12-29 17:49:06,"Chest Only (1)",40m,"Chest Fly",D,42.5,6.0,0,0.0,
2025-12-29 17:49:06,"Chest Only (1)",40m,"Chest Fly",D,27.5,8.0,0,0.0,
2025-12-29 17:49:06,"Chest Only (1)",40m,"Triceps Dip",1,0.0,10.0,0,0.0,
2025-12-29 17:49:06,"Chest Only (1)",40m,"Triceps Dip",2,0.0,10.0,0,0.0,
2025-12-29 17:49:06,"Chest Only (1)",40m,"Triceps Dip",3,0.0,10.0,0,0.0,
2025-12-29 17:49:06,"Chest Only (1)",40m,"Skullcrusher (Bodyweight)",1,0,10.0,0,0.0,
2025-12-29 17:49:06,"Chest Only (1)",40m,"Skullcrusher (Bodyweight)",2,0,10.0,0,0.0,
2025-12-29 17:49:06,"Chest Only (1)",40m,"Skullcrusher (Bodyweight)",3,0,10.0,0,0.0,
2025-12-31 17:20:27,"Back/Shoulders (1)",50m,"Bent Over Row (Barbell)",1,20.0,10.0,0,0.0,
2025-12-31 17:20:27,"Back/Shoulders (1)",50m,"Bent Over Row (Barbell)",2,55.0,8.0,0,0.0,
2025-12-31 17:20:27,"Back/Shoulders (1)",50m,"Bent Over Row (Barbell)",3,55.0,10.0,0,0.0,
2025-12-31 17:20:27,"Back/Shoulders (1)",50m,"Bent Over Row (Barbell)",4,55.0,12.0,0,0.0,
2025-12-31 17:20:27,"Back/Shoulders (1)",50m,"Pull Up",1,0.0,10.0,0,0.0,
2025-12-31 17:20:27,"Back/Shoulders (1)",50m,"Pull Up",2,0.0,10.0,0,0.0,
2025-12-31 17:20:27,"Back/Shoulders (1)",50m,"Pull Up",3,0.0,7.0,0,0.0,
2025-12-31 17:20:27,"Back/Shoulders (1)",50m,"Overhead Press (Barbell)",1,20.0,10.0,0,0.0,
2025-12-31 17:20:27,"Back/Shoulders (1)",50m,"Overhead Press (Barbell)",2,47.5,8.0,0,0.0,
2025-12-31 17:20:27,"Back/Shoulders (1)",50m,"Overhead Press (Barbell)",3,47.5,8.0,0,0.0,
2025-12-31 17:20:27,"Back/Shoulders (1)",50m,"Overhead Press (Barbell)",4,47.5,5.0,0,0.0,
2025-12-31 17:20:27,"Back/Shoulders (1)",50m,"Lateral Raise (Cable)",1,5.0,15.0,0,0.0,
2025-12-31 17:20:27,"Back/Shoulders (1)",50m,"Lateral Raise (Cable)",2,5.0,15.0,0,0.0,
2025-12-31 17:20:27,"Back/Shoulders (1)",50m,"Lateral Raise (Cable)",3,5.0,10.0,0,0.0,
2025-12-31 17:20:27,"Back/Shoulders (1)",50m,"Lateral Raise (Cable)",D,2.5,8.0,0,0.0,
2025-12-31 17:20:27,"Back/Shoulders (1)",50m,"Bicep Curl (Cable)",1,12.5,8.0,0,0.0,
2025-12-31 17:20:27,"Back/Shoulders (1)",50m,"Bicep Curl (Cable)",2,12.5,8.0,0,0.0,
2025-12-31 17:20:27,"Back/Shoulders (1)",50m,"Bicep Curl (Cable)",3,10.0,15.0,0,0.0,
2025-12-31 17:20:27,"Back/Shoulders (1)",50m,"Bicep Curl (Cable)",D,7.5,8.0,0,0.0,
2025-12-31 17:20:27,"Back/Shoulders (1)",50m,"Bicep Curl (Cable)",D,5.0,6.0,0,0.0,
2026-01-03 10:04:30,"Upper Body (1)",1h 9m,"Bench Press (Dumbbell)",1,26.0,12.0,0,0.0,
2026-01-03 10:04:30,"Upper Body (1)",1h 9m,"Bench Press (Dumbbell)",2,28.0,12.0,0,0.0,
2026-01-03 10:04:30,"Upper Body (1)",1h 9m,"Bench Press (Dumbbell)",3,28.0,8.0,0,0.0,
2026-01-03 10:04:30,"Upper Body (1)",1h 9m,"Incline Bench Press (Barbell)",1,60.0,6.0,0,0.0,
2026-01-03 10:04:30,"Upper Body (1)",1h 9m,"Incline Bench Press (Barbell)",2,60.0,6.0,0,0.0,
2026-01-03 10:04:30,"Upper Body (1)",1h 9m,"Incline Bench Press (Barbell)",3,50.0,8.0,0,0.0,
2026-01-03 10:04:30,"Upper Body (1)",1h 9m,"Iso-Lateral Row (Machine)",1,40.0,10.0,0,0.0,
2026-01-03 10:04:30,"Upper Body (1)",1h 9m,"Iso-Lateral Row (Machine)",2,50.0,12.0,0,0.0,
2026-01-03 10:04:30,"Upper Body (1)",1h 9m,"Iso-Lateral Row (Machine)",3,50.0,10.0,0,0.0,
2026-01-03 10:04:30,"Upper Body (1)",1h 9m,"Iso-Lateral Row (Machine)",4,50.0,8.0,0,0.0,
2026-01-03 10:04:30,"Upper Body (1)",1h 9m,"Lat Pulldown - Underhand (Cable)",1,67.0,8.0,0,0.0,
2026-01-03 10:04:30,"Upper Body (1)",1h 9m,"Lat Pulldown - Underhand (Cable)",2,57.0,10.0,0,0.0,
2026-01-03 10:04:30,"Upper Body (1)",1h 9m,"Lat Pulldown - Underhand (Cable)",3,57.0,8.0,0,0.0,
2026-01-03 10:04:30,"Upper Body (1)",1h 9m,"Upright Row (Barbell)",1,30.0,10.0,0,0.0,
2026-01-03 10:04:30,"Upper Body (1)",1h 9m,"Upright Row (Barbell)",2,30.0,10.0,0,0.0,
2026-01-03 10:04:30,"Upper Body (1)",1h 9m,"Upright Row (Barbell)",3,30.0,10.0,0,0.0,
2026-01-03 10:04:30,"Upper Body (1)",1h 9m,"Reverse Fly (Machine)",1,47.5,10.0,0,0.0,
2026-01-03 10:04:30,"Upper Body (1)",1h 9m,"Reverse Fly (Machine)",2,47.5,10.0,0,0.0,
2026-01-03 10:04:30,"Upper Body (1)",1h 9m,"Reverse Fly (Machine)",3,47.5,8.0,0,0.0,
2026-01-03 10:04:30,"Upper Body (1)",1h 9m,"Bicep Curl (Cable)",1,12.5,10.0,0,0.0,
2026-01-03 10:04:30,"Upper Body (1)",1h 9m,"Bicep Curl (Cable)",2,12.5,8.0,0,0.0,
2026-01-03 10:04:30,"Upper Body (1)",1h 9m,"Bicep Curl (Cable)",3,10.0,10.0,0,0.0,
2026-01-03 10:04:30,"Upper Body (1)",1h 9m,"One Handed Triceps Pull",1,10.0,8.0,0,0.0,
2026-01-03 10:04:30,"Upper Body (1)",1h 9m,"One Handed Triceps Pull",2,10.0,8.0,0,0.0,
2026-01-03 10:04:30,"Upper Body (1)",1h 9m,"One Handed Triceps Pull",3,7.5,10.0,0,0.0,
2026-01-05 18:29:24,"Chest Only (1)",41m,"Bench Press (Barbell)",W,40.0,8.0,0,0.0,
2026-01-05 18:29:24,"Chest Only (1)",41m,"Bench Press (Barbell)",1,60.0,6.0,0,0.0,
2026-01-05 18:29:24,"Chest Only (1)",41m,"Bench Press (Barbell)",2,70.0,8.0,0,0.0,
2026-01-05 18:29:24,"Chest Only (1)",41m,"Bench Press (Barbell)",3,70.0,6.0,0,0.0,
2026-01-05 18:29:24,"Chest Only (1)",41m,"Bench Press (Barbell)",4,70.0,6.0,0,0.0,
2026-01-05 18:29:24,"Chest Only (1)",41m,"Bench Press (Barbell)",5,60.0,8.0,0,0.0,
2026-01-05 18:29:24,"Chest Only (1)",41m,"Chest Fly",1,57.5,12.0,0,0.0,
2026-01-05 18:29:24,"Chest Only (1)",41m,"Chest Fly",2,57.5,12.0,0,0.0,
2026-01-05 18:29:24,"Chest Only (1)",41m,"Chest Fly",3,57.5,10.0,0,0.0,
2026-01-05 18:29:24,"Chest Only (1)",41m,"Incline Bench Press (Dumbbell)",1,26.0,7.0,0,0.0,
2026-01-05 18:29:24,"Chest Only (1)",41m,"Incline Bench Press (Dumbbell)",2,26.0,7.0,0,0.0,
2026-01-05 18:29:24,"Chest Only (1)",41m,"Incline Bench Press (Dumbbell)",3,24.0,7.0,0,0.0,
2026-01-05 18:29:24,"Chest Only (1)",41m,"Triceps Dip",1,0.0,10.0,0,0.0,
2026-01-05 18:29:24,"Chest Only (1)",41m,"Triceps Dip",2,0.0,8.0,0,0.0,
2026-01-05 18:29:24,"Chest Only (1)",41m,"Triceps Dip",3,0.0,8.0,0,0.0,
2026-01-05 18:29:24,"Chest Only (1)",41m,"Skullcrusher (Bodyweight)",1,0,10.0,0,0.0,
2026-01-05 18:29:24,"Chest Only (1)",41m,"Skullcrusher (Bodyweight)",2,0,8.0,0,0.0,
2026-01-05 18:29:24,"Chest Only (1)",41m,"Skullcrusher (Bodyweight)",3,0,8.0,0,0.0,
2026-01-07 10:17:57,"Back/Shoulders (1)",50m,"Bent Over Row (Barbell)",1,20.0,10.0,0,0.0,
2026-01-07 10:17:57,"Back/Shoulders (1)",50m,"Bent Over Row (Barbell)",2,55.0,10.0,0,0.0,
2026-01-07 10:17:57,"Back/Shoulders (1)",50m,"Bent Over Row (Barbell)",3,55.0,10.0,0,0.0,
2026-01-07 10:17:57,"Back/Shoulders (1)",50m,"Bent Over Row (Barbell)",4,60.0,6.0,0,0.0,
2026-01-07 10:17:57,"Back/Shoulders (1)",50m,"Pull Up",1,0.0,10.0,0,0.0,
2026-01-07 10:17:57,"Back/Shoulders (1)",50m,"Pull Up",2,0.0,10.0,0,0.0,
2026-01-07 10:17:57,"Back/Shoulders (1)",50m,"Pull Up",3,0.0,9.0,0,0.0,
2026-01-07 10:17:57,"Back/Shoulders (1)",50m,"Overhead Press (Barbell)",1,20.0,10.0,0,0.0,
2026-01-07 10:17:57,"Back/Shoulders (1)",50m,"Overhead Press (Barbell)",2,47.5,8.0,0,0.0,
2026-01-07 10:17:57,"Back/Shoulders (1)",50m,"Overhead Press (Barbell)",3,47.5,8.0,0,0.0,
2026-01-07 10:17:57,"Back/Shoulders (1)",50m,"Overhead Press (Barbell)",4,47.5,7.0,0,0.0,
2026-01-07 10:17:57,"Back/Shoulders (1)",50m,"Lateral Raise (Dumbbell)",1,9.0,10.0,0,0.0,
2026-01-07 10:17:57,"Back/Shoulders (1)",50m,"Lateral Raise (Dumbbell)",2,9.0,10.0,0,0.0,
2026-01-07 10:17:57,"Back/Shoulders (1)",50m,"Lateral Raise (Dumbbell)",3,9.0,10.0,0,0.0,
2026-01-07 10:17:57,"Back/Shoulders (1)",50m,"Bicep Curl (Barbell)",1,26.0,10.0,0,0.0,
2026-01-07 10:17:57,"Back/Shoulders (1)",50m,"Bicep Curl (Barbell)",2,26.0,10.0,0,0.0,
2026-01-07 10:17:57,"Back/Shoulders (1)",50m,"Bicep Curl (Barbell)",3,26.0,8.0,0,0.0,
2026-01-09 15:48:47,"Chest Only (2)",39m,"Bench Press (Dumbbell)",1,26.0,10.0,0,0.0,
2026-01-09 15:48:47,"Chest Only (2)",39m,"Bench Press (Dumbbell)",2,28.0,10.0,0,0.0,
2026-01-09 15:48:47,"Chest Only (2)",39m,"Bench Press (Dumbbell)",3,28.0,10.0,0,0.0,
2026-01-09 15:48:47,"Chest Only (2)",39m,"Bench Press (Dumbbell)",4,28.0,10.0,0,0.0,
2026-01-09 15:48:47,"Chest Only (2)",39m,"Incline Chest Press (Machine)",1,60.0,8.0,0,0.0,
2026-01-09 15:48:47,"Chest Only (2)",39m,"Incline Chest Press (Machine)",2,60.0,8.0,0,0.0,
2026-01-09 15:48:47,"Chest Only (2)",39m,"Incline Chest Press (Machine)",3,60.0,7.0,0,0.0,
2026-01-09 15:48:47,"Chest Only (2)",39m,"Cable Crossover",1,8.75,12.0,0,0.0,
2026-01-09 15:48:47,"Chest Only (2)",39m,"Cable Crossover",2,10.0,12.0,0,0.0,
2026-01-09 15:48:47,"Chest Only (2)",39m,"Cable Crossover",3,11.25,10.0,0,0.0,
2026-01-09 15:48:47,"Chest Only (2)",39m,"EZ Bar Outward Tricep Extension",1,24.5,15.0,0,0.0,
2026-01-09 15:48:47,"Chest Only (2)",39m,"EZ Bar Outward Tricep Extension",2,24.5,15.0,0,0.0,
2026-01-09 15:48:47,"Chest Only (2)",39m,"EZ Bar Outward Tricep Extension",3,24.5,13.0,0,0.0,
2026-01-11 11:41:52,"Back and Shoulders (2)",36m,"Iso-Lateral Row (Machine)",1,40.8,10.0,0,0.0,
2026-01-11 11:41:52,"Back and Shoulders (2)",36m,"Iso-Lateral Row (Machine)",2,50.0,10.0,0,0.0,
2026-01-11 11:41:52,"Back and Shoulders (2)",36m,"Iso-Lateral Row (Machine)",3,55.0,8.0,0,0.0,
2026-01-11 11:41:52,"Back and Shoulders (2)",36m,"Iso-Lateral Row (Machine)",4,55.0,8.0,0,0.0,
2026-01-11 11:41:52,"Back and Shoulders (2)",36m,"Pulldown (Cable)",1,28.0,8.0,0,0.0,
2026-01-11 11:41:52,"Back and Shoulders (2)",36m,"Pulldown (Cable)",2,28.0,8.0,0,0.0,
2026-01-11 11:41:52,"Back and Shoulders (2)",36m,"Pulldown (Cable)",3,24.5,10.0,0,0.0,
2026-01-11 11:41:52,"Back and Shoulders (2)",36m,"Arnold Press (Dumbbell)",1,22.0,8.0,0,0.0,
2026-01-11 11:41:52,"Back and Shoulders (2)",36m,"Arnold Press (Dumbbell)",2,22.0,10.0,0,0.0,
2026-01-11 11:41:52,"Back and Shoulders (2)",36m,"Arnold Press (Dumbbell)",3,22.0,10.0,0,0.0,
2026-01-11 11:41:52,"Back and Shoulders (2)",36m,"Upright Row (Barbell)",1,30.0,10.0,0,0.0,
2026-01-11 11:41:52,"Back and Shoulders (2)",36m,"Upright Row (Barbell)",2,30.0,10.0,0,0.0,
2026-01-11 11:41:52,"Back and Shoulders (2)",36m,"Upright Row (Barbell)",3,30.0,8.0,0,0.0,
2026-01-11 11:41:52,"Back and Shoulders (2)",36m,"Bicep Curl (Barbell)",1,26.0,8.0,0,0.0,
2026-01-11 11:41:52,"Back and Shoulders (2)",36m,"Bicep Curl (Barbell)",2,26.0,7.0,0,0.0,
2026-01-11 11:41:52,"Back and Shoulders (2)",36m,"Bicep Curl (Barbell)",3,22.0,6.0,0,0.0,
2026-01-12 18:06:52,"Chest Only (1)",54m,"Bench Press (Barbell)",W,40.0,8.0,0,0.0,
2026-01-12 18:06:52,"Chest Only (1)",54m,"Bench Press (Barbell)",1,60.0,6.0,0,0.0,
2026-01-12 18:06:52,"Chest Only (1)",54m,"Bench Press (Barbell)",2,70.0,8.0,0,0.0,
2026-01-12 18:06:52,"Chest Only (1)",54m,"Bench Press (Barbell)",3,70.0,8.0,0,0.0,
2026-01-12 18:06:52,"Chest Only (1)",54m,"Bench Press (Barbell)",4,70.0,7.0,0,0.0,
2026-01-12 18:06:52,"Chest Only (1)",54m,"Bench Press (Barbell)",5,60.0,7.0,0,0.0,
2026-01-12 18:06:52,"Chest Only (1)",54m,"Incline Bench Press (Dumbbell)",1,26.0,8.0,0,0.0,
2026-01-12 18:06:52,"Chest Only (1)",54m,"Incline Bench Press (Dumbbell)",2,26.0,3.0,0,0.0,
2026-01-12 18:06:52,"Chest Only (1)",54m,"Incline Bench Press (Dumbbell)",3,24.0,5.0,0,0.0,
2026-01-12 18:06:52,"Chest Only (1)",54m,"Chest Fly",1,60.0,12.0,0,0.0,
2026-01-12 18:06:52,"Chest Only (1)",54m,"Chest Fly",2,60.0,12.0,0,0.0,
2026-01-12 18:06:52,"Chest Only (1)",54m,"Chest Fly",3,60.0,10.0,0,0.0,
2026-01-12 18:06:52,"Chest Only (1)",54m,"Chest Fly",D,45.0,7.0,0,0.0,
2026-01-12 18:06:52,"Chest Only (1)",54m,"Chest Fly",D,30.0,12.0,0,0.0,
2026-01-12 18:06:52,"Chest Only (1)",54m,"Triceps Dip",1,0.0,10.0,0,0.0,
2026-01-12 18:06:52,"Chest Only (1)",54m,"Triceps Dip",2,0.0,9.0,0,0.0,
2026-01-12 18:06:52,"Chest Only (1)",54m,"Triceps Dip",3,0.0,7.0,0,0.0,
2026-01-12 18:06:52,"Chest Only (1)",54m,"Skullcrusher (Bodyweight)",1,0,10.0,0,0.0,
2026-01-12 18:06:52,"Chest Only (1)",54m,"Skullcrusher (Bodyweight)",2,0,9.0,0,0.0,
2026-01-12 18:06:52,"Chest Only (1)",54m,"Skullcrusher (Bodyweight)",3,0,7.0,0,0.0,
2026-01-12 18:06:52,"Chest Only (1)",54m,"Decline Crunch",1,10.0,15.0,0,0.0,
2026-01-12 18:06:52,"Chest Only (1)",54m,"Decline Crunch",2,10.0,15.0,0,0.0,
2026-01-12 18:06:52,"Chest Only (1)",54m,"Decline Crunch",3,10.0,15.0,0,0.0,
2026-01-14 11:01:38,"Back/Shoulders (1)",47m,"Bent Over Row (Barbell)",1,40.0,10.0,0,0.0,
2026-01-14 11:01:38,"Back/Shoulders (1)",47m,"Bent Over Row (Barbell)",2,50.0,10.0,0,0.0,
2026-01-14 11:01:38,"Back/Shoulders (1)",47m,"Bent Over Row (Barbell)",3,55.0,10.0,0,0.0,
2026-01-14 11:01:38,"Back/Shoulders (1)",47m,"Bent Over Row (Barbell)",4,55.0,8.0,0,0.0,
2026-01-14 11:01:38,"Back/Shoulders (1)",47m,"Pull Up",1,0.0,10.0,0,0.0,
2026-01-14 11:01:38,"Back/Shoulders (1)",47m,"Pull Up",2,0.0,10.0,0,0.0,
2026-01-14 11:01:38,"Back/Shoulders (1)",47m,"Pull Up",3,0.0,10.0,0,0.0,
2026-01-14 11:01:38,"Back/Shoulders (1)",47m,"Overhead Press (Barbell)",1,20.0,10.0,0,0.0,
2026-01-14 11:01:38,"Back/Shoulders (1)",47m,"Overhead Press (Barbell)",2,47.5,8.0,0,0.0,
2026-01-14 11:01:38,"Back/Shoulders (1)",47m,"Overhead Press (Barbell)",3,47.5,8.0,0,0.0,
2026-01-14 11:01:38,"Back/Shoulders (1)",47m,"Overhead Press (Barbell)",4,47.5,7.0,0,0.0,
2026-01-14 11:01:38,"Back/Shoulders (1)",47m,"Lateral Raise (Cable)",1,6.25,8.0,0,0.0,
2026-01-14 11:01:38,"Back/Shoulders (1)",47m,"Lateral Raise (Cable)",2,6.25,8.0,0,0.0,
2026-01-14 11:01:38,"Back/Shoulders (1)",47m,"Lateral Raise (Cable)",3,5.0,10.0,0,0.0,
2026-01-14 11:01:38,"Back/Shoulders (1)",47m,"Bicep Curl (Cable)",1,12.5,10.0,0,0.0,
2026-01-14 11:01:38,"Back/Shoulders (1)",47m,"Bicep Curl (Cable)",2,12.5,8.0,0,0.0,
2026-01-14 11:01:38,"Back/Shoulders (1)",47m,"Bicep Curl (Cable)",3,10.0,10.0,0,0.0,
2026-01-17 11:02:22,"Upper Body (1)",58m,"Bench Press (Dumbbell)",1,26.0,12.0,0,0.0,
2026-01-17 11:02:22,"Upper Body (1)",58m,"Bench Press (Dumbbell)",2,28.0,10.0,0,0.0,
2026-01-17 11:02:22,"Upper Body (1)",58m,"Bench Press (Dumbbell)",3,28.0,10.0,0,0.0,
2026-01-17 11:02:22,"Upper Body (1)",58m,"Incline Bench Press (Barbell)",1,60.0,7.0,0,0.0,
2026-01-17 11:02:22,"Upper Body (1)",58m,"Incline Bench Press (Barbell)",2,60.0,5.0,0,0.0,
2026-01-17 11:02:22,"Upper Body (1)",58m,"Incline Bench Press (Barbell)",3,50.0,7.0,0,0.0,
2026-01-17 11:02:22,"Upper Body (1)",58m,"Pulldown (Cable)",1,28.0,10.0,0,0.0,
2026-01-17 11:02:22,"Upper Body (1)",58m,"Pulldown (Cable)",2,28.0,8.0,0,0.0,
2026-01-17 11:02:22,"Upper Body (1)",58m,"Pulldown (Cable)",3,28.0,8.0,0,0.0,
2026-01-17 11:02:22,"Upper Body (1)",58m,"Seated Row (Cable)",1,60.0,8.0,0,0.0,
2026-01-17 11:02:22,"Upper Body (1)",58m,"Seated Row (Cable)",2,60.0,8.0,0,0.0,
2026-01-17 11:02:22,"Upper Body (1)",58m,"Seated Row (Cable)",3,50.0,10.0,0,0.0,
2026-01-17 11:02:22,"Upper Body (1)",58m,"Upright Row (Barbell)",1,34.0,8.0,0,0.0,
2026-01-17 11:02:22,"Upper Body (1)",58m,"Upright Row (Barbell)",2,34.0,8.0,0,0.0,
2026-01-17 11:02:22,"Upper Body (1)",58m,"Upright Row (Barbell)",3,34.0,8.0,0,0.0,
2026-01-17 11:02:22,"Upper Body (1)",58m,"Reverse Fly (Machine)",1,50.0,8.0,0,0.0,
2026-01-17 11:02:22,"Upper Body (1)",58m,"Reverse Fly (Machine)",2,50.0,8.0,0,0.0,
2026-01-17 11:02:22,"Upper Body (1)",58m,"Reverse Fly (Machine)",3,50.0,8.0,0,0.0,
2026-01-17 11:02:22,"Upper Body (1)",58m,"Bicep Curl (Cable)",1,12.5,8.0,0,0.0,
2026-01-17 11:02:22,"Upper Body (1)",58m,"Bicep Curl (Cable)",2,12.5,8.0,0,0.0,
2026-01-17 11:02:22,"Upper Body (1)",58m,"One Handed Triceps Pull",1,10.0,8.0,0,0.0,
2026-01-17 11:02:22,"Upper Body (1)",58m,"One Handed Triceps Pull",2,7.5,10.0,0,0.0,
2026-01-19 15:35:07,"Chest Only (1)",48m,"Bench Press (Barbell)",W,40.0,8.0,0,0.0,
2026-01-19 15:35:07,"Chest Only (1)",48m,"Bench Press (Barbell)",1,60.0,6.0,0,0.0,
2026-01-19 15:35:07,"Chest Only (1)",48m,"Bench Press (Barbell)",2,70.0,8.0,0,0.0,
2026-01-19 15:35:07,"Chest Only (1)",48m,"Bench Press (Barbell)",3,70.0,8.0,0,0.0,
2026-01-19 15:35:07,"Chest Only (1)",48m,"Bench Press (Barbell)",4,70.0,5.0,0,0.0,
2026-01-19 15:35:07,"Chest Only (1)",48m,"Bench Press (Barbell)",5,72.5,3.0,0,0.0,
2026-01-19 15:35:07,"Chest Only (1)",48m,"Bench Press (Barbell)",6,60.0,8.0,0,0.0,
2026-01-19 15:35:07,"Chest Only (1)",48m,"Incline Bench Press (Dumbbell)",1,26.0,8.0,0,0.0,
2026-01-19 15:35:07,"Chest Only (1)",48m,"Incline Bench Press (Dumbbell)",2,26.0,6.0,0,0.0,
2026-01-19 15:35:07,"Chest Only (1)",48m,"Incline Bench Press (Dumbbell)",3,24.0,8.0,0,0.0,
2026-01-19 15:35:07,"Chest Only (1)",48m,"Chest Fly",1,60.0,10.0,0,0.0,
2026-01-19 15:35:07,"Chest Only (1)",48m,"Chest Fly",2,60.0,10.0,0,0.0,
2026-01-19 15:35:07,"Chest Only (1)",48m,"Chest Fly",3,60.0,8.0,0,0.0,
2026-01-19 15:35:07,"Chest Only (1)",48m,"Chest Fly",D,45.0,5.0,0,0.0,
2026-01-19 15:35:07,"Chest Only (1)",48m,"Chest Fly",D,30.0,8.0,0,0.0,
2026-01-19 15:35:07,"Chest Only (1)",48m,"Triceps Dip",1,0.0,10.0,0,0.0,
2026-01-19 15:35:07,"Chest Only (1)",48m,"Triceps Dip",2,0.0,10.0,0,0.0,
2026-01-19 15:35:07,"Chest Only (1)",48m,"Triceps Dip",3,0.0,8.0,0,0.0,
2026-01-19 15:35:07,"Chest Only (1)",48m,"Skullcrusher (Bodyweight)",1,0,10.0,0,0.0,
2026-01-19 15:35:07,"Chest Only (1)",48m,"Skullcrusher (Bodyweight)",2,0,10.0,0,0.0,
2026-01-19 15:35:07,"Chest Only (1)",48m,"Skullcrusher (Bodyweight)",3,0,8.0,0,0.0,
2026-01-21 10:03:07,"Back/Shoulders (1)",49m,"Bent Over Row (Barbell)",1,40.0,10.0,0,0.0,
2026-01-21 10:03:07,"Back/Shoulders (1)",49m,"Bent Over Row (Barbell)",2,50.0,10.0,0,0.0,
2026-01-21 10:03:07,"Back/Shoulders (1)",49m,"Bent Over Row (Barbell)",3,55.0,8.0,0,0.0,
2026-01-21 10:03:07,"Back/Shoulders (1)",49m,"Bent Over Row (Barbell)",4,60.0,7.0,0,0.0,
2026-01-21 10:03:07,"Back/Shoulders (1)",49m,"Pull Up",1,0.0,10.0,0,0.0,
2026-01-21 10:03:07,"Back/Shoulders (1)",49m,"Pull Up",2,0.0,10.0,0,0.0,
2026-01-21 10:03:07,"Back/Shoulders (1)",49m,"Pull Up",3,5.0,8.0,0,0.0,
2026-01-21 10:03:07,"Back/Shoulders (1)",49m,"Overhead Press (Barbell)",1,20.0,10.0,0,0.0,
2026-01-21 10:03:07,"Back/Shoulders (1)",49m,"Overhead Press (Barbell)",2,47.5,8.0,0,0.0,
2026-01-21 10:03:07,"Back/Shoulders (1)",49m,"Overhead Press (Barbell)",3,47.5,8.0,0,0.0,
2026-01-21 10:03:07,"Back/Shoulders (1)",49m,"Overhead Press (Barbell)",4,47.5,8.0,0,0.0,
2026-01-21 10:03:07,"Back/Shoulders (1)",49m,"Lateral Raise (Cable)",1,6.25,8.0,0,0.0,
2026-01-21 10:03:07,"Back/Shoulders (1)",49m,"Lateral Raise (Cable)",2,6.25,8.0,0,0.0,
2026-01-21 10:03:07,"Back/Shoulders (1)",49m,"Lateral Raise (Cable)",3,6.25,8.0,0,0.0,
2026-01-21 10:03:07,"Back/Shoulders (1)",49m,"Bicep Curl (Barbell)",1,26.0,10.0,0,0.0,
2026-01-21 10:03:07,"Back/Shoulders (1)",49m,"Bicep Curl (Barbell)",2,26.0,10.0,0,0.0,
2026-01-21 10:03:07,"Back/Shoulders (1)",49m,"Bicep Curl (Barbell)",3,26.0,8.0,0,0.0,
2026-01-23 09:00:39,"Chest Only (2)",39m,"Bench Press (Dumbbell)",1,26.0,8.0,0,0.0,
2026-01-23 09:00:39,"Chest Only (2)",39m,"Bench Press (Dumbbell)",2,30.0,8.0,0,0.0,
2026-01-23 09:00:39,"Chest Only (2)",39m,"Bench Press (Dumbbell)",3,30.0,8.0,0,0.0,
2026-01-23 09:00:39,"Chest Only (2)",39m,"Bench Press (Dumbbell)",4,30.0,8.0,0,0.0,
2026-01-23 09:00:39,"Chest Only (2)",39m,"Incline Bench Press (Barbell)",1,60.0,7.0,0,0.0,
2026-01-23 09:00:39,"Chest Only (2)",39m,"Incline Bench Press (Barbell)",2,60.0,7.0,0,0.0,
2026-01-23 09:00:39,"Chest Only (2)",39m,"Incline Bench Press (Barbell)",3,50.0,8.0,0,0.0,
2026-01-23 09:00:39,"Chest Only (2)",39m,"Cable Crossover",1,11.25,12.0,0,0.0,
2026-01-23 09:00:39,"Chest Only (2)",39m,"Cable Crossover",2,11.25,12.0,0,0.0,
2026-01-23 09:00:39,"Chest Only (2)",39m,"Cable Crossover",3,11.25,10.0,0,0.0,
2026-01-23 09:00:39,"Chest Only (2)",39m,"EZ Bar Outward Tricep Extension",1,24.5,15.0,0,0.0,
2026-01-23 09:00:39,"Chest Only (2)",39m,"EZ Bar Outward Tricep Extension",2,24.5,15.0,0,0.0,
2026-01-23 09:00:39,"Chest Only (2)",39m,"EZ Bar Outward Tricep Extension",3,24.5,12.0,0,0.0,
2026-01-24 11:13:23,"Back and Shoulders (2)",44m,"Seated Row (Cable)",1,40.0,12.0,0,0.0,
2026-01-24 11:13:23,"Back and Shoulders (2)",44m,"Seated Row (Cable)",2,60.0,8.0,0,0.0,
2026-01-24 11:13:23,"Back and Shoulders (2)",44m,"Seated Row (Cable)",3,60.0,8.0,0,0.0,
2026-01-24 11:13:23,"Back and Shoulders (2)",44m,"Seated Row (Cable)",4,50.0,12.0,0,0.0,
2026-01-24 11:13:23,"Back and Shoulders (2)",44m,"Pulldown (Cable)",1,28.0,10.0,0,0.0,
2026-01-24 11:13:23,"Back and Shoulders (2)",44m,"Pulldown (Cable)",2,28.0,10.0,0,0.0,
2026-01-24 11:13:23,"Back and Shoulders (2)",44m,"Pulldown (Cable)",3,28.0,10.0,0,0.0,
2026-01-24 11:13:23,"Back and Shoulders (2)",44m,"Arnold Press (Dumbbell)",1,24.0,8.0,0,0.0,
2026-01-24 11:13:23,"Back and Shoulders (2)",44m,"Arnold Press (Dumbbell)",2,24.0,8.0,0,0.0,
2026-01-24 11:13:23,"Back and Shoulders (2)",44m,"Arnold Press (Dumbbell)",3,24.0,8.0,0,0.0,
2026-01-24 11:13:23,"Back and Shoulders (2)",44m,"Upright Row (Barbell)",1,34.0,8.0,0,0.0,
2026-01-24 11:13:23,"Back and Shoulders (2)",44m,"Upright Row (Barbell)",2,34.0,8.0,0,0.0,
2026-01-24 11:13:23,"Back and Shoulders (2)",44m,"Upright Row (Barbell)",3,34.0,8.0,0,0.0,
2026-01-24 11:13:23,"Back and Shoulders (2)",44m,"Bicep Curl (Barbell)",1,26.0,8.0,0,0.0,
2026-01-24 11:13:23,"Back and Shoulders (2)",44m,"Bicep Curl (Barbell)",2,26.0,6.0,0,0.0,
2026-01-24 11:13:23,"Back and Shoulders (2)",44m,"Bicep Curl (Barbell)",3,22.0,6.0,0,0.0,
2026-01-26 18:38:38,"Chest Only (1)",57m,"Bench Press (Barbell)",W,40.0,8.0,0,0.0,
2026-01-26 18:38:38,"Chest Only (1)",57m,"Bench Press (Barbell)",1,60.0,6.0,0,0.0,
2026-01-26 18:38:38,"Chest Only (1)",57m,"Bench Press (Barbell)",2,70.0,8.0,0,0.0,
2026-01-26 18:38:38,"Chest Only (1)",57m,"Bench Press (Barbell)",3,70.0,8.0,0,0.0,
2026-01-26 18:38:38,"Chest Only (1)",57m,"Bench Press (Barbell)",4,70.0,7.0,0,0.0,
2026-01-26 18:38:38,"Chest Only (1)",57m,"Bench Press (Barbell)",5,60.0,8.0,0,0.0,
2026-01-26 18:38:38,"Chest Only (1)",57m,"Incline Bench Press (Dumbbell)",1,26.0,8.0,0,0.0,
2026-01-26 18:38:38,"Chest Only (1)",57m,"Incline Bench Press (Dumbbell)",2,26.0,7.0,0,0.0,
2026-01-26 18:38:38,"Chest Only (1)",57m,"Incline Bench Press (Dumbbell)",3,22.0,12.0,0,0.0,
2026-01-26 18:38:38,"Chest Only (1)",57m,"Chest Fly",1,60.0,10.0,0,0.0,
2026-01-26 18:38:38,"Chest Only (1)",57m,"Chest Fly",2,60.0,10.0,0,0.0,
2026-01-26 18:38:38,"Chest Only (1)",57m,"Chest Fly",3,60.0,8.0,0,0.0,
2026-01-26 18:38:38,"Chest Only (1)",57m,"Chest Fly",D,45.0,8.0,0,0.0,
2026-01-26 18:38:38,"Chest Only (1)",57m,"Chest Fly",D,30.0,8.0,0,0.0,
2026-01-26 18:38:38,"Chest Only (1)",57m,"Triceps Dip",1,0.0,10.0,0,0.0,
2026-01-26 18:38:38,"Chest Only (1)",57m,"Triceps Dip",2,0.0,10.0,0,0.0,
2026-01-26 18:38:38,"Chest Only (1)",57m,"Triceps Dip",3,0.0,8.0,0,0.0,
2026-01-26 18:38:38,"Chest Only (1)",57m,"Skullcrusher (Bodyweight)",1,0,10.0,0,0.0,
2026-01-26 18:38:38,"Chest Only (1)",57m,"Skullcrusher (Bodyweight)",2,0,10.0,0,0.0,
2026-01-26 18:38:38,"Chest Only (1)",57m,"Skullcrusher (Bodyweight)",3,0,10.0,0,0.0,
2026-01-26 18:38:38,"Chest Only (1)",57m,"Hanging Leg Raise",1,0,10.0,0,0.0,
2026-01-26 18:38:38,"Chest Only (1)",57m,"Hanging Leg Raise",2,0,10.0,0,0.0,
2026-01-26 18:38:38,"Chest Only (1)",57m,"Hanging Leg Raise",3,0,10.0,0,0.0,
2026-01-28 11:12:58,"Back/Shoulders (1)",39m,"Bent Over Row (Barbell)",1,50.0,10.0,0,0.0,
2026-01-28 11:12:58,"Back/Shoulders (1)",39m,"Bent Over Row (Barbell)",2,55.0,8.0,0,0.0,
2026-01-28 11:12:58,"Back/Shoulders (1)",39m,"Bent Over Row (Barbell)",3,55.0,8.0,0,0.0,
2026-01-28 11:12:58,"Back/Shoulders (1)",39m,"Bent Over Row (Barbell)",4,55.0,8.0,0,0.0,
2026-01-28 11:12:58,"Back/Shoulders (1)",39m,"Pull Up",1,5.0,8.0,0,0.0,
2026-01-28 11:12:58,"Back/Shoulders (1)",39m,"Pull Up",2,5.0,8.0,0,0.0,
2026-01-28 11:12:58,"Back/Shoulders (1)",39m,"Pull Up",3,5.0,8.0,0,0.0,
2026-01-28 11:12:58,"Back/Shoulders (1)",39m,"Overhead Press (Barbell)",1,20.0,10.0,0,0.0,
2026-01-28 11:12:58,"Back/Shoulders (1)",39m,"Overhead Press (Barbell)",2,50.0,7.0,0,0.0,
2026-01-28 11:12:58,"Back/Shoulders (1)",39m,"Overhead Press (Barbell)",3,50.0,6.0,0,0.0,
2026-01-28 11:12:58,"Back/Shoulders (1)",39m,"Overhead Press (Barbell)",4,40.0,10.0,0,0.0,
2026-01-28 11:12:58,"Back/Shoulders (1)",39m,"Lateral Raise (Cable)",1,6.25,10.0,0,0.0,
2026-01-28 11:12:58,"Back/Shoulders (1)",39m,"Lateral Raise (Cable)",2,6.25,10.0,0,0.0,
2026-01-28 11:12:58,"Back/Shoulders (1)",39m,"Lateral Raise (Cable)",3,5.0,12.0,0,0.0,
2026-01-28 11:12:58,"Back/Shoulders (1)",39m,"Bicep Curl (Barbell)",1,26.0,8.0,0,0.0,
2026-01-28 11:12:58,"Back/Shoulders (1)",39m,"Bicep Curl (Barbell)",2,26.0,8.0,0,0.0,
2026-01-28 11:12:58,"Back/Shoulders (1)",39m,"Bicep Curl (Barbell)",3,26.0,8.0,0,0.0,
2026-01-30 11:41:58,"Chest Only (2)",46m,"Bench Press (Dumbbell)",1,24.0,10.0,0,0.0,
2026-01-30 11:41:58,"Chest Only (2)",46m,"Bench Press (Dumbbell)",2,30.0,10.0,0,0.0,
2026-01-30 11:41:58,"Chest Only (2)",46m,"Bench Press (Dumbbell)",3,30.0,9.0,0,0.0,
2026-01-30 11:41:58,"Chest Only (2)",46m,"Bench Press (Dumbbell)",4,30.0,8.0,0,0.0,
2026-01-30 11:41:58,"Chest Only (2)",46m,"Incline Bench Press (Barbell)",1,60.0,7.0,0,0.0,
2026-01-30 11:41:58,"Chest Only (2)",46m,"Incline Bench Press (Barbell)",2,60.0,7.0,0,0.0,
2026-01-30 11:41:58,"Chest Only (2)",46m,"Incline Bench Press (Barbell)",3,60.0,7.0,0,0.0,
2026-01-30 11:41:58,"Chest Only (2)",46m,"Cable Crossover",1,11.25,12.0,0,0.0,
2026-01-30 11:41:58,"Chest Only (2)",46m,"Cable Crossover",2,11.25,12.0,0,0.0,
2026-01-30 11:41:58,"Chest Only (2)",46m,"Cable Crossover",3,12.5,10.0,0,0.0,
2026-01-30 11:41:58,"Chest Only (2)",46m,"EZ Bar Outward Tricep Extension",1,26.0,12.0,0,0.0,
2026-01-30 11:41:58,"Chest Only (2)",46m,"EZ Bar Outward Tricep Extension",2,26.0,12.0,0,0.0,
2026-01-30 11:41:58,"Chest Only (2)",46m,"EZ Bar Outward Tricep Extension",3,26.0,12.0,0,0.0,
2026-02-02 17:22:47,"Afternoon Workout",50m,"Bent Over Row (Barbell)",1,50.0,10.0,0,0.0,
2026-02-02 17:22:47,"Afternoon Workout",50m,"Bent Over Row (Barbell)",2,55.0,10.0,0,0.0,
2026-02-02 17:22:47,"Afternoon Workout",50m,"Bent Over Row (Barbell)",3,55.0,10.0,0,0.0,
2026-02-02 17:22:47,"Afternoon Workout",50m,"Bent Over Row (Barbell)",4,55.0,10.0,0,0.0,
2026-02-02 17:22:47,"Afternoon Workout",50m,"Pull Up",1,0.0,10.0,0,0.0,
2026-02-02 17:22:47,"Afternoon Workout",50m,"Pull Up",2,5.0,8.0,0,0.0,
2026-02-02 17:22:47,"Afternoon Workout",50m,"Pull Up",3,5.0,8.0,0,0.0,
2026-02-02 17:22:47,"Afternoon Workout",50m,"Face Pull (Cable)",1,21.0,12.0,0,0.0,
2026-02-02 17:22:47,"Afternoon Workout",50m,"Face Pull (Cable)",2,21.0,12.0,0,0.0,
2026-02-02 17:22:47,"Afternoon Workout",50m,"Face Pull (Cable)",3,21.0,12.0,0,0.0,
2026-02-02 17:22:47,"Afternoon Workout",50m,"Face Pull (Cable)",4,21.0,12.0,0,0.0,
2026-02-02 17:22:47,"Afternoon Workout",50m,"Face Pull (Cable)",5,21.0,12.0,0,0.0,
2026-02-02 17:22:47,"Afternoon Workout",50m,"Bicep Curl (Dumbbell)",1,12.0,10.0,0,0.0,
2026-02-02 17:22:47,"Afternoon Workout",50m,"Bicep Curl (Dumbbell)",2,12.0,8.0,0,0.0,
2026-02-02 17:22:47,"Afternoon Workout",50m,"Bicep Curl (Dumbbell)",3,12.0,8.0,0,0.0,
2026-02-02 17:22:47,"Afternoon Workout",50m,"Hammer Curl (Dumbbell)",1,12.0,10.0,0,0.0,
2026-02-02 17:22:47,"Afternoon Workout",50m,"Hammer Curl (Dumbbell)",2,12.0,10.0,0,0.0,
2026-02-02 17:22:47,"Afternoon Workout",50m,"Hammer Curl (Dumbbell)",3,12.0,8.0,0,0.0,
2026-02-05 18:52:55,"Push (1)",1h 6m,"Bench Press (Barbell)",W,40.0,8.0,0,0.0,
2026-02-05 18:52:55,"Push (1)",1h 6m,"Bench Press (Barbell)",1,60.0,6.0,0,0.0,
2026-02-05 18:52:55,"Push (1)",1h 6m,"Bench Press (Barbell)",2,75.0,5.0,0,0.0,
2026-02-05 18:52:55,"Push (1)",1h 6m,"Bench Press (Barbell)",3,75.0,5.0,0,0.0,
2026-02-05 18:52:55,"Push (1)",1h 6m,"Bench Press (Barbell)",4,75.0,5.0,0,0.0,
2026-02-05 18:52:55,"Push (1)",1h 6m,"Bench Press (Barbell)",5,65.0,8.0,0,0.0,
2026-02-05 18:52:55,"Push (1)",1h 6m,"Overhead Press (Barbell)",1,20.0,10.0,0,0.0,
2026-02-05 18:52:55,"Push (1)",1h 6m,"Overhead Press (Barbell)",2,45.0,7.0,0,0.0,
2026-02-05 18:52:55,"Push (1)",1h 6m,"Overhead Press (Barbell)",3,45.0,6.0,0,0.0,
2026-02-05 18:52:55,"Push (1)",1h 6m,"Overhead Press (Barbell)",4,45.0,5.0,0,0.0,
2026-02-05 18:52:55,"Push (1)",1h 6m,"Incline Bench Press (Dumbbell)",1,22.0,11.0,0,0.0,
2026-02-05 18:52:55,"Push (1)",1h 6m,"Incline Bench Press (Dumbbell)",2,22.0,9.0,0,0.0,
2026-02-05 18:52:55,"Push (1)",1h 6m,"Incline Bench Press (Dumbbell)",3,22.0,8.0,0,0.0,
2026-02-05 18:52:55,"Push (1)",1h 6m,"Lateral Raise (Dumbbell)",1,6.0,20.0,0,0.0,
2026-02-05 18:52:55,"Push (1)",1h 6m,"Lateral Raise (Dumbbell)",2,6.0,18.0,0,0.0,
2026-02-05 18:52:55,"Push (1)",1h 6m,"Lateral Raise (Dumbbell)",3,5.0,18.0,0,0.0,
2026-02-05 18:52:55,"Push (1)",1h 6m,"Triceps Dip",1,0.0,10.0,0,0.0,
2026-02-05 18:52:55,"Push (1)",1h 6m,"Triceps Dip",2,0.0,12.0,0,0.0,
2026-02-05 18:52:55,"Push (1)",1h 6m,"Triceps Dip",3,0.0,12.0,0,0.0,
2026-02-05 18:52:55,"Push (1)",1h 6m,"Skullcrusher (Bodyweight)",1,0,10.0,0,0.0,
2026-02-05 18:52:55,"Push (1)",1h 6m,"Skullcrusher (Bodyweight)",2,0,10.0,0,0.0,
2026-02-05 18:52:55,"Push (1)",1h 6m,"Skullcrusher (Bodyweight)",3,0,10.0,0,0.0,
2026-02-06 11:10:02,"Pull (1)",50m,"Bent Over Row (Barbell)",1,50.0,10.0,0,0.0,
2026-02-06 11:10:02,"Pull (1)",50m,"Bent Over Row (Barbell)",2,57.5,10.0,0,0.0,
2026-02-06 11:10:02,"Pull (1)",50m,"Bent Over Row (Barbell)",3,57.5,8.0,0,0.0,
2026-02-06 11:10:02,"Pull (1)",50m,"Bent Over Row (Barbell)",4,57.5,8.0,0,0.0,
2026-02-06 11:10:02,"Pull (1)",50m,"Pull Up",1,0.0,10.0,0,0.0,
2026-02-06 11:10:02,"Pull (1)",50m,"Pull Up",2,0.0,12.0,0,0.0,
2026-02-06 11:10:02,"Pull (1)",50m,"Pull Up",3,0.0,10.0,0,0.0,
2026-02-06 11:10:02,"Pull (1)",50m,"Face Pull (Cable)",1,21.0,12.0,0,0.0,
2026-02-06 11:10:02,"Pull (1)",50m,"Face Pull (Cable)",2,21.0,12.0,0,0.0,
2026-02-06 11:10:02,"Pull (1)",50m,"Face Pull (Cable)",3,21.0,12.0,0,0.0,
2026-02-06 11:10:02,"Pull (1)",50m,"Face Pull (Cable)",4,21.0,12.0,0,0.0,
2026-02-06 11:10:02,"Pull (1)",50m,"Face Pull (Cable)",5,21.0,12.0,0,0.0,
2026-02-06 11:10:02,"Pull (1)",50m,"Bicep Curl (Dumbbell)",1,12.0,8.0,0,0.0,
2026-02-06 11:10:02,"Pull (1)",50m,"Bicep Curl (Dumbbell)",2,12.0,10.0,0,0.0,
2026-02-06 11:10:02,"Pull (1)",50m,"Bicep Curl (Dumbbell)",3,12.0,8.0,0,0.0,
2026-02-06 11:10:02,"Pull (1)",50m,"Hammer Curl (Dumbbell)",1,12.0,10.0,0,0.0,
2026-02-06 11:10:02,"Pull (1)",50m,"Hammer Curl (Dumbbell)",2,12.0,10.0,0,0.0,
2026-02-06 11:10:02,"Pull (1)",50m,"Hammer Curl (Dumbbell)",3,12.0,9.0,0,0.0,
2026-02-07 11:14:01,"Legs",53m,"Squat (Barbell)",1,40.0,8.0,0,0.0,
2026-02-07 11:14:01,"Legs",53m,"Squat (Barbell)",2,60.0,5.0,0,0.0,
2026-02-07 11:14:01,"Legs",53m,"Squat (Barbell)",3,60.0,5.0,0,0.0,
2026-02-07 11:14:01,"Legs",53m,"Squat (Barbell)",4,60.0,8.0,0,0.0,
2026-02-07 11:14:01,"Legs",53m,"Romanian Deadlift (Barbell)",W,20.0,10.0,0,0.0,
2026-02-07 11:14:01,"Legs",53m,"Romanian Deadlift (Barbell)",1,50.0,10.0,0,0.0,
2026-02-07 11:14:01,"Legs",53m,"Romanian Deadlift (Barbell)",2,50.0,10.0,0,0.0,
2026-02-07 11:14:01,"Legs",53m,"Romanian Deadlift (Barbell)",3,50.0,10.0,0,0.0,
2026-02-07 11:14:01,"Legs",53m,"Leg Press",1,130.0,8.0,0,0.0,
2026-02-07 11:14:01,"Legs",53m,"Leg Press",2,130.0,8.0,0,0.0,
2026-02-07 11:14:01,"Legs",53m,"Leg Press",3,130.0,8.0,0,0.0,
2026-02-07 11:14:01,"Legs",53m,"Kneeling Leg Curl",1,5.0,10.0,0,0.0,
2026-02-07 11:14:01,"Legs",53m,"Kneeling Leg Curl",2,5.0,10.0,0,0.0,
2026-02-07 11:14:01,"Legs",53m,"Kneeling Leg Curl",3,5.0,10.0,0,0.0,
2026-02-07 11:14:01,"Legs",53m,"Leg Extension (Machine)",1,10.0,10.0,0,0.0,
2026-02-07 11:14:01,"Legs",53m,"Leg Extension (Machine)",2,10.0,10.0,0,0.0,
2026-02-07 11:14:01,"Legs",53m,"Leg Extension (Machine)",3,10.0,10.0,0,0.0,
2026-02-08 10:04:32,"Push (1)",49m,"Bench Press (Barbell)",W,40.0,8.0,0,0.0,
2026-02-08 10:04:32,"Push (1)",49m,"Bench Press (Barbell)",1,60.0,6.0,0,0.0,
2026-02-08 10:04:32,"Push (1)",49m,"Bench Press (Barbell)",2,75.0,5.0,0,0.0,
2026-02-08 10:04:32,"Push (1)",49m,"Bench Press (Barbell)",3,75.0,5.0,0,0.0,
2026-02-08 10:04:32,"Push (1)",49m,"Bench Press (Barbell)",4,75.0,5.0,0,0.0,
2026-02-08 10:04:32,"Push (1)",49m,"Bench Press (Barbell)",5,65.0,8.0,0,0.0,
2026-02-08 10:04:32,"Push (1)",49m,"Overhead Press (Barbell)",1,20.0,10.0,0,0.0,
2026-02-08 10:04:32,"Push (1)",49m,"Overhead Press (Barbell)",2,45.0,8.0,0,0.0,
2026-02-08 10:04:32,"Push (1)",49m,"Overhead Press (Barbell)",3,45.0,8.0,0,0.0,
2026-02-08 10:04:32,"Push (1)",49m,"Overhead Press (Barbell)",4,45.0,6.0,0,0.0,
2026-02-08 10:04:32,"Push (1)",49m,"Incline Bench Press (Dumbbell)",1,22.0,12.0,0,0.0,
2026-02-08 10:04:32,"Push (1)",49m,"Incline Bench Press (Dumbbell)",2,22.0,11.0,0,0.0,
2026-02-08 10:04:32,"Push (1)",49m,"Incline Bench Press (Dumbbell)",3,22.0,10.0,0,0.0,
2026-02-08 10:04:32,"Push (1)",49m,"Lateral Raise (Dumbbell)",1,6.0,20.0,0,0.0,
2026-02-08 10:04:32,"Push (1)",49m,"Lateral Raise (Dumbbell)",2,6.0,20.0,0,0.0,
2026-02-08 10:04:32,"Push (1)",49m,"Lateral Raise (Dumbbell)",3,6.0,15.0,0,0.0,
2026-02-08 10:04:32,"Push (1)",49m,"Triceps Pushdown (Cable - Straight Bar)",1,21.0,12.0,0,0.0,
2026-02-08 10:04:32,"Push (1)",49m,"Triceps Pushdown (Cable - Straight Bar)",2,21.0,12.0,0,0.0,
2026-02-08 10:04:32,"Push (1)",49m,"Triceps Pushdown (Cable - Straight Bar)",3,17.5,12.0,0,0.0,
2026-02-09 16:58:05,"Pull (1)",49m,"Bent Over Row (Barbell)",1,50.0,10.0,0,0.0,
2026-02-09 16:58:05,"Pull (1)",49m,"Bent Over Row (Barbell)",2,57.5,10.0,0,0.0,
2026-02-09 16:58:05,"Pull (1)",49m,"Bent Over Row (Barbell)",3,57.5,10.0,0,0.0,
2026-02-09 16:58:05,"Pull (1)",49m,"Bent Over Row (Barbell)",4,57.5,8.0,0,0.0,
2026-02-09 16:58:05,"Pull (1)",49m,"Pull Up",1,5.0,8.0,0,0.0,
2026-02-09 16:58:05,"Pull (1)",49m,"Pull Up",2,5.0,8.0,0,0.0,
2026-02-09 16:58:05,"Pull (1)",49m,"Pull Up",3,5.0,8.0,0,0.0,
2026-02-09 16:58:05,"Pull (1)",49m,"Face Pull (Cable)",1,22.5,12.0,0,0.0,
2026-02-09 16:58:05,"Pull (1)",49m,"Face Pull (Cable)",2,22.5,12.0,0,0.0,
2026-02-09 16:58:05,"Pull (1)",49m,"Face Pull (Cable)",3,22.5,12.0,0,0.0,
2026-02-09 16:58:05,"Pull (1)",49m,"Face Pull (Cable)",4,24.0,12.0,0,0.0,
2026-02-09 16:58:05,"Pull (1)",49m,"Face Pull (Cable)",5,24.5,12.0,0,0.0,
2026-02-09 16:58:05,"Pull (1)",49m,"Bicep Curl (Dumbbell)",1,12.0,10.0,0,0.0,
2026-02-09 16:58:05,"Pull (1)",49m,"Bicep Curl (Dumbbell)",2,12.0,10.0,0,0.0,
2026-02-09 16:58:05,"Pull (1)",49m,"Bicep Curl (Dumbbell)",3,12.0,8.0,0,0.0,
2026-02-09 16:58:05,"Pull (1)",49m,"Hammer Curl (Dumbbell)",1,12.0,10.0,0,0.0,
2026-02-09 16:58:05,"Pull (1)",49m,"Hammer Curl (Dumbbell)",2,12.0,10.0,0,0.0,
2026-02-09 16:58:05,"Pull (1)",49m,"Hammer Curl (Dumbbell)",3,12.0,10.0,0,0.0,
2026-02-12 18:10:09,"Push (1)",1h 6m,"Bench Press (Barbell)",W,40.0,8.0,0,0.0,
2026-02-12 18:10:09,"Push (1)",1h 6m,"Bench Press (Barbell)",1,60.0,6.0,0,0.0,
2026-02-12 18:10:09,"Push (1)",1h 6m,"Bench Press (Barbell)",2,75.0,5.0,0,0.0,
2026-02-12 18:10:09,"Push (1)",1h 6m,"Bench Press (Barbell)",3,77.5,5.0,0,0.0,
2026-02-12 18:10:09,"Push (1)",1h 6m,"Bench Press (Barbell)",4,77.5,5.0,0,0.0,
2026-02-12 18:10:09,"Push (1)",1h 6m,"Bench Press (Barbell)",5,65.0,8.0,0,0.0,
2026-02-12 18:10:09,"Push (1)",1h 6m,"Overhead Press (Barbell)",1,20.0,10.0,0,0.0,
2026-02-12 18:10:09,"Push (1)",1h 6m,"Overhead Press (Barbell)",2,45.0,8.0,0,0.0,
2026-02-12 18:10:09,"Push (1)",1h 6m,"Overhead Press (Barbell)",3,45.0,7.0,0,0.0,
2026-02-12 18:10:09,"Push (1)",1h 6m,"Overhead Press (Barbell)",4,45.0,7.0,0,0.0,
2026-02-12 18:10:09,"Push (1)",1h 6m,"Incline Bench Press (Dumbbell)",1,22.0,12.0,0,0.0,
2026-02-12 18:10:09,"Push (1)",1h 6m,"Incline Bench Press (Dumbbell)",2,22.0,11.0,0,0.0,
2026-02-12 18:10:09,"Push (1)",1h 6m,"Incline Bench Press (Dumbbell)",3,22.0,10.0,0,0.0,
2026-02-12 18:10:09,"Push (1)",1h 6m,"Lateral Raise (Dumbbell)",1,6.0,20.0,0,0.0,
2026-02-12 18:10:09,"Push (1)",1h 6m,"Lateral Raise (Dumbbell)",2,6.0,20.0,0,0.0,
2026-02-12 18:10:09,"Push (1)",1h 6m,"Lateral Raise (Dumbbell)",3,6.0,20.0,0,0.0,
2026-02-12 18:10:09,"Push (1)",1h 6m,"Triceps Dip",1,0.0,10.0,0,0.0,
2026-02-12 18:10:09,"Push (1)",1h 6m,"Triceps Dip",2,5.0,10.0,0,0.0,
2026-02-12 18:10:09,"Push (1)",1h 6m,"Triceps Dip",3,10.0,10.0,0,0.0,
2026-02-12 18:10:09,"Push (1)",1h 6m,"Skullcrusher (Bodyweight)",1,0,10.0,0,0.0,
2026-02-12 18:10:09,"Push (1)",1h 6m,"Skullcrusher (Bodyweight)",2,0,10.0,0,0.0,
2026-02-12 18:10:09,"Push (1)",1h 6m,"Skullcrusher (Bodyweight)",3,0,12.0,0,0.0,
2026-02-13 18:09:05,"Pull (1)",49m,"Bent Over Row (Barbell)",1,40.0,10.0,0,0.0,
2026-02-13 18:09:05,"Pull (1)",49m,"Bent Over Row (Barbell)",2,57.5,10.0,0,0.0,
2026-02-13 18:09:05,"Pull (1)",49m,"Bent Over Row (Barbell)",3,57.5,10.0,0,0.0,
2026-02-13 18:09:05,"Pull (1)",49m,"Bent Over Row (Barbell)",4,57.5,10.0,0,0.0,
2026-02-13 18:09:05,"Pull (1)",49m,"Pull Up",1,5.0,10.0,0,0.0,
2026-02-13 18:09:05,"Pull (1)",49m,"Pull Up",2,5.0,10.0,0,0.0,
2026-02-13 18:09:05,"Pull (1)",49m,"Pull Up",3,5.0,10.0,0,0.0,
2026-02-13 18:09:05,"Pull (1)",49m,"Face Pull (Cable)",1,24.5,12.0,0,0.0,
2026-02-13 18:09:05,"Pull (1)",49m,"Face Pull (Cable)",2,24.5,12.0,0,0.0,
2026-02-13 18:09:05,"Pull (1)",49m,"Face Pull (Cable)",3,24.5,12.0,0,0.0,
2026-02-13 18:09:05,"Pull (1)",49m,"Face Pull (Cable)",4,24.5,12.0,0,0.0,
2026-02-13 18:09:05,"Pull (1)",49m,"Face Pull (Cable)",5,24.5,10.0,0,0.0,
2026-02-13 18:09:05,"Pull (1)",49m,"Bicep Curl (Dumbbell)",1,12.0,10.0,0,0.0,
2026-02-13 18:09:05,"Pull (1)",49m,"Bicep Curl (Dumbbell)",2,12.0,10.0,0,0.0,
2026-02-13 18:09:05,"Pull (1)",49m,"Bicep Curl (Dumbbell)",3,12.0,8.0,0,0.0,
2026-02-13 18:09:05,"Pull (1)",49m,"Hammer Curl (Dumbbell)",1,12.0,10.0,0,0.0,
2026-02-13 18:09:05,"Pull (1)",49m,"Hammer Curl (Dumbbell)",2,12.0,10.0,0,0.0,
2026-02-13 18:09:05,"Pull (1)",49m,"Hammer Curl (Dumbbell)",3,12.0,12.0,0,0.0,
2026-02-14 10:45:28,"Legs",49m,"Squat (Barbell)",1,40.0,8.0,0,0.0,
2026-02-14 10:45:28,"Legs",49m,"Squat (Barbell)",2,65.0,5.0,0,0.0,
2026-02-14 10:45:28,"Legs",49m,"Squat (Barbell)",3,65.0,5.0,0,0.0,
2026-02-14 10:45:28,"Legs",49m,"Squat (Barbell)",4,65.0,8.0,0,0.0,
2026-02-14 10:45:28,"Legs",49m,"Romanian Deadlift (Barbell)",W,20.0,10.0,0,0.0,
2026-02-14 10:45:28,"Legs",49m,"Romanian Deadlift (Barbell)",1,50.0,10.0,0,0.0,
2026-02-14 10:45:28,"Legs",49m,"Romanian Deadlift (Barbell)",2,55.0,10.0,0,0.0,
2026-02-14 10:45:28,"Legs",49m,"Romanian Deadlift (Barbell)",3,55.0,10.0,0,0.0,
2026-02-14 10:45:28,"Legs",49m,"Leg Press",1,130.0,8.0,0,0.0,
2026-02-14 10:45:28,"Legs",49m,"Leg Press",2,130.0,8.0,0,0.0,
2026-02-14 10:45:28,"Legs",49m,"Leg Press",3,130.0,8.0,0,0.0,
2026-02-14 10:45:28,"Legs",49m,"Lying Leg Curl (Machine)",1,35.0,10.0,0,0.0,
2026-02-14 10:45:28,"Legs",49m,"Lying Leg Curl (Machine)",2,35.0,10.0,0,0.0,
2026-02-14 10:45:28,"Legs",49m,"Lying Leg Curl (Machine)",3,35.0,8.0,0,0.0,
2026-02-14 10:45:28,"Legs",49m,"Hip Abductor (Machine)",1,35.0,12.0,0,0.0,
2026-02-14 10:45:28,"Legs",49m,"Hip Abductor (Machine)",2,35.0,12.0,0,0.0,
2026-02-14 10:45:28,"Legs",49m,"Hip Abductor (Machine)",3,35.0,12.0,0,0.0,
2026-02-15 10:45:16,"Push (1)",47m,"Bench Press (Barbell)",W,40.0,8.0,0,0.0,
2026-02-15 10:45:16,"Push (1)",47m,"Bench Press (Barbell)",1,60.0,6.0,0,0.0,
2026-02-15 10:45:16,"Push (1)",47m,"Bench Press (Barbell)",2,77.5,5.0,0,0.0,
2026-02-15 10:45:16,"Push (1)",47m,"Bench Press (Barbell)",3,77.5,5.0,0,0.0,
2026-02-15 10:45:16,"Push (1)",47m,"Bench Press (Barbell)",4,77.5,5.0,0,0.0,
2026-02-15 10:45:16,"Push (1)",47m,"Bench Press (Barbell)",5,65.0,8.0,0,0.0,
2026-02-15 10:45:16,"Push (1)",47m,"Arnold Press (Dumbbell)",1,22.0,10.0,0,0.0,
2026-02-15 10:45:16,"Push (1)",47m,"Arnold Press (Dumbbell)",2,22.0,8.0,0,0.0,
2026-02-15 10:45:16,"Push (1)",47m,"Arnold Press (Dumbbell)",3,22.0,8.0,0,0.0,
2026-02-15 10:45:16,"Push (1)",47m,"Incline Bench Press (Dumbbell)",1,22.0,12.0,0,0.0,
2026-02-15 10:45:16,"Push (1)",47m,"Incline Bench Press (Dumbbell)",2,22.0,11.0,0,0.0,
2026-02-15 10:45:16,"Push (1)",47m,"Incline Bench Press (Dumbbell)",3,22.0,10.0,0,0.0,
2026-02-15 10:45:16,"Push (1)",47m,"Lateral Raise (Dumbbell)",1,6.0,20.0,0,0.0,
2026-02-15 10:45:16,"Push (1)",47m,"Lateral Raise (Dumbbell)",2,6.0,20.0,0,0.0,
2026-02-15 10:45:16,"Push (1)",47m,"Lateral Raise (Dumbbell)",3,6.0,20.0,0,0.0,
2026-02-15 10:45:16,"Push (1)",47m,"Triceps Extension",1,17.5,12.0,0,0.0,
2026-02-15 10:45:16,"Push (1)",47m,"Triceps Extension",2,17.5,12.0,0,0.0,
2026-02-15 10:45:16,"Push (1)",47m,"Triceps Extension",3,17.5,12.0,0,0.0,
2026-02-16 10:40:33,"Pull (1)",52m,"Bent Over Row (Barbell)",1,40.0,10.0,0,0.0,
2026-02-16 10:40:33,"Pull (1)",52m,"Bent Over Row (Barbell)",2,60.0,8.0,0,0.0,
2026-02-16 10:40:33,"Pull (1)",52m,"Bent Over Row (Barbell)",3,60.0,8.0,0,0.0,
2026-02-16 10:40:33,"Pull (1)",52m,"Bent Over Row (Barbell)",4,55.0,10.0,0,0.0,
2026-02-16 10:40:33,"Pull (1)",52m,"Pull Up",1,5.0,10.0,0,0.0,
2026-02-16 10:40:33,"Pull (1)",52m,"Pull Up",2,5.0,10.0,0,0.0,
2026-02-16 10:40:33,"Pull (1)",52m,"Pull Up",3,5.0,8.0,0,0.0,
2026-02-16 10:40:33,"Pull (1)",52m,"Face Pull (Cable)",1,21.0,12.0,0,0.0,
2026-02-16 10:40:33,"Pull (1)",52m,"Face Pull (Cable)",2,21.0,12.0,0,0.0,
2026-02-16 10:40:33,"Pull (1)",52m,"Face Pull (Cable)",3,24.5,12.0,0,0.0,
2026-02-16 10:40:33,"Pull (1)",52m,"Face Pull (Cable)",4,24.5,12.0,0,0.0,
2026-02-16 10:40:33,"Pull (1)",52m,"Face Pull (Cable)",5,24.5,12.0,0,0.0,
2026-02-16 10:40:33,"Pull (1)",52m,"Bicep Curl (Dumbbell)",1,12.0,10.0,0,0.0,
2026-02-16 10:40:33,"Pull (1)",52m,"Bicep Curl (Dumbbell)",2,12.0,10.0,0,0.0,
2026-02-16 10:40:33,"Pull (1)",52m,"Bicep Curl (Dumbbell)",3,12.0,8.0,0,0.0,
2026-02-16 10:40:33,"Pull (1)",52m,"Hammer Curl (Dumbbell)",1,12.0,12.0,0,0.0,
2026-02-16 10:40:33,"Pull (1)",52m,"Hammer Curl (Dumbbell)",2,12.0,12.0,0,0.0,
2026-02-16 10:40:33,"Pull (1)",52m,"Hammer Curl (Dumbbell)",3,12.0,12.0,0,0.0,
2026-02-19 09:44:28,"Push (1)",1h,"Bench Press (Barbell)",W,40.0,8.0,0,0.0,
2026-02-19 09:44:28,"Push (1)",1h,"Bench Press (Barbell)",1,60.0,6.0,0,0.0,
2026-02-19 09:44:28,"Push (1)",1h,"Bench Press (Barbell)",2,80.0,4.0,0,0.0,
2026-02-19 09:44:28,"Push (1)",1h,"Bench Press (Barbell)",3,77.5,5.0,0,0.0,
2026-02-19 09:44:28,"Push (1)",1h,"Bench Press (Barbell)",4,77.5,5.0,0,0.0,
2026-02-19 09:44:28,"Push (1)",1h,"Bench Press (Barbell)",5,65.0,8.0,0,0.0,
2026-02-19 09:44:28,"Push (1)",1h,"Overhead Press (Barbell)",1,20.0,10.0,0,0.0,
2026-02-19 09:44:28,"Push (1)",1h,"Overhead Press (Barbell)",2,45.0,8.0,0,0.0,
2026-02-19 09:44:28,"Push (1)",1h,"Overhead Press (Barbell)",3,45.0,8.0,0,0.0,
2026-02-19 09:44:28,"Push (1)",1h,"Overhead Press (Barbell)",4,45.0,5.0,0,0.0,
2026-02-19 09:44:28,"Push (1)",1h,"Overhead Press (Barbell)",5,40.0,3.0,0,0.0,
2026-02-19 09:44:28,"Push (1)",1h,"Incline Chest Press (Machine)",1,50.0,12.0,0,0.0,
2026-02-19 09:44:28,"Push (1)",1h,"Incline Chest Press (Machine)",2,50.0,12.0,0,0.0,
2026-02-19 09:44:28,"Push (1)",1h,"Incline Chest Press (Machine)",3,50.0,10.0,0,0.0,
2026-02-19 09:44:28,"Push (1)",1h,"Lateral Raise (Dumbbell)",1,6.0,20.0,0,0.0,
2026-02-19 09:44:28,"Push (1)",1h,"Lateral Raise (Dumbbell)",2,6.0,20.0,0,0.0,
2026-02-19 09:44:28,"Push (1)",1h,"Lateral Raise (Dumbbell)",3,6.0,20.0,0,0.0,
2026-02-19 09:44:28,"Push (1)",1h,"Triceps Dip",1,0.0,12.0,0,0.0,
2026-02-19 09:44:28,"Push (1)",1h,"Triceps Dip",2,0.0,15.0,0,0.0,
2026-02-19 09:44:28,"Push (1)",1h,"Triceps Dip",3,0.0,15.0,0,0.0,
2026-02-19 09:44:28,"Push (1)",1h,"Skullcrusher (Bodyweight)",1,0,15.0,0,0.0,
2026-02-19 09:44:28,"Push (1)",1h,"Skullcrusher (Bodyweight)",2,0,15.0,0,0.0,
2026-02-19 09:44:28,"Push (1)",1h,"Skullcrusher (Bodyweight)",3,0,15.0,0,0.0,
2026-02-20 12:02:44,"Pull (1)",46m,"Bent Over Row (Barbell)",1,40.0,10.0,0,0.0,
2026-02-20 12:02:44,"Pull (1)",46m,"Bent Over Row (Barbell)",2,60.0,8.0,0,0.0,
2026-02-20 12:02:44,"Pull (1)",46m,"Bent Over Row (Barbell)",3,60.0,8.0,0,0.0,
2026-02-20 12:02:44,"Pull (1)",46m,"Bent Over Row (Barbell)",4,55.0,10.0,0,0.0,
2026-02-20 12:02:44,"Pull (1)",46m,"Pull Up",1,0.0,12.0,0,0.0,
2026-02-20 12:02:44,"Pull (1)",46m,"Pull Up",2,0.0,12.0,0,0.0,
2026-02-20 12:02:44,"Pull (1)",46m,"Pull Up",3,0.0,7.0,0,0.0,
2026-02-20 12:02:44,"Pull (1)",46m,"Face Pull (Cable)",1,24.5,12.0,0,0.0,
2026-02-20 12:02:44,"Pull (1)",46m,"Face Pull (Cable)",2,24.5,12.0,0,0.0,
2026-02-20 12:02:44,"Pull (1)",46m,"Face Pull (Cable)",3,24.5,12.0,0,0.0,
2026-02-20 12:02:44,"Pull (1)",46m,"Face Pull (Cable)",4,24.5,12.0,0,0.0,
2026-02-20 12:02:44,"Pull (1)",46m,"Face Pull (Cable)",5,21.0,12.0,0,0.0,
2026-02-20 12:02:44,"Pull (1)",46m,"Bicep Curl (Dumbbell)",1,12.0,10.0,0,0.0,
2026-02-20 12:02:44,"Pull (1)",46m,"Bicep Curl (Dumbbell)",2,12.0,9.0,0,0.0,
2026-02-20 12:02:44,"Pull (1)",46m,"Bicep Curl (Dumbbell)",3,12.0,8.0,0,0.0,
2026-02-20 12:02:44,"Pull (1)",46m,"Hammer Curl (Dumbbell)",1,12.0,12.0,0,0.0,
2026-02-20 12:02:44,"Pull (1)",46m,"Hammer Curl (Dumbbell)",2,12.0,12.0,0,0.0,
2026-02-20 12:02:44,"Pull (1)",46m,"Hammer Curl (Dumbbell)",3,12.0,12.0,0,0.0,
2026-02-21 10:58:57,"Legs",56m,"Squat (Barbell)",1,40.0,8.0,0,0.0,
2026-02-21 10:58:57,"Legs",56m,"Squat (Barbell)",2,65.0,5.0,0,0.0,
2026-02-21 10:58:57,"Legs",56m,"Squat (Barbell)",3,70.0,5.0,0,0.0,
2026-02-21 10:58:57,"Legs",56m,"Squat (Barbell)",4,70.0,8.0,0,0.0,
2026-02-21 10:58:57,"Legs",56m,"Romanian Deadlift (Barbell)",W,20.0,10.0,0,0.0,
2026-02-21 10:58:57,"Legs",56m,"Romanian Deadlift (Barbell)",1,60.0,8.0,0,0.0,
2026-02-21 10:58:57,"Legs",56m,"Romanian Deadlift (Barbell)",2,60.0,8.0,0,0.0,
2026-02-21 10:58:57,"Legs",56m,"Romanian Deadlift (Barbell)",3,60.0,8.0,0,0.0,
2026-02-21 10:58:57,"Legs",56m,"Leg Press",1,130.0,10.0,0,0.0,
2026-02-21 10:58:57,"Legs",56m,"Leg Press",2,130.0,10.0,0,0.0,
2026-02-21 10:58:57,"Legs",56m,"Leg Press",3,130.0,10.0,0,0.0,
2026-02-21 10:58:57,"Legs",56m,"Lying Leg Curl (Machine)",1,35.0,10.0,0,0.0,
2026-02-21 10:58:57,"Legs",56m,"Lying Leg Curl (Machine)",2,35.0,10.0,0,0.0,
2026-02-21 10:58:57,"Legs",56m,"Lying Leg Curl (Machine)",3,35.0,10.0,0,0.0,
2026-02-21 10:58:57,"Legs",56m,"Leg Extension (Machine)",1,10.0,10.0,0,0.0,
2026-02-21 10:58:57,"Legs",56m,"Leg Extension (Machine)",2,10.0,10.0,0,0.0,
2026-02-21 10:58:57,"Legs",56m,"Leg Extension (Machine)",3,10.0,10.0,0,0.0,
2026-02-22 11:02:52,"Push (1)",41m,"Bench Press (Barbell)",W,40.0,8.0,0,0.0,
2026-02-22 11:02:52,"Push (1)",41m,"Bench Press (Barbell)",1,60.0,6.0,0,0.0,
2026-02-22 11:02:52,"Push (1)",41m,"Bench Press (Barbell)",2,80.0,1.0,0,0.0,
2026-02-22 11:02:52,"Push (1)",41m,"Bench Press (Barbell)",3,77.5,4.0,0,0.0,
2026-02-22 11:02:52,"Push (1)",41m,"Bench Press (Barbell)",4,77.5,5.0,0,0.0,
2026-02-22 11:02:52,"Push (1)",41m,"Bench Press (Barbell)",5,77.5,5.0,0,0.0,
2026-02-22 11:02:52,"Push (1)",41m,"Bench Press (Barbell)",6,60.0,10.0,0,0.0,
2026-02-22 11:02:52,"Push (1)",41m,"Arnold Press (Dumbbell)",1,22.0,8.0,0,0.0,
2026-02-22 11:02:52,"Push (1)",41m,"Arnold Press (Dumbbell)",2,20.0,8.0,0,0.0,
2026-02-22 11:02:52,"Push (1)",41m,"Arnold Press (Dumbbell)",3,20.0,10.0,0,0.0,
2026-02-22 11:02:52,"Push (1)",41m,"Incline Bench Press (Dumbbell)",1,22.0,11.0,0,0.0,
2026-02-22 11:02:52,"Push (1)",41m,"Incline Bench Press (Dumbbell)",2,22.0,11.0,0,0.0,
2026-02-22 11:02:52,"Push (1)",41m,"Incline Bench Press (Dumbbell)",3,22.0,9.0,0,0.0,
2026-02-22 11:02:52,"Push (1)",41m,"Lateral Raise (Dumbbell)",1,6.0,20.0,0,0.0,
2026-02-22 11:02:52,"Push (1)",41m,"Lateral Raise (Dumbbell)",2,6.0,20.0,0,0.0,
2026-02-22 11:02:52,"Push (1)",41m,"Lateral Raise (Dumbbell)",3,6.0,20.0,0,0.0,
2026-02-22 11:02:52,"Push (1)",41m,"Triceps Extension",1,17.5,12.0,0,0.0,
2026-02-22 11:02:52,"Push (1)",41m,"Triceps Extension",2,17.5,12.0,0,0.0,
2026-02-22 11:02:52,"Push (1)",41m,"Triceps Extension",3,17.5,12.0,0,0.0,
2026-02-23 17:42:16,"Pull (1)",1h 1m,"Bent Over Row (Barbell)",1,40.0,10.0,0,0.0,
2026-02-23 17:42:16,"Pull (1)",1h 1m,"Bent Over Row (Barbell)",2,60.0,8.0,0,0.0,
2026-02-23 17:42:16,"Pull (1)",1h 1m,"Bent Over Row (Barbell)",3,60.0,8.0,0,0.0,
2026-02-23 17:42:16,"Pull (1)",1h 1m,"Bent Over Row (Barbell)",4,60.0,8.0,0,0.0,
2026-02-23 17:42:16,"Pull (1)",1h 1m,"Pull Up",1,8.0,8.0,0,0.0,
2026-02-23 17:42:16,"Pull (1)",1h 1m,"Pull Up",2,8.0,8.0,0,0.0,
2026-02-23 17:42:16,"Pull (1)",1h 1m,"Pull Up",3,8.0,5.0,0,0.0,
2026-02-23 17:42:16,"Pull (1)",1h 1m,"Pull Up",4,0.0,3.0,0,0.0,
2026-02-23 17:42:16,"Pull (1)",1h 1m,"Face Pull (Cable)",1,24.5,12.0,0,0.0,
2026-02-23 17:42:16,"Pull (1)",1h 1m,"Face Pull (Cable)",2,24.5,12.0,0,0.0,
2026-02-23 17:42:16,"Pull (1)",1h 1m,"Face Pull (Cable)",3,24.5,12.0,0,0.0,
2026-02-23 17:42:16,"Pull (1)",1h 1m,"Face Pull (Cable)",4,24.5,12.0,0,0.0,
2026-02-23 17:42:16,"Pull (1)",1h 1m,"Face Pull (Cable)",5,24.5,12.0,0,0.0,
2026-02-23 17:42:16,"Pull (1)",1h 1m,"Bicep Curl (Barbell)",1,26.0,10.0,0,0.0,
2026-02-23 17:42:16,"Pull (1)",1h 1m,"Bicep Curl (Barbell)",2,26.0,10.0,0,0.0,
2026-02-23 17:42:16,"Pull (1)",1h 1m,"Bicep Curl (Barbell)",3,26.0,8.0,0,0.0,
2026-02-23 17:42:16,"Pull (1)",1h 1m,"Hammer Curl (Dumbbell)",1,12.0,12.0,0,0.0,
2026-02-23 17:42:16,"Pull (1)",1h 1m,"Hammer Curl (Dumbbell)",2,12.0,13.0,0,0.0,
2026-02-23 17:42:16,"Pull (1)",1h 1m,"Hammer Curl (Dumbbell)",3,12.0,15.0,0,0.0,
2026-02-26 18:23:03,"Push (1)",53m,"Bench Press (Barbell)",W,40.0,8.0,0,0.0,
2026-02-26 18:23:03,"Push (1)",53m,"Bench Press (Barbell)",1,60.0,6.0,0,0.0,
2026-02-26 18:23:03,"Push (1)",53m,"Bench Press (Barbell)",2,80.0,1.0,0,0.0,
2026-02-26 18:23:03,"Push (1)",53m,"Bench Press (Barbell)",3,77.5,5.0,0,0.0,
2026-02-26 18:23:03,"Push (1)",53m,"Bench Press (Barbell)",4,77.5,5.0,0,0.0,
2026-02-26 18:23:03,"Push (1)",53m,"Bench Press (Barbell)",5,65.0,8.0,0,0.0,
2026-02-26 18:23:03,"Push (1)",53m,"Overhead Press (Barbell)",1,20.0,10.0,0,0.0,
2026-02-26 18:23:03,"Push (1)",53m,"Overhead Press (Barbell)",2,45.0,8.0,0,0.0,
2026-02-26 18:23:03,"Push (1)",53m,"Overhead Press (Barbell)",3,45.0,8.0,0,0.0,
2026-02-26 18:23:03,"Push (1)",53m,"Overhead Press (Barbell)",4,45.0,7.0,0,0.0,
2026-02-26 18:23:03,"Push (1)",53m,"Incline Bench Press (Dumbbell)",1,22.0,12.0,0,0.0,
2026-02-26 18:23:03,"Push (1)",53m,"Incline Bench Press (Dumbbell)",2,22.0,12.0,0,0.0,
2026-02-26 18:23:03,"Push (1)",53m,"Incline Bench Press (Dumbbell)",3,22.0,12.0,0,0.0,
2026-02-26 18:23:03,"Push (1)",53m,"Lateral Raise (Dumbbell)",1,6.0,20.0,0,0.0,
2026-02-26 18:23:03,"Push (1)",53m,"Lateral Raise (Dumbbell)",2,6.0,20.0,0,0.0,
2026-02-26 18:23:03,"Push (1)",53m,"Lateral Raise (Dumbbell)",3,6.0,20.0,0,0.0,
2026-02-26 18:23:03,"Push (1)",53m,"Triceps Dip",1,0.0,15.0,0,0.0,
2026-02-26 18:23:03,"Push (1)",53m,"Triceps Dip",2,0.0,15.0,0,0.0,
2026-02-26 18:23:03,"Push (1)",53m,"Triceps Dip",3,0.0,15.0,0,0.0,
2026-02-27 10:25:24,"Pull (1)",41m,"Bent Over Row (Barbell)",1,40.0,10.0,0,0.0,
2026-02-27 10:25:24,"Pull (1)",41m,"Bent Over Row (Barbell)",2,60.0,8.0,0,0.0,
2026-02-27 10:25:24,"Pull (1)",41m,"Bent Over Row (Barbell)",3,60.0,8.0,0,0.0,
2026-02-27 10:25:24,"Pull (1)",41m,"Bent Over Row (Barbell)",4,55.0,10.0,0,0.0,
2026-02-27 10:25:24,"Pull (1)",41m,"Pull Up",1,5.0,10.0,0,0.0,
2026-02-27 10:25:24,"Pull (1)",41m,"Pull Up",2,5.0,10.0,0,0.0,
2026-02-27 10:25:24,"Pull (1)",41m,"Pull Up",3,5.0,7.0,0,0.0,
2026-02-27 10:25:24,"Pull (1)",41m,"Face Pull (Cable)",1,24.5,12.0,0,0.0,
2026-02-27 10:25:24,"Pull (1)",41m,"Face Pull (Cable)",2,24.5,12.0,0,0.0,
2026-02-27 10:25:24,"Pull (1)",41m,"Face Pull (Cable)",3,24.5,12.0,0,0.0,
2026-02-27 10:25:24,"Pull (1)",41m,"Bicep Curl (Dumbbell)",1,10.0,12.0,0,0.0,
2026-02-27 10:25:24,"Pull (1)",41m,"Bicep Curl (Dumbbell)",2,10.0,12.0,0,0.0,
2026-02-27 10:25:24,"Pull (1)",41m,"Bicep Curl (Dumbbell)",3,10.0,12.0,0,0.0,
2026-02-27 10:25:24,"Pull (1)",41m,"Hammer Curl (Dumbbell)",1,12.0,12.0,0,0.0,
2026-02-27 10:25:24,"Pull (1)",41m,"Hammer Curl (Dumbbell)",2,12.0,12.0,0,0.0,
2026-02-27 10:25:24,"Pull (1)",41m,"Hammer Curl (Dumbbell)",3,12.0,12.0,0,0.0,
2026-02-28 18:23:36,"Legs",1h 8m,"Squat (Barbell)",1,40.0,8.0,0,0.0,
2026-02-28 18:23:36,"Legs",1h 8m,"Squat (Barbell)",2,70.0,5.0,0,0.0,
2026-02-28 18:23:36,"Legs",1h 8m,"Squat (Barbell)",3,70.0,5.0,0,0.0,
2026-02-28 18:23:36,"Legs",1h 8m,"Squat (Barbell)",4,70.0,8.0,0,0.0,
2026-02-28 18:23:36,"Legs",1h 8m,"Romanian Deadlift (Barbell)",W,20.0,10.0,0,0.0,
2026-02-28 18:23:36,"Legs",1h 8m,"Romanian Deadlift (Barbell)",1,45.0,10.0,0,0.0,
2026-02-28 18:23:36,"Legs",1h 8m,"Romanian Deadlift (Barbell)",2,45.0,10.0,0,0.0,
2026-02-28 18:23:36,"Legs",1h 8m,"Romanian Deadlift (Barbell)",3,45.0,10.0,0,0.0,
2026-02-28 18:23:36,"Legs",1h 8m,"Leg Press",1,130.0,10.0,0,0.0,
2026-02-28 18:23:36,"Legs",1h 8m,"Leg Press",2,130.0,10.0,0,0.0,
2026-02-28 18:23:36,"Legs",1h 8m,"Leg Press",3,130.0,10.0,0,0.0,
2026-02-28 18:23:36,"Legs",1h 8m,"Lying Leg Curl (Machine)",1,35.0,10.0,0,0.0,
2026-02-28 18:23:36,"Legs",1h 8m,"Lying Leg Curl (Machine)",2,35.0,10.0,0,0.0,
2026-02-28 18:23:36,"Legs",1h 8m,"Lying Leg Curl (Machine)",3,35.0,10.0,0,0.0,
2026-02-28 18:23:36,"Legs",1h 8m,"Seated Calf Raise (Plate Loaded)",1,20.0,15.0,0,0.0,
2026-02-28 18:23:36,"Legs",1h 8m,"Seated Calf Raise (Plate Loaded)",2,20.0,15.0,0,0.0,
2026-02-28 18:23:36,"Legs",1h 8m,"Seated Calf Raise (Plate Loaded)",3,25.0,15.0,0,0.0,
2026-02-28 18:23:36,"Legs",1h 8m,"Seated Calf Raise (Plate Loaded)",4,25.0,15.0,0,0.0,
2026-02-28 18:23:36,"Legs",1h 8m,"Seated Calf Raise (Plate Loaded)",5,30.0,20.0,0,0.0,
2026-03-01 10:58:48,"Push (1)",45m,"Bench Press (Barbell)",W,40.0,8.0,0,0.0,
2026-03-01 10:58:48,"Push (1)",45m,"Bench Press (Barbell)",1,60.0,6.0,0,0.0,
2026-03-01 10:58:48,"Push (1)",45m,"Bench Press (Barbell)",2,80.0,5.0,0,0.0,
2026-03-01 10:58:48,"Push (1)",45m,"Bench Press (Barbell)",3,80.0,1.0,0,0.0,
2026-03-01 10:58:48,"Push (1)",45m,"Bench Press (Barbell)",4,77.5,4.0,0,0.0,
2026-03-01 10:58:48,"Push (1)",45m,"Bench Press (Barbell)",5,77.5,5.0,0,0.0,
2026-03-01 10:58:48,"Push (1)",45m,"Bench Press (Barbell)",6,65.0,8.0,0,0.0,
2026-03-01 10:58:48,"Push (1)",45m,"Overhead Press (Barbell)",1,20.0,10.0,0,0.0,
2026-03-01 10:58:48,"Push (1)",45m,"Overhead Press (Barbell)",2,45.0,8.0,0,0.0,
2026-03-01 10:58:48,"Push (1)",45m,"Overhead Press (Barbell)",3,45.0,8.0,0,0.0,
2026-03-01 10:58:48,"Push (1)",45m,"Overhead Press (Barbell)",4,45.0,8.0,0,0.0,
2026-03-01 10:58:48,"Push (1)",45m,"Incline Bench Press (Dumbbell)",1,22.0,12.0,0,0.0,
2026-03-01 10:58:48,"Push (1)",45m,"Incline Bench Press (Dumbbell)",2,22.0,12.0,0,0.0,
2026-03-01 10:58:48,"Push (1)",45m,"Incline Bench Press (Dumbbell)",3,22.0,11.0,0,0.0,
2026-03-01 10:58:48,"Push (1)",45m,"Lateral Raise (Dumbbell)",1,6.0,20.0,0,0.0,
2026-03-01 10:58:48,"Push (1)",45m,"Lateral Raise (Dumbbell)",2,6.0,20.0,0,0.0,
2026-03-01 10:58:48,"Push (1)",45m,"Lateral Raise (Dumbbell)",3,6.0,20.0,0,0.0,
2026-03-01 10:58:48,"Push (1)",45m,"Triceps Extension",1,17.5,12.0,0,0.0,
2026-03-01 10:58:48,"Push (1)",45m,"Triceps Extension",2,21.0,10.0,0,0.0,
2026-03-01 10:58:48,"Push (1)",45m,"Triceps Extension",3,21.0,10.0,0,0.0,
2026-03-02 18:13:21,"Pull (1)",50m,"Bent Over Row (Barbell)",1,40.0,12.0,0,0.0,
2026-03-02 18:13:21,"Pull (1)",50m,"Bent Over Row (Barbell)",2,60.0,8.0,0,0.0,
2026-03-02 18:13:21,"Pull (1)",50m,"Bent Over Row (Barbell)",3,60.0,8.0,0,0.0,
2026-03-02 18:13:21,"Pull (1)",50m,"Bent Over Row (Barbell)",4,60.0,8.0,0,0.0,
2026-03-02 18:13:21,"Pull (1)",50m,"Pull Up",1,10.0,8.0,0,0.0,
2026-03-02 18:13:21,"Pull (1)",50m,"Pull Up",2,10.0,7.0,0,0.0,
2026-03-02 18:13:21,"Pull (1)",50m,"Pull Up",3,10.0,6.0,0,0.0,
2026-03-02 18:13:21,"Pull (1)",50m,"Pull Up",4,0.0,3.0,0,0.0,
2026-03-02 18:13:21,"Pull (1)",50m,"Face Pull (Cable)",1,24.5,12.0,0,0.0,
2026-03-02 18:13:21,"Pull (1)",50m,"Face Pull (Cable)",2,24.5,12.0,0,0.0,
2026-03-02 18:13:21,"Pull (1)",50m,"Face Pull (Cable)",3,24.5,12.0,0,0.0,
2026-03-02 18:13:21,"Pull (1)",50m,"Face Pull (Cable)",4,24.5,12.0,0,0.0,
2026-03-02 18:13:21,"Pull (1)",50m,"Face Pull (Cable)",5,24.5,12.0,0,0.0,
2026-03-02 18:13:21,"Pull (1)",50m,"Bicep Curl (Barbell)",1,26.0,10.0,0,0.0,
2026-03-02 18:13:21,"Pull (1)",50m,"Bicep Curl (Barbell)",2,26.0,10.0,0,0.0,
2026-03-02 18:13:21,"Pull (1)",50m,"Bicep Curl (Barbell)",3,26.0,9.0,0,0.0,
2026-03-02 18:13:21,"Pull (1)",50m,"Hammer Curl (Dumbbell)",1,12.0,12.0,0,0.0,
2026-03-02 18:13:21,"Pull (1)",50m,"Hammer Curl (Dumbbell)",2,12.0,12.0,0,0.0,
2026-03-02 18:13:21,"Pull (1)",50m,"Hammer Curl (Dumbbell)",3,12.0,20.0,0,0.0,
2026-03-05 09:42:36,"Push (1)",58m,"Bench Press (Barbell)",W,40.0,8.0,0,0.0,
2026-03-05 09:42:36,"Push (1)",58m,"Bench Press (Barbell)",1,60.0,6.0,0,0.0,
2026-03-05 09:42:36,"Push (1)",58m,"Bench Press (Barbell)",2,80.0,5.0,0,0.0,
2026-03-05 09:42:36,"Push (1)",58m,"Bench Press (Barbell)",3,80.0,5.0,0,0.0,
2026-03-05 09:42:36,"Push (1)",58m,"Bench Press (Barbell)",4,75.0,5.0,0,0.0,
2026-03-05 09:42:36,"Push (1)",58m,"Bench Press (Barbell)",5,65.0,8.0,0,0.0,
2026-03-05 09:42:36,"Push (1)",58m,"Overhead Press (Barbell)",1,20.0,10.0,0,0.0,
2026-03-05 09:42:36,"Push (1)",58m,"Overhead Press (Barbell)",2,45.0,8.0,0,0.0,
2026-03-05 09:42:36,"Push (1)",58m,"Overhead Press (Barbell)",3,45.0,8.0,0,0.0,
2026-03-05 09:42:36,"Push (1)",58m,"Overhead Press (Barbell)",4,45.0,7.0,0,0.0,
2026-03-05 09:42:36,"Push (1)",58m,"Incline Chest Press (Machine)",1,60.0,10.0,0,0.0,
2026-03-05 09:42:36,"Push (1)",58m,"Incline Chest Press (Machine)",2,60.0,10.0,0,0.0,
2026-03-05 09:42:36,"Push (1)",58m,"Incline Chest Press (Machine)",3,60.0,10.0,0,0.0,
2026-03-05 09:42:36,"Push (1)",58m,"Lateral Raise (Dumbbell)",1,6.0,20.0,0,0.0,
2026-03-05 09:42:36,"Push (1)",58m,"Lateral Raise (Dumbbell)",2,6.0,20.0,0,0.0,
2026-03-05 09:42:36,"Push (1)",58m,"Lateral Raise (Dumbbell)",3,6.0,20.0,0,0.0,
2026-03-05 09:42:36,"Push (1)",58m,"Triceps Dip",1,10.0,10.0,0,0.0,
2026-03-05 09:42:36,"Push (1)",58m,"Triceps Dip",2,10.0,10.0,0,0.0,
2026-03-05 09:42:36,"Push (1)",58m,"Triceps Dip",3,10.0,10.0,0,0.0,
2026-03-06 18:10:54,"Pull (1)",56m,"Seated Row (Cable)",1,40.0,12.0,0,0.0,
2026-03-06 18:10:54,"Pull (1)",56m,"Seated Row (Cable)",2,60.0,10.0,0,0.0,
2026-03-06 18:10:54,"Pull (1)",56m,"Seated Row (Cable)",3,60.0,10.0,0,0.0,
2026-03-06 18:10:54,"Pull (1)",56m,"Seated Row (Cable)",4,60.0,8.0,0,0.0,
2026-03-06 18:10:54,"Pull (1)",56m,"Pull Up",1,10.0,7.0,0,0.0,
2026-03-06 18:10:54,"Pull (1)",56m,"Pull Up",2,10.0,7.0,0,0.0,
2026-03-06 18:10:54,"Pull (1)",56m,"Pull Up",3,10.0,5.0,0,0.0,
2026-03-06 18:10:54,"Pull (1)",56m,"Pull Up",4,0.0,5.0,0,0.0,
2026-03-06 18:10:54,"Pull (1)",56m,"Face Pull (Cable)",1,24.5,12.0,0,0.0,
2026-03-06 18:10:54,"Pull (1)",56m,"Face Pull (Cable)",2,24.5,12.0,0,0.0,
2026-03-06 18:10:54,"Pull (1)",56m,"Face Pull (Cable)",3,24.5,12.0,0,0.0,
2026-03-06 18:10:54,"Pull (1)",56m,"Face Pull (Cable)",4,24.5,12.0,0,0.0,
2026-03-06 18:10:54,"Pull (1)",56m,"Face Pull (Cable)",5,24.5,12.0,0,0.0,
2026-03-06 18:10:54,"Pull (1)",56m,"Bicep Curl (Dumbbell)",1,12.0,10.0,0,0.0,
2026-03-06 18:10:54,"Pull (1)",56m,"Bicep Curl (Dumbbell)",2,12.0,10.0,0,0.0,
2026-03-06 18:10:54,"Pull (1)",56m,"Bicep Curl (Dumbbell)",3,12.0,8.0,0,0.0,
2026-03-06 18:10:54,"Pull (1)",56m,"Hammer Curl (Dumbbell)",1,12.0,12.0,0,0.0,
2026-03-06 18:10:54,"Pull (1)",56m,"Hammer Curl (Dumbbell)",2,12.0,15.0,0,0.0,
2026-03-06 18:10:54,"Pull (1)",56m,"Hammer Curl (Dumbbell)",3,12.0,15.0,0,0.0,
2026-03-07 10:25:15,"Legs",51m,"Squat (Barbell)",1,40.0,8.0,0,0.0,
2026-03-07 10:25:15,"Legs",51m,"Squat (Barbell)",2,75.0,5.0,0,0.0,
2026-03-07 10:25:15,"Legs",51m,"Squat (Barbell)",3,75.0,5.0,0,0.0,
2026-03-07 10:25:15,"Legs",51m,"Squat (Barbell)",4,75.0,8.0,0,0.0,
2026-03-07 10:25:15,"Legs",51m,"Romanian Deadlift (Barbell)",W,20.0,10.0,0,0.0,
2026-03-07 10:25:15,"Legs",51m,"Romanian Deadlift (Barbell)",1,60.0,8.0,0,0.0,
2026-03-07 10:25:15,"Legs",51m,"Romanian Deadlift (Barbell)",2,60.0,8.0,0,0.0,
2026-03-07 10:25:15,"Legs",51m,"Romanian Deadlift (Barbell)",3,60.0,8.0,0,0.0,
2026-03-07 10:25:15,"Legs",51m,"Bulgarian Split Squat",1,10.0,8.0,0,0.0,
2026-03-07 10:25:15,"Legs",51m,"Bulgarian Split Squat",2,10.0,8.0,0,0.0,
2026-03-07 10:25:15,"Legs",51m,"Bulgarian Split Squat",3,10.0,8.0,0,0.0,
2026-03-07 10:25:15,"Legs",51m,"Lying Leg Curl (Machine)",1,35.0,10.0,0,0.0,
2026-03-07 10:25:15,"Legs",51m,"Lying Leg Curl (Machine)",2,35.0,10.0,0,0.0,
2026-03-07 10:25:15,"Legs",51m,"Lying Leg Curl (Machine)",3,35.0,10.0,0,0.0,
2026-03-07 10:25:15,"Legs",51m,"Seated Calf Raise (Plate Loaded)",1,40.0,15.0,0,0.0,
2026-03-07 10:25:15,"Legs",51m,"Seated Calf Raise (Plate Loaded)",2,40.0,15.0,0,0.0,
2026-03-07 10:25:15,"Legs",51m,"Seated Calf Raise (Plate Loaded)",3,30.0,15.0,0,0.0,
2026-03-07 10:25:15,"Legs",51m,"Seated Calf Raise (Plate Loaded)",4,30.0,15.0,0,0.0,
2026-03-07 10:25:15,"Legs",51m,"Seated Calf Raise (Plate Loaded)",5,30.0,15.0,0,0.0,
2026-03-08 11:05:33,"Push (1)",40m,"Chest Press (Machine)",W,45.0,8.0,0,0.0,
2026-03-08 11:05:33,"Push (1)",40m,"Chest Press (Machine)",1,60.0,8.0,0,0.0,
2026-03-08 11:05:33,"Push (1)",40m,"Chest Press (Machine)",2,60.0,8.0,0,0.0,
2026-03-08 11:05:33,"Push (1)",40m,"Chest Press (Machine)",3,60.0,8.0,0,0.0,
2026-03-08 11:05:33,"Push (1)",40m,"Overhead Press (Barbell)",1,20.0,10.0,0,0.0,
2026-03-08 11:05:33,"Push (1)",40m,"Overhead Press (Barbell)",2,45.0,8.0,0,0.0,
2026-03-08 11:05:33,"Push (1)",40m,"Overhead Press (Barbell)",3,45.0,8.0,0,0.0,
2026-03-08 11:05:33,"Push (1)",40m,"Overhead Press (Barbell)",4,45.0,7.0,0,0.0,
2026-03-08 11:05:33,"Push (1)",40m,"Incline Bench Press (Dumbbell)",1,24.0,9.0,0,0.0,
2026-03-08 11:05:33,"Push (1)",40m,"Incline Bench Press (Dumbbell)",2,24.0,9.0,0,0.0,
2026-03-08 11:05:33,"Push (1)",40m,"Incline Bench Press (Dumbbell)",3,24.0,9.0,0,0.0,
2026-03-08 11:05:33,"Push (1)",40m,"Lateral Raise (Dumbbell)",1,7.0,15.0,0,0.0,
2026-03-08 11:05:33,"Push (1)",40m,"Lateral Raise (Dumbbell)",2,7.0,15.0,0,0.0,
2026-03-08 11:05:33,"Push (1)",40m,"Lateral Raise (Dumbbell)",3,6.0,20.0,0,0.0,
2026-03-08 11:05:33,"Push (1)",40m,"Triceps Extension",1,21.0,10.0,0,0.0,
2026-03-08 11:05:33,"Push (1)",40m,"Triceps Extension",2,17.5,12.0,0,0.0,
2026-03-08 11:05:33,"Push (1)",40m,"Triceps Extension",3,17.5,12.0,0,0.0,
2026-03-09 18:31:27,"Pull (1)",1h 1m,"Bent Over Row (Barbell)",1,40.0,12.0,0,0.0,
2026-03-09 18:31:27,"Pull (1)",1h 1m,"Bent Over Row (Barbell)",2,60.0,8.0,0,0.0,
2026-03-09 18:31:27,"Pull (1)",1h 1m,"Bent Over Row (Barbell)",3,60.0,8.0,0,0.0,
2026-03-09 18:31:27,"Pull (1)",1h 1m,"Bent Over Row (Barbell)",4,60.0,8.0,0,0.0,
2026-03-09 18:31:27,"Pull (1)",1h 1m,"Chin Up",1,10.0,8.0,0,0.0,
2026-03-09 18:31:27,"Pull (1)",1h 1m,"Chin Up",2,10.0,8.0,0,0.0,
2026-03-09 18:31:27,"Pull (1)",1h 1m,"Chin Up",3,10.0,7.0,0,0.0,
2026-03-09 18:31:27,"Pull (1)",1h 1m,"Face Pull (Cable)",1,24.5,12.0,0,0.0,
2026-03-09 18:31:27,"Pull (1)",1h 1m,"Face Pull (Cable)",2,24.5,12.0,0,0.0,
2026-03-09 18:31:27,"Pull (1)",1h 1m,"Face Pull (Cable)",3,24.5,12.0,0,0.0,
2026-03-09 18:31:27,"Pull (1)",1h 1m,"Face Pull (Cable)",4,24.5,12.0,0,0.0,
2026-03-09 18:31:27,"Pull (1)",1h 1m,"Face Pull (Cable)",5,24.5,12.0,0,0.0,
2026-03-09 18:31:27,"Pull (1)",1h 1m,"Bicep Curl (Barbell)",1,30.0,8.0,0,0.0,
2026-03-09 18:31:27,"Pull (1)",1h 1m,"Bicep Curl (Barbell)",2,30.0,8.0,0,0.0,
2026-03-09 18:31:27,"Pull (1)",1h 1m,"Bicep Curl (Barbell)",3,26.0,8.0,0,0.0,
2026-03-09 18:31:27,"Pull (1)",1h 1m,"Hammer Curl (Dumbbell)",1,16.0,10.0,0,0.0,
2026-03-09 18:31:27,"Pull (1)",1h 1m,"Hammer Curl (Dumbbell)",2,16.0,8.0,0,0.0,
2026-03-09 18:31:27,"Pull (1)",1h 1m,"Hammer Curl (Dumbbell)",3,16.0,10.0,0,0.0,
2026-03-09 18:31:27,"Pull (1)",1h 1m,"Hanging Leg Raise",1,0,12.0,0,0.0,
2026-03-09 18:31:27,"Pull (1)",1h 1m,"Hanging Leg Raise",2,0,12.0,0,0.0,
2026-03-09 18:31:27,"Pull (1)",1h 1m,"Hanging Leg Raise",3,0,12.0,0,0.0,
2026-03-12 09:55:10,"Push (1)",52m,"Bench Press (Barbell)",W,40.0,8.0,0,0.0,
2026-03-12 09:55:10,"Push (1)",52m,"Bench Press (Barbell)",1,60.0,6.0,0,0.0,
2026-03-12 09:55:10,"Push (1)",52m,"Bench Press (Barbell)",2,80.0,5.0,0,0.0,
2026-03-12 09:55:10,"Push (1)",52m,"Bench Press (Barbell)",3,80.0,5.0,0,0.0,
2026-03-12 09:55:10,"Push (1)",52m,"Bench Press (Barbell)",4,80.0,5.0,0,0.0,
2026-03-12 09:55:10,"Push (1)",52m,"Bench Press (Barbell)",5,70.0,7.0,0,0.0,
2026-03-12 09:55:10,"Push (1)",52m,"Overhead Press (Barbell)",1,20.0,10.0,0,0.0,
2026-03-12 09:55:10,"Push (1)",52m,"Overhead Press (Barbell)",2,45.0,8.0,0,0.0,
2026-03-12 09:55:10,"Push (1)",52m,"Overhead Press (Barbell)",3,45.0,7.0,0,0.0,
2026-03-12 09:55:10,"Push (1)",52m,"Overhead Press (Barbell)",4,42.5,7.0,0,0.0,
2026-03-12 09:55:10,"Push (1)",52m,"Incline Chest Press (Machine)",1,60.0,8.0,0,0.0,
2026-03-12 09:55:10,"Push (1)",52m,"Incline Chest Press (Machine)",2,60.0,7.0,0,0.0,
2026-03-12 09:55:10,"Push (1)",52m,"Incline Chest Press (Machine)",3,50.0,8.0,0,0.0,
2026-03-12 09:55:10,"Push (1)",52m,"Lateral Raise (Dumbbell)",1,7.0,16.0,0,0.0,
2026-03-12 09:55:10,"Push (1)",52m,"Lateral Raise (Dumbbell)",2,7.0,15.0,0,0.0,
2026-03-12 09:55:10,"Push (1)",52m,"Lateral Raise (Dumbbell)",3,7.0,15.0,0,0.0,
2026-03-12 09:55:10,"Push (1)",52m,"Triceps Dip",1,10.0,10.0,0,0.0,
2026-03-12 09:55:10,"Push (1)",52m,"Triceps Dip",2,10.0,10.0,0,0.0,
2026-03-12 09:55:10,"Push (1)",52m,"Triceps Dip",3,10.0,10.0,0,0.0,
2026-03-13 17:06:27,"Pull (1)",49m,"Bent Over Row (Barbell)",1,40.0,12.0,0,0.0,
2026-03-13 17:06:27,"Pull (1)",49m,"Bent Over Row (Barbell)",2,60.0,8.0,0,0.0,
2026-03-13 17:06:27,"Pull (1)",49m,"Bent Over Row (Barbell)",3,60.0,8.0,0,0.0,
2026-03-13 17:06:27,"Pull (1)",49m,"Bent Over Row (Barbell)",4,60.0,8.0,0,0.0,
2026-03-13 17:06:27,"Pull (1)",49m,"Pull Up",1,10.0,8.0,0,0.0,
2026-03-13 17:06:27,"Pull (1)",49m,"Pull Up",2,10.0,8.0,0,0.0,
2026-03-13 17:06:27,"Pull (1)",49m,"Pull Up",3,10.0,6.0,0,0.0,
2026-03-13 17:06:27,"Pull (1)",49m,"Pull Up",4,0.0,2.0,0,0.0,
2026-03-13 17:06:27,"Pull (1)",49m,"Face Pull (Cable)",1,24.5,12.0,0,0.0,
2026-03-13 17:06:27,"Pull (1)",49m,"Face Pull (Cable)",2,24.5,12.0,0,0.0,
2026-03-13 17:06:27,"Pull (1)",49m,"Face Pull (Cable)",3,24.5,12.0,0,0.0,
2026-03-13 17:06:27,"Pull (1)",49m,"Face Pull (Cable)",4,24.5,12.0,0,0.0,
2026-03-13 17:06:27,"Pull (1)",49m,"Bicep Curl (Barbell)",1,30.0,8.0,0,0.0,
2026-03-13 17:06:27,"Pull (1)",49m,"Bicep Curl (Barbell)",2,30.0,8.0,0,0.0,
2026-03-13 17:06:27,"Pull (1)",49m,"Bicep Curl (Barbell)",3,26.0,8.0,0,0.0,
2026-03-13 17:06:27,"Pull (1)",49m,"Hammer Curl (Dumbbell)",1,16.0,9.0,0,0.0,
2026-03-13 17:06:27,"Pull (1)",49m,"Hammer Curl (Dumbbell)",2,16.0,9.0,0,0.0,
2026-03-13 17:06:27,"Pull (1)",49m,"Hammer Curl (Dumbbell)",3,16.0,9.0,0,0.0,
2026-03-14 10:50:11,"Legs",55m,"Hack Squat",1,40.0,8.0,0,0.0,
2026-03-14 10:50:11,"Legs",55m,"Hack Squat",2,80.0,5.0,0,0.0,
2026-03-14 10:50:11,"Legs",55m,"Hack Squat",3,80.0,5.0,0,0.0,
2026-03-14 10:50:11,"Legs",55m,"Hack Squat",4,80.0,8.0,0,0.0,
2026-03-14 10:50:11,"Legs",55m,"Romanian Deadlift (Barbell)",W,20.0,8.0,0,0.0,
2026-03-14 10:50:11,"Legs",55m,"Romanian Deadlift (Barbell)",1,60.0,8.0,0,0.0,
2026-03-14 10:50:11,"Legs",55m,"Romanian Deadlift (Barbell)",2,70.0,8.0,0,0.0,
2026-03-14 10:50:11,"Legs",55m,"Romanian Deadlift (Barbell)",3,70.0,8.0,0,0.0,
2026-03-14 10:50:11,"Legs",55m,"Bulgarian Split Squat",1,10.0,10.0,0,0.0,
2026-03-14 10:50:11,"Legs",55m,"Bulgarian Split Squat",2,10.0,10.0,0,0.0,
2026-03-14 10:50:11,"Legs",55m,"Bulgarian Split Squat",3,10.0,10.0,0,0.0,
2026-03-14 10:50:11,"Legs",55m,"Kneeling Leg Curl",1,10.0,8.0,0,0.0,
2026-03-14 10:50:11,"Legs",55m,"Kneeling Leg Curl",2,10.0,8.0,0,0.0,
2026-03-14 10:50:11,"Legs",55m,"Kneeling Leg Curl",3,7.5,8.0,0,0.0,
2026-03-14 10:50:11,"Legs",55m,"Seated Calf Raise (Plate Loaded)",1,40.0,15.0,0,0.0,
2026-03-14 10:50:11,"Legs",55m,"Seated Calf Raise (Plate Loaded)",2,40.0,15.0,0,0.0,
2026-03-14 10:50:11,"Legs",55m,"Seated Calf Raise (Plate Loaded)",3,40.0,15.0,0,0.0,
2026-03-14 10:50:11,"Legs",55m,"Seated Calf Raise (Plate Loaded)",4,40.0,15.0,0,0.0,
2026-03-14 10:50:11,"Legs",55m,"Seated Calf Raise (Plate Loaded)",5,40.0,15.0,0,0.0,
2026-03-15 11:06:39,"Push (1)",1h 4m,"Bench Press (Barbell)",W,40.0,8.0,0,0.0,
2026-03-15 11:06:39,"Push (1)",1h 4m,"Bench Press (Barbell)",1,60.0,6.0,0,0.0,
2026-03-15 11:06:39,"Push (1)",1h 4m,"Bench Press (Barbell)",2,80.0,5.0,0,0.0,
2026-03-15 11:06:39,"Push (1)",1h 4m,"Bench Press (Barbell)",3,80.0,5.0,0,0.0,
2026-03-15 11:06:39,"Push (1)",1h 4m,"Bench Press (Barbell)",4,75.0,6.0,0,0.0,
2026-03-15 11:06:39,"Push (1)",1h 4m,"Bench Press (Barbell)",5,65.0,8.0,0,0.0,
2026-03-15 11:06:39,"Push (1)",1h 4m,"Overhead Press (Barbell)",1,20.0,10.0,0,0.0,
2026-03-15 11:06:39,"Push (1)",1h 4m,"Overhead Press (Barbell)",2,45.0,8.0,0,0.0,
2026-03-15 11:06:39,"Push (1)",1h 4m,"Overhead Press (Barbell)",3,45.0,8.0,0,0.0,
2026-03-15 11:06:39,"Push (1)",1h 4m,"Overhead Press (Barbell)",4,45.0,6.0,0,0.0,
2026-03-15 11:06:39,"Push (1)",1h 4m,"Incline Bench Press (Dumbbell)",1,26.0,10.0,0,0.0,
2026-03-15 11:06:39,"Push (1)",1h 4m,"Incline Bench Press (Dumbbell)",2,26.0,8.0,0,0.0,
2026-03-15 11:06:39,"Push (1)",1h 4m,"Incline Bench Press (Dumbbell)",3,22.0,10.0,0,0.0,
2026-03-15 11:06:39,"Push (1)",1h 4m,"Lateral Raise (Dumbbell)",1,7.0,16.0,0,0.0,
2026-03-15 11:06:39,"Push (1)",1h 4m,"Lateral Raise (Dumbbell)",2,7.0,16.0,0,0.0,
2026-03-15 11:06:39,"Push (1)",1h 4m,"Lateral Raise (Dumbbell)",3,7.0,16.0,0,0.0,
2026-03-15 11:06:39,"Push (1)",1h 4m,"Triceps Dip",1,10.0,6.0,0,0.0,
2026-03-15 11:06:39,"Push (1)",1h 4m,"Triceps Dip",2,7.5,8.0,0,0.0,
2026-03-15 11:06:39,"Push (1)",1h 4m,"Triceps Dip",3,7.5,8.0,0,0.0,
2026-03-16 18:21:28,"Pull (1)",55m,"Bent Over Row (Barbell)",1,40.0,12.0,0,0.0,
2026-03-16 18:21:28,"Pull (1)",55m,"Bent Over Row (Barbell)",2,60.0,10.0,0,0.0,
2026-03-16 18:21:28,"Pull (1)",55m,"Bent Over Row (Barbell)",3,60.0,10.0,0,0.0,
2026-03-16 18:21:28,"Pull (1)",55m,"Bent Over Row (Barbell)",4,60.0,10.0,0,0.0,
2026-03-16 18:21:28,"Pull (1)",55m,"Pull Up",1,10.0,8.0,0,0.0,
2026-03-16 18:21:28,"Pull (1)",55m,"Pull Up",2,10.0,8.0,0,0.0,
2026-03-16 18:21:28,"Pull (1)",55m,"Pull Up",3,10.0,7.0,0,0.0,
2026-03-16 18:21:28,"Pull (1)",55m,"Pull Up",4,0.0,1.0,0,0.0,
2026-03-16 18:21:28,"Pull (1)",55m,"Face Pull (Cable)",1,24.5,12.0,0,0.0,
2026-03-16 18:21:28,"Pull (1)",55m,"Face Pull (Cable)",2,26.0,12.0,0,0.0,
2026-03-16 18:21:28,"Pull (1)",55m,"Face Pull (Cable)",3,26.0,10.0,0,0.0,
2026-03-16 18:21:28,"Pull (1)",55m,"Face Pull (Cable)",4,16.5,10.0,0,0.0,
2026-03-16 18:21:28,"Pull (1)",55m,"Face Pull (Cable)",5,17.5,10.0,0,0.0,
2026-03-16 18:21:28,"Pull (1)",55m,"Bicep Curl (Barbell)",1,30.0,8.0,0,0.0,
2026-03-16 18:21:28,"Pull (1)",55m,"Bicep Curl (Barbell)",2,30.0,8.0,0,0.0,
2026-03-16 18:21:28,"Pull (1)",55m,"Bicep Curl (Barbell)",3,30.0,8.0,0,0.0,
2026-03-16 18:21:28,"Pull (1)",55m,"Hammer Curl (Dumbbell)",1,16.0,10.0,0,0.0,
2026-03-16 18:21:28,"Pull (1)",55m,"Hammer Curl (Dumbbell)",2,16.0,10.0,0,0.0,
2026-03-16 18:21:28,"Pull (1)",55m,"Hammer Curl (Dumbbell)",3,16.0,10.0,0,0.0,
2026-03-26 09:34:11,"Push (1)",55m,"Bench Press (Barbell)",W,40.0,8.0,0,0.0,
2026-03-26 09:34:11,"Push (1)",55m,"Bench Press (Barbell)",1,60.0,6.0,0,0.0,
2026-03-26 09:34:11,"Push (1)",55m,"Bench Press (Barbell)",2,80.0,5.0,0,0.0,
2026-03-26 09:34:11,"Push (1)",55m,"Bench Press (Barbell)",3,80.0,5.0,0,0.0,
2026-03-26 09:34:11,"Push (1)",55m,"Bench Press (Barbell)",4,75.0,5.0,0,0.0,
2026-03-26 09:34:11,"Push (1)",55m,"Bench Press (Barbell)",5,65.0,8.0,0,0.0,
2026-03-26 09:34:11,"Push (1)",55m,"Overhead Press (Barbell)",1,20.0,10.0,0,0.0,
2026-03-26 09:34:11,"Push (1)",55m,"Overhead Press (Barbell)",2,45.0,8.0,0,0.0,
2026-03-26 09:34:11,"Push (1)",55m,"Overhead Press (Barbell)",3,45.0,8.0,0,0.0,
2026-03-26 09:34:11,"Push (1)",55m,"Overhead Press (Barbell)",4,45.0,7.0,0,0.0,
2026-03-26 09:34:11,"Push (1)",55m,"Incline Bench Press (Dumbbell)",1,22.0,12.0,0,0.0,
2026-03-26 09:34:11,"Push (1)",55m,"Incline Bench Press (Dumbbell)",2,22.0,12.0,0,0.0,
2026-03-26 09:34:11,"Push (1)",55m,"Incline Bench Press (Dumbbell)",3,22.0,10.0,0,0.0,
2026-03-26 09:34:11,"Push (1)",55m,"Lateral Raise (Dumbbell)",1,7.0,15.0,0,0.0,
2026-03-26 09:34:11,"Push (1)",55m,"Lateral Raise (Dumbbell)",2,7.0,15.0,0,0.0,
2026-03-26 09:34:11,"Push (1)",55m,"Lateral Raise (Dumbbell)",3,7.0,15.0,0,0.0,
2026-03-26 09:34:11,"Push (1)",55m,"Triceps Dip",1,10.0,10.0,0,0.0,
2026-03-26 09:34:11,"Push (1)",55m,"Triceps Dip",2,10.0,10.0,0,0.0,
2026-03-26 09:34:11,"Push (1)",55m,"Triceps Dip",3,10.0,10.0,0,0.0,
2026-03-27 17:34:16,"Pull (1)",50m,"Bent Over Row (Barbell)",1,40.0,12.0,0,0.0,
2026-03-27 17:34:16,"Pull (1)",50m,"Bent Over Row (Barbell)",2,60.0,10.0,0,0.0,
2026-03-27 17:34:16,"Pull (1)",50m,"Bent Over Row (Barbell)",3,60.0,10.0,0,0.0,
2026-03-27 17:34:16,"Pull (1)",50m,"Bent Over Row (Barbell)",4,60.0,10.0,0,0.0,
2026-03-27 17:34:16,"Pull (1)",50m,"Pull Up",1,10.0,8.0,0,0.0,
2026-03-27 17:34:16,"Pull (1)",50m,"Pull Up",2,10.0,8.0,0,0.0,
2026-03-27 17:34:16,"Pull (1)",50m,"Pull Up",3,10.0,8.0,0,0.0,
2026-03-27 17:34:16,"Pull (1)",50m,"Face Pull (Cable)",1,15.0,12.0,0,0.0,
2026-03-27 17:34:16,"Pull (1)",50m,"Face Pull (Cable)",2,15.0,12.0,0,0.0,
2026-03-27 17:34:16,"Pull (1)",50m,"Face Pull (Cable)",3,17.5,12.0,0,0.0,
2026-03-27 17:34:16,"Pull (1)",50m,"Face Pull (Cable)",4,17.5,12.0,0,0.0,
2026-03-27 17:34:16,"Pull (1)",50m,"Face Pull (Cable)",5,17.5,12.0,0,0.0,
2026-03-27 17:34:16,"Pull (1)",50m,"Bicep Curl (Barbell)",1,30.0,8.0,0,0.0,
2026-03-27 17:34:16,"Pull (1)",50m,"Bicep Curl (Barbell)",2,30.0,8.0,0,0.0,
2026-03-27 17:34:16,"Pull (1)",50m,"Bicep Curl (Barbell)",3,30.0,8.0,0,0.0,
2026-03-29 11:12:59,"Push (1)",54m,"Bench Press (Barbell)",W,40.0,8.0,0,0.0,
2026-03-29 11:12:59,"Push (1)",54m,"Bench Press (Barbell)",1,60.0,6.0,0,0.0,
2026-03-29 11:12:59,"Push (1)",54m,"Bench Press (Barbell)",2,80.0,5.0,0,0.0,
2026-03-29 11:12:59,"Push (1)",54m,"Bench Press (Barbell)",3,80.0,5.0,0,0.0,
2026-03-29 11:12:59,"Push (1)",54m,"Bench Press (Barbell)",4,75.0,6.0,0,0.0,
2026-03-29 11:12:59,"Push (1)",54m,"Bench Press (Barbell)",5,65.0,8.0,0,0.0,
2026-03-29 11:12:59,"Push (1)",54m,"Overhead Press (Barbell)",1,20.0,10.0,0,0.0,
2026-03-29 11:12:59,"Push (1)",54m,"Overhead Press (Barbell)",2,45.0,8.0,0,0.0,
2026-03-29 11:12:59,"Push (1)",54m,"Overhead Press (Barbell)",3,45.0,8.0,0,0.0,
2026-03-29 11:12:59,"Push (1)",54m,"Overhead Press (Barbell)",4,45.0,8.0,0,0.0,
2026-03-29 11:12:59,"Push (1)",54m,"Incline Bench Press (Dumbbell)",1,24.0,9.0,0,0.0,
2026-03-29 11:12:59,"Push (1)",54m,"Incline Bench Press (Dumbbell)",2,24.0,9.0,0,0.0,
2026-03-29 11:12:59,"Push (1)",54m,"Incline Bench Press (Dumbbell)",3,24.0,8.0,0,0.0,
2026-03-29 11:12:59,"Push (1)",54m,"Lateral Raise (Dumbbell)",1,7.0,16.0,0,0.0,
2026-03-29 11:12:59,"Push (1)",54m,"Lateral Raise (Dumbbell)",2,7.0,16.0,0,0.0,
2026-03-29 11:12:59,"Push (1)",54m,"Lateral Raise (Dumbbell)",3,7.0,16.0,0,0.0,
2026-03-29 11:12:59,"Push (1)",54m,"Triceps Extension",1,17.5,12.0,0,0.0,
2026-03-29 11:12:59,"Push (1)",54m,"Triceps Extension",2,17.5,12.0,0,0.0,
2026-03-29 11:12:59,"Push (1)",54m,"Triceps Extension",3,17.5,12.0,0,0.0,
2026-03-30 10:37:04,"Pull (1)",54m,"Bent Over Row (Barbell)",1,40.0,12.0,0,0.0,
2026-03-30 10:37:04,"Pull (1)",54m,"Bent Over Row (Barbell)",2,60.0,10.0,0,0.0,
2026-03-30 10:37:04,"Pull (1)",54m,"Bent Over Row (Barbell)",3,60.0,10.0,0,0.0,
2026-03-30 10:37:04,"Pull (1)",54m,"Bent Over Row (Barbell)",4,62.5,8.0,0,0.0,
2026-03-30 10:37:04,"Pull (1)",54m,"Pull Up",1,10.0,8.0,0,0.0,
2026-03-30 10:37:04,"Pull (1)",54m,"Pull Up",2,10.0,8.0,0,0.0,
2026-03-30 10:37:04,"Pull (1)",54m,"Pull Up",3,10.0,8.0,0,0.0,
2026-03-30 10:37:04,"Pull (1)",54m,"Face Pull (Cable)",1,17.5,12.0,0,0.0,
2026-03-30 10:37:04,"Pull (1)",54m,"Face Pull (Cable)",2,21.0,12.0,0,0.0,
2026-03-30 10:37:04,"Pull (1)",54m,"Face Pull (Cable)",3,21.0,12.0,0,0.0,
2026-03-30 10:37:04,"Pull (1)",54m,"Face Pull (Cable)",4,21.0,12.0,0,0.0,
2026-03-30 10:37:04,"Pull (1)",54m,"Face Pull (Cable)",5,21.0,12.0,0,0.0,
2026-03-30 10:37:04,"Pull (1)",54m,"Bicep Curl (Barbell)",1,30.0,8.0,0,0.0,
2026-03-30 10:37:04,"Pull (1)",54m,"Bicep Curl (Barbell)",2,30.0,8.0,0,0.0,
2026-03-30 10:37:04,"Pull (1)",54m,"Bicep Curl (Barbell)",3,30.0,8.0,0,0.0,
2026-03-30 10:37:04,"Pull (1)",54m,"Hammer Curl (Dumbbell)",1,16.0,9.0,0,0.0,
2026-03-30 10:37:04,"Pull (1)",54m,"Hammer Curl (Dumbbell)",2,16.0,9.0,0,0.0,
2026-03-30 10:37:04,"Pull (1)",54m,"Hammer Curl (Dumbbell)",3,16.0,9.0,0,0.0,
2026-04-02 11:05:05,"Push (1)",45m,"Bench Press (Barbell)",W,40.0,8.0,0,0.0,
2026-04-02 11:05:05,"Push (1)",45m,"Bench Press (Barbell)",1,60.0,6.0,0,0.0,
2026-04-02 11:05:05,"Push (1)",45m,"Bench Press (Barbell)",2,80.0,5.0,0,0.0,
2026-04-02 11:05:05,"Push (1)",45m,"Bench Press (Barbell)",3,70.0,8.0,0,0.0,
2026-04-02 11:05:05,"Push (1)",45m,"Bench Press (Barbell)",4,70.0,7.0,0,0.0,
2026-04-02 11:05:05,"Push (1)",45m,"Arnold Press (Dumbbell)",1,20.0,10.0,0,0.0,
2026-04-02 11:05:05,"Push (1)",45m,"Arnold Press (Dumbbell)",2,20.0,10.0,0,0.0,
2026-04-02 11:05:05,"Push (1)",45m,"Arnold Press (Dumbbell)",3,20.0,10.0,0,0.0,
2026-04-02 11:05:05,"Push (1)",45m,"Incline Chest Press (Machine)",1,60.0,8.0,0,0.0,
2026-04-02 11:05:05,"Push (1)",45m,"Incline Chest Press (Machine)",2,60.0,8.0,0,0.0,
2026-04-02 11:05:05,"Push (1)",45m,"Incline Chest Press (Machine)",3,60.0,7.0,0,0.0,
2026-04-02 11:05:05,"Push (1)",45m,"Lateral Raise (Dumbbell)",1,7.0,15.0,0,0.0,
2026-04-02 11:05:05,"Push (1)",45m,"Lateral Raise (Dumbbell)",2,7.0,15.0,0,0.0,
2026-04-02 11:05:05,"Push (1)",45m,"Lateral Raise (Dumbbell)",3,7.0,15.0,0,0.0,
2026-04-02 11:05:05,"Push (1)",45m,"Triceps Dip",1,0.0,12.0,0,0.0,
2026-04-02 11:05:05,"Push (1)",45m,"Triceps Dip",2,0.0,12.0,0,0.0,
2026-04-02 11:05:05,"Push (1)",45m,"Triceps Dip",3,0.0,15.0,0,0.0,
2026-04-03 10:53:52,"Pull (1)",50m,"Bent Over Row (Barbell)",1,40.0,12.0,0,0.0,
2026-04-03 10:53:52,"Pull (1)",50m,"Bent Over Row (Barbell)",2,60.0,10.0,0,0.0,
2026-04-03 10:53:52,"Pull (1)",50m,"Bent Over Row (Barbell)",3,60.0,10.0,0,0.0,
2026-04-03 10:53:52,"Pull (1)",50m,"Bent Over Row (Barbell)",4,60.0,10.0,0,0.0,
2026-04-03 10:53:52,"Pull (1)",50m,"Lat Pulldown (Cable)",1,67.0,10.0,0,0.0,
2026-04-03 10:53:52,"Pull (1)",50m,"Lat Pulldown (Cable)",2,67.0,10.0,0,0.0,
2026-04-03 10:53:52,"Pull (1)",50m,"Lat Pulldown (Cable)",3,67.0,9.0,0,0.0,
2026-04-03 10:53:52,"Pull (1)",50m,"Face Pull (Cable)",1,21.0,10.0,0,0.0,
2026-04-03 10:53:52,"Pull (1)",50m,"Face Pull (Cable)",2,21.0,10.0,0,0.0,
2026-04-03 10:53:52,"Pull (1)",50m,"Face Pull (Cable)",3,21.0,10.0,0,0.0,
2026-04-03 10:53:52,"Pull (1)",50m,"Face Pull (Cable)",4,21.0,10.0,0,0.0,
2026-04-03 10:53:52,"Pull (1)",50m,"Face Pull (Cable)",5,21.0,10.0,0,0.0,
2026-04-03 10:53:52,"Pull (1)",50m,"Bicep Curl (Barbell)",1,30.0,8.0,0,0.0,
2026-04-03 10:53:52,"Pull (1)",50m,"Bicep Curl (Barbell)",2,30.0,8.0,0,0.0,
2026-04-03 10:53:52,"Pull (1)",50m,"Bicep Curl (Barbell)",3,26.0,8.0,0,0.0,
2026-04-03 10:53:52,"Pull (1)",50m,"Hammer Curl (Dumbbell)",1,14.0,10.0,0,0.0,
2026-04-03 10:53:52,"Pull (1)",50m,"Hammer Curl (Dumbbell)",2,14.0,10.0,0,0.0,
2026-04-03 10:53:52,"Pull (1)",50m,"Hammer Curl (Dumbbell)",3,14.0,10.0,0,0.0,
2026-04-04 10:46:01,"Legs",1h 2m,"Squat (Barbell)",1,40.0,8.0,0,0.0,
2026-04-04 10:46:01,"Legs",1h 2m,"Squat (Barbell)",2,70.0,5.0,0,0.0,
2026-04-04 10:46:01,"Legs",1h 2m,"Squat (Barbell)",3,75.0,5.0,0,0.0,
2026-04-04 10:46:01,"Legs",1h 2m,"Squat (Barbell)",4,75.0,8.0,0,0.0,
2026-04-04 10:46:01,"Legs",1h 2m,"Romanian Deadlift (Barbell)",W,20.0,8.0,0,0.0,
2026-04-04 10:46:01,"Legs",1h 2m,"Romanian Deadlift (Barbell)",1,60.0,8.0,0,0.0,
2026-04-04 10:46:01,"Legs",1h 2m,"Romanian Deadlift (Barbell)",2,70.0,8.0,0,0.0,
2026-04-04 10:46:01,"Legs",1h 2m,"Romanian Deadlift (Barbell)",3,70.0,8.0,0,0.0,
2026-04-04 10:46:01,"Legs",1h 2m,"Bulgarian Split Squat",1,10.0,10.0,0,0.0,
2026-04-04 10:46:01,"Legs",1h 2m,"Bulgarian Split Squat",2,10.0,10.0,0,0.0,
2026-04-04 10:46:01,"Legs",1h 2m,"Bulgarian Split Squat",3,10.0,8.0,0,0.0,
2026-04-04 10:46:01,"Legs",1h 2m,"Kneeling Leg Curl",1,10.0,10.0,0,0.0,
2026-04-04 10:46:01,"Legs",1h 2m,"Kneeling Leg Curl",2,10.0,8.0,0,0.0,
2026-04-04 10:46:01,"Legs",1h 2m,"Kneeling Leg Curl",3,7.5,10.0,0,0.0,
2026-04-04 10:46:01,"Legs",1h 2m,"Seated Calf Raise (Plate Loaded)",1,40.0,15.0,0,0.0,
2026-04-04 10:46:01,"Legs",1h 2m,"Seated Calf Raise (Plate Loaded)",2,40.0,15.0,0,0.0,
2026-04-04 10:46:01,"Legs",1h 2m,"Seated Calf Raise (Plate Loaded)",3,40.0,15.0,0,0.0,
2026-04-04 10:46:01,"Legs",1h 2m,"Seated Calf Raise (Plate Loaded)",4,40.0,15.0,0,0.0,
2026-04-04 10:46:01,"Legs",1h 2m,"Seated Calf Raise (Plate Loaded)",5,40.0,15.0,0,0.0,
2026-04-05 10:11:40,"Push (1)",57m,"Bench Press (Barbell)",W,40.0,8.0,0,0.0,
2026-04-05 10:11:40,"Push (1)",57m,"Bench Press (Barbell)",1,60.0,6.0,0,0.0,
2026-04-05 10:11:40,"Push (1)",57m,"Bench Press (Barbell)",2,80.0,5.0,0,0.0,
2026-04-05 10:11:40,"Push (1)",57m,"Bench Press (Barbell)",3,80.0,5.0,0,0.0,
2026-04-05 10:11:40,"Push (1)",57m,"Bench Press (Barbell)",4,75.0,5.0,0,0.0,
2026-04-05 10:11:40,"Push (1)",57m,"Bench Press (Barbell)",5,65.0,8.0,0,0.0,
2026-04-05 10:11:40,"Push (1)",57m,"Overhead Press (Barbell)",1,20.0,10.0,0,0.0,
2026-04-05 10:11:40,"Push (1)",57m,"Overhead Press (Barbell)",2,45.0,8.0,0,0.0,
2026-04-05 10:11:40,"Push (1)",57m,"Overhead Press (Barbell)",3,45.0,8.0,0,0.0,
2026-04-05 10:11:40,"Push (1)",57m,"Overhead Press (Barbell)",4,45.0,6.0,0,0.0,
2026-04-05 10:11:40,"Push (1)",57m,"Incline Bench Press (Dumbbell)",1,26.0,8.0,0,0.0,
2026-04-05 10:11:40,"Push (1)",57m,"Incline Bench Press (Dumbbell)",2,26.0,8.0,0,0.0,
2026-04-05 10:11:40,"Push (1)",57m,"Incline Bench Press (Dumbbell)",3,22.0,10.0,0,0.0,
2026-04-05 10:11:40,"Push (1)",57m,"Lateral Raise (Dumbbell)",1,7.0,16.0,0,0.0,
2026-04-05 10:11:40,"Push (1)",57m,"Lateral Raise (Dumbbell)",2,7.0,16.0,0,0.0,
2026-04-05 10:11:40,"Push (1)",57m,"Lateral Raise (Dumbbell)",3,7.0,16.0,0,0.0,
2026-04-05 10:11:40,"Push (1)",57m,"Triceps Extension",1,17.5,15.0,0,0.0,
2026-04-05 10:11:40,"Push (1)",57m,"Triceps Extension",2,21.0,8.0,0,0.0,
2026-04-05 10:11:40,"Push (1)",57m,"Triceps Extension",3,17.5,12.0,0,0.0,
2026-04-06 17:23:45,"Pull (1)",1h 4m,"Landmine Row",W,20.0,10.0,0,0.0,
2026-04-06 17:23:45,"Pull (1)",1h 4m,"Landmine Row",1,40.0,10.0,0,0.0,
2026-04-06 17:23:45,"Pull (1)",1h 4m,"Landmine Row",2,50.0,10.0,0,0.0,
2026-04-06 17:23:45,"Pull (1)",1h 4m,"Landmine Row",3,60.0,8.0,0,0.0,
2026-04-06 17:23:45,"Pull (1)",1h 4m,"Landmine Row",4,60.0,8.0,0,0.0,
2026-04-06 17:23:45,"Pull (1)",1h 4m,"Pull Up",1,10.0,8.0,0,0.0,
2026-04-06 17:23:45,"Pull (1)",1h 4m,"Pull Up",2,10.0,8.0,0,0.0,
2026-04-06 17:23:45,"Pull (1)",1h 4m,"Pull Up",3,5.0,8.0,0,0.0,
2026-04-06 17:23:45,"Pull (1)",1h 4m,"Pull Up",4,0.0,6.0,0,0.0,
2026-04-06 17:23:45,"Pull (1)",1h 4m,"Face Pull (Cable)",1,17.5,12.0,0,0.0,
2026-04-06 17:23:45,"Pull (1)",1h 4m,"Face Pull (Cable)",2,21.0,12.0,0,0.0,
2026-04-06 17:23:45,"Pull (1)",1h 4m,"Face Pull (Cable)",3,21.0,12.0,0,0.0,
2026-04-06 17:23:45,"Pull (1)",1h 4m,"Face Pull (Cable)",4,21.0,12.0,0,0.0,
2026-04-06 17:23:45,"Pull (1)",1h 4m,"Face Pull (Cable)",5,21.0,12.0,0,0.0,
2026-04-06 17:23:45,"Pull (1)",1h 4m,"Bicep Curl (Barbell)",1,30.0,8.0,0,0.0,
2026-04-06 17:23:45,"Pull (1)",1h 4m,"Bicep Curl (Barbell)",2,30.0,8.0,0,0.0,
2026-04-06 17:23:45,"Pull (1)",1h 4m,"Bicep Curl (Barbell)",3,30.0,6.0,0,0.0,
2026-04-06 17:23:45,"Pull (1)",1h 4m,"Hammer Curl (Dumbbell)",1,16.0,10.0,0,0.0,
2026-04-06 17:23:45,"Pull (1)",1h 4m,"Hammer Curl (Dumbbell)",2,16.0,10.0,0,0.0,
2026-04-06 17:23:45,"Pull (1)",1h 4m,"Hammer Curl (Dumbbell)",3,16.0,10.0,0,0.0,
2026-04-09 16:19:48,"Push (1)",1h 2m,"Bench Press (Barbell)",W,40.0,8.0,0,0.0,
2026-04-09 16:19:48,"Push (1)",1h 2m,"Bench Press (Barbell)",1,60.0,6.0,0,0.0,
2026-04-09 16:19:48,"Push (1)",1h 2m,"Bench Press (Barbell)",2,80.0,5.0,0,0.0,
2026-04-09 16:19:48,"Push (1)",1h 2m,"Bench Press (Barbell)",3,80.0,5.0,0,0.0,
2026-04-09 16:19:48,"Push (1)",1h 2m,"Bench Press (Barbell)",4,80.0,5.0,0,0.0,
2026-04-09 16:19:48,"Push (1)",1h 2m,"Bench Press (Barbell)",5,65.0,8.0,0,0.0,
2026-04-09 16:19:48,"Push (1)",1h 2m,"Overhead Press (Barbell)",1,20.0,10.0,0,0.0,
2026-04-09 16:19:48,"Push (1)",1h 2m,"Overhead Press (Barbell)",2,45.0,8.0,0,0.0,
2026-04-09 16:19:48,"Push (1)",1h 2m,"Overhead Press (Barbell)",3,45.0,7.0,0,0.0,
2026-04-09 16:19:48,"Push (1)",1h 2m,"Overhead Press (Barbell)",4,45.0,7.0,0,0.0,
2026-04-09 16:19:48,"Push (1)",1h 2m,"Incline Bench Press (Dumbbell)",1,26.0,8.0,0,0.0,
2026-04-09 16:19:48,"Push (1)",1h 2m,"Incline Bench Press (Dumbbell)",2,24.0,8.0,0,0.0,
2026-04-09 16:19:48,"Push (1)",1h 2m,"Incline Bench Press (Dumbbell)",3,24.0,8.0,0,0.0,
2026-04-09 16:19:48,"Push (1)",1h 2m,"Lateral Raise (Dumbbell)",1,7.0,17.0,0,0.0,
2026-04-09 16:19:48,"Push (1)",1h 2m,"Lateral Raise (Dumbbell)",2,7.0,17.0,0,0.0,
2026-04-09 16:19:48,"Push (1)",1h 2m,"Lateral Raise (Dumbbell)",3,7.0,17.0,0,0.0,
2026-04-09 16:19:48,"Push (1)",1h 2m,"Triceps Extension",1,21.0,12.0,0,0.0,
2026-04-09 16:19:48,"Push (1)",1h 2m,"Triceps Extension",2,21.0,10.0,0,0.0,
2026-04-09 16:19:48,"Push (1)",1h 2m,"Triceps Extension",3,21.0,10.0,0,0.0,
2026-04-10 12:28:04,"Pull (1)",39m,"Landmine Row",W,20.0,10.0,0,0.0,
2026-04-10 12:28:04,"Pull (1)",39m,"Landmine Row",1,40.0,10.0,0,0.0,
2026-04-10 12:28:04,"Pull (1)",39m,"Landmine Row",2,60.0,8.0,0,0.0,
2026-04-10 12:28:04,"Pull (1)",39m,"Landmine Row",3,60.0,8.0,0,0.0,
2026-04-10 12:28:04,"Pull (1)",39m,"Landmine Row",4,60.0,8.0,0,0.0,
2026-04-10 12:28:04,"Pull (1)",39m,"Pull Up",1,10.0,8.0,0,0.0,
2026-04-10 12:28:04,"Pull (1)",39m,"Pull Up",2,10.0,8.0,0,0.0,
2026-04-10 12:28:04,"Pull (1)",39m,"Pull Up",3,10.0,4.0,0,0.0,
2026-04-10 12:28:04,"Pull (1)",39m,"Pull Up",4,0.0,4.0,0,0.0,
2026-04-10 12:28:04,"Pull (1)",39m,"Face Pull (Cable)",1,17.5,10.0,0,0.0,
2026-04-10 12:28:04,"Pull (1)",39m,"Face Pull (Cable)",2,17.5,10.0,0,0.0,
2026-04-10 12:28:04,"Pull (1)",39m,"Face Pull (Cable)",3,17.5,10.0,0,0.0,
2026-04-10 12:28:04,"Pull (1)",39m,"Face Pull (Cable)",4,17.5,10.0,0,0.0,
2026-04-10 12:28:04,"Pull (1)",39m,"Face Pull (Cable)",5,17.5,10.0,0,0.0,
2026-04-10 12:28:04,"Pull (1)",39m,"Bicep Curl (Dumbbell)",1,12.0,8.0,0,0.0,
2026-04-10 12:28:04,"Pull (1)",39m,"Bicep Curl (Dumbbell)",2,12.0,8.0,0,0.0,
2026-04-10 12:28:04,"Pull (1)",39m,"Bicep Curl (Dumbbell)",3,12.0,8.0,0,0.0,
2026-04-11 10:57:28,"Legs",55m,"Squat (Barbell)",1,40.0,8.0,0,0.0,
2026-04-11 10:57:28,"Legs",55m,"Squat (Barbell)",2,75.0,5.0,0,0.0,
2026-04-11 10:57:28,"Legs",55m,"Squat (Barbell)",3,80.0,5.0,0,0.0,
2026-04-11 10:57:28,"Legs",55m,"Squat (Barbell)",4,80.0,5.0,0,0.0,
2026-04-11 10:57:28,"Legs",55m,"Romanian Deadlift (Barbell)",W,20.0,8.0,0,0.0,
2026-04-11 10:57:28,"Legs",55m,"Romanian Deadlift (Barbell)",1,70.0,8.0,0,0.0,
2026-04-11 10:57:28,"Legs",55m,"Romanian Deadlift (Barbell)",2,70.0,8.0,0,0.0,
2026-04-11 10:57:28,"Legs",55m,"Romanian Deadlift (Barbell)",3,75.0,8.0,0,0.0,
2026-04-11 10:57:28,"Legs",55m,"Bulgarian Split Squat",1,10.0,8.0,0,0.0,
2026-04-11 10:57:28,"Legs",55m,"Bulgarian Split Squat",2,10.0,8.0,0,0.0,
2026-04-11 10:57:28,"Legs",55m,"Bulgarian Split Squat",3,10.0,8.0,0,0.0,
2026-04-11 10:57:28,"Legs",55m,"Kneeling Leg Curl",1,10.0,8.0,0,0.0,
2026-04-11 10:57:28,"Legs",55m,"Kneeling Leg Curl",2,10.0,8.0,0,0.0,
2026-04-11 10:57:28,"Legs",55m,"Kneeling Leg Curl",3,10.0,8.0,0,0.0,
2026-04-11 10:57:28,"Legs",55m,"Seated Calf Raise (Plate Loaded)",1,40.0,15.0,0,0.0,
2026-04-11 10:57:28,"Legs",55m,"Seated Calf Raise (Plate Loaded)",2,40.0,15.0,0,0.0,
2026-04-11 10:57:28,"Legs",55m,"Seated Calf Raise (Plate Loaded)",3,40.0,15.0,0,0.0,
2026-04-11 10:57:28,"Legs",55m,"Seated Calf Raise (Plate Loaded)",4,30.0,15.0,0,0.0,
2026-04-11 10:57:28,"Legs",55m,"Seated Calf Raise (Plate Loaded)",5,30.0,15.0,0,0.0,
2026-04-12 10:57:56,"Push (1)",58m,"Bench Press (Barbell)",W,40.0,8.0,0,0.0,
2026-04-12 10:57:56,"Push (1)",58m,"Bench Press (Barbell)",1,60.0,6.0,0,0.0,
2026-04-12 10:57:56,"Push (1)",58m,"Bench Press (Barbell)",2,80.0,5.0,0,0.0,
2026-04-12 10:57:56,"Push (1)",58m,"Bench Press (Barbell)",3,80.0,5.0,0,0.0,
2026-04-12 10:57:56,"Push (1)",58m,"Bench Press (Barbell)",4,80.0,5.0,0,0.0,
2026-04-12 10:57:56,"Push (1)",58m,"Bench Press (Barbell)",5,70.0,6.0,0,0.0,
2026-04-12 10:57:56,"Push (1)",58m,"Arnold Press (Dumbbell)",1,22.0,10.0,0,0.0,
2026-04-12 10:57:56,"Push (1)",58m,"Arnold Press (Dumbbell)",2,22.0,10.0,0,0.0,
2026-04-12 10:57:56,"Push (1)",58m,"Arnold Press (Dumbbell)",3,22.0,8.0,0,0.0,
2026-04-12 10:57:56,"Push (1)",58m,"Incline Bench Press (Dumbbell)",1,22.0,10.0,0,0.0,
2026-04-12 10:57:56,"Push (1)",58m,"Incline Bench Press (Dumbbell)",2,22.0,10.0,0,0.0,
2026-04-12 10:57:56,"Push (1)",58m,"Incline Bench Press (Dumbbell)",3,22.0,10.0,0,0.0,
2026-04-12 10:57:56,"Push (1)",58m,"Lateral Raise (Dumbbell)",1,7.0,15.0,0,0.0,
2026-04-12 10:57:56,"Push (1)",58m,"Lateral Raise (Dumbbell)",2,7.0,15.0,0,0.0,
2026-04-12 10:57:56,"Push (1)",58m,"Lateral Raise (Dumbbell)",3,7.0,17.0,0,0.0,
2026-04-12 10:57:56,"Push (1)",58m,"Triceps Extension",1,21.0,10.0,0,0.0,
2026-04-12 10:57:56,"Push (1)",58m,"Triceps Extension",2,17.5,10.0,0,0.0,
2026-04-12 10:57:56,"Push (1)",58m,"Triceps Extension",3,17.5,10.0,0,0.0,
2026-04-13 11:04:34,"Pull (1)",1h 3m,"Bent Over Row (Barbell)",1,40.0,12.0,0,0.0,
2026-04-13 11:04:34,"Pull (1)",1h 3m,"Bent Over Row (Barbell)",2,60.0,10.0,0,0.0,
2026-04-13 11:04:34,"Pull (1)",1h 3m,"Bent Over Row (Barbell)",3,60.0,8.0,0,0.0,
2026-04-13 11:04:34,"Pull (1)",1h 3m,"Bent Over Row (Barbell)",4,60.0,8.0,0,0.0,
2026-04-13 11:04:34,"Pull (1)",1h 3m,"Pull Up",1,0.0,8.0,0,0.0,
2026-04-13 11:04:34,"Pull (1)",1h 3m,"Pull Up",2,0.0,8.0,0,0.0,
2026-04-13 11:04:34,"Pull (1)",1h 3m,"Pull Up",3,0.0,8.0,0,0.0,
2026-04-13 11:04:34,"Pull (1)",1h 3m,"Face Pull (Cable)",1,17.5,10.0,0,0.0,
2026-04-13 11:04:34,"Pull (1)",1h 3m,"Face Pull (Cable)",2,17.5,10.0,0,0.0,
2026-04-13 11:04:34,"Pull (1)",1h 3m,"Face Pull (Cable)",3,17.5,12.0,0,0.0,
2026-04-13 11:04:34,"Pull (1)",1h 3m,"Face Pull (Cable)",4,17.5,12.0,0,0.0,
2026-04-13 11:04:34,"Pull (1)",1h 3m,"Face Pull (Cable)",5,17.5,12.0,0,0.0,
2026-04-13 11:04:34,"Pull (1)",1h 3m,"Bicep Curl (Barbell)",1,30.0,8.0,0,0.0,
2026-04-13 11:04:34,"Pull (1)",1h 3m,"Bicep Curl (Barbell)",2,30.0,8.0,0,0.0,
2026-04-13 11:04:34,"Pull (1)",1h 3m,"Bicep Curl (Barbell)",3,30.0,7.0,0,0.0,
2026-04-13 11:04:34,"Pull (1)",1h 3m,"Hammer Curl (Dumbbell)",1,16.0,8.0,0,0.0,
2026-04-13 11:04:34,"Pull (1)",1h 3m,"Hammer Curl (Dumbbell)",2,16.0,8.0,0,0.0,
2026-04-13 11:04:34,"Pull (1)",1h 3m,"Hammer Curl (Dumbbell)",3,16.0,8.0,0,0.0,
2026-04-16 17:25:19,"Upper Body (1)",1h 18m,"Bench Press (Barbell)",W,40.0,8.0,0,0.0,
2026-04-16 17:25:19,"Upper Body (1)",1h 18m,"Bench Press (Barbell)",1,60.0,6.0,0,0.0,
2026-04-16 17:25:19,"Upper Body (1)",1h 18m,"Bench Press (Barbell)",2,80.0,5.0,0,0.0,
2026-04-16 17:25:19,"Upper Body (1)",1h 18m,"Bench Press (Barbell)",3,80.0,5.0,0,0.0,
2026-04-16 17:25:19,"Upper Body (1)",1h 18m,"Bench Press (Barbell)",4,80.0,5.0,0,0.0,
2026-04-16 17:25:19,"Upper Body (1)",1h 18m,"Iso-Lateral Row (Machine)",1,40.0,10.0,0,0.0,
2026-04-16 17:25:19,"Upper Body (1)",1h 18m,"Iso-Lateral Row (Machine)",2,50.0,8.0,0,0.0,
2026-04-16 17:25:19,"Upper Body (1)",1h 18m,"Iso-Lateral Row (Machine)",3,55.0,8.0,0,0.0,
2026-04-16 17:25:19,"Upper Body (1)",1h 18m,"Iso-Lateral Row (Machine)",4,50.0,10.0,0,0.0,
2026-04-16 17:25:19,"Upper Body (1)",1h 18m,"Incline Bench Press (Dumbbell)",1,22.0,10.0,0,0.0,
2026-04-16 17:25:19,"Upper Body (1)",1h 18m,"Incline Bench Press (Dumbbell)",2,22.0,12.0,0,0.0,
2026-04-16 17:25:19,"Upper Body (1)",1h 18m,"Incline Bench Press (Dumbbell)",3,22.0,12.0,0,0.0,
2026-04-16 17:25:19,"Upper Body (1)",1h 18m,"Pull Up",1,0.0,8.0,0,0.0,
2026-04-16 17:25:19,"Upper Body (1)",1h 18m,"Pull Up",2,0.0,8.0,0,0.0,
2026-04-16 17:25:19,"Upper Body (1)",1h 18m,"Pull Up",3,0.0,7.0,0,0.0,
2026-04-16 17:25:19,"Upper Body (1)",1h 18m,"Lateral Raise (Dumbbell)",1,7.0,17.0,0,0.0,
2026-04-16 17:25:19,"Upper Body (1)",1h 18m,"Lateral Raise (Dumbbell)",2,7.0,17.0,0,0.0,
2026-04-16 17:25:19,"Upper Body (1)",1h 18m,"Lateral Raise (Dumbbell)",3,7.0,15.0,0,0.0,
2026-04-16 17:25:19,"Upper Body (1)",1h 18m,"Bicep Curl (Cable)",1,12.5,8.0,0,0.0,
2026-04-16 17:25:19,"Upper Body (1)",1h 18m,"Bicep Curl (Cable)",2,12.5,8.0,0,0.0,
2026-04-16 17:25:19,"Upper Body (1)",1h 18m,"Bicep Curl (Cable)",3,12.5,8.0,0,0.0,
2026-04-16 17:25:19,"Upper Body (1)",1h 18m,"One Handed Triceps Pull",1,10.0,10.0,0,0.0,
2026-04-16 17:25:19,"Upper Body (1)",1h 18m,"One Handed Triceps Pull",2,10.0,12.0,0,0.0,
2026-04-16 17:25:19,"Upper Body (1)",1h 18m,"One Handed Triceps Pull",3,10.0,12.0,0,0.0,
2026-04-19 10:03:11,"Push (1)",57m,"Bench Press (Barbell)",W,40.0,8.0,0,0.0,
2026-04-19 10:03:11,"Push (1)",57m,"Bench Press (Barbell)",1,60.0,6.0,0,0.0,
2026-04-19 10:03:11,"Push (1)",57m,"Bench Press (Barbell)",2,80.0,5.0,0,0.0,
2026-04-19 10:03:11,"Push (1)",57m,"Bench Press (Barbell)",3,80.0,5.0,0,0.0,
2026-04-19 10:03:11,"Push (1)",57m,"Bench Press (Barbell)",4,80.0,5.0,0,0.0,
2026-04-19 10:03:11,"Push (1)",57m,"Bench Press (Barbell)",5,70.0,6.0,0,0.0,
2026-04-19 10:03:11,"Push (1)",57m,"Overhead Press (Barbell)",1,20.0,10.0,0,0.0,
2026-04-19 10:03:11,"Push (1)",57m,"Overhead Press (Barbell)",2,45.0,8.0,0,0.0,
2026-04-19 10:03:11,"Push (1)",57m,"Overhead Press (Barbell)",3,45.0,8.0,0,0.0,
2026-04-19 10:03:11,"Push (1)",57m,"Overhead Press (Barbell)",4,45.0,6.0,0,0.0,
2026-04-19 10:03:11,"Push (1)",57m,"Incline Chest Press (Machine)",1,60.0,9.0,0,0.0,
2026-04-19 10:03:11,"Push (1)",57m,"Incline Chest Press (Machine)",2,60.0,9.0,0,0.0,
2026-04-19 10:03:11,"Push (1)",57m,"Incline Chest Press (Machine)",3,60.0,7.0,0,0.0,
2026-04-19 10:03:11,"Push (1)",57m,"Lateral Raise (Dumbbell)",1,7.0,15.0,0,0.0,
2026-04-19 10:03:11,"Push (1)",57m,"Lateral Raise (Dumbbell)",2,7.0,15.0,0,0.0,
2026-04-19 10:03:11,"Push (1)",57m,"Lateral Raise (Dumbbell)",3,7.0,15.0,0,0.0,
2026-04-19 10:03:11,"Push (1)",57m,"Triceps Dip",1,10.0,10.0,0,0.0,
2026-04-19 10:03:11,"Push (1)",57m,"Triceps Dip",2,10.0,10.0,0,0.0,
2026-04-19 10:03:11,"Push (1)",57m,"Triceps Dip",3,10.0,10.0,0,0.0,
2026-04-20 17:41:22,"Pull (1)",1h 4m,"Iso-Lateral Row (Machine)",1,40.0,10.0,0,0.0,
2026-04-20 17:41:22,"Pull (1)",1h 4m,"Iso-Lateral Row (Machine)",2,50.0,8.0,0,0.0,
2026-04-20 17:41:22,"Pull (1)",1h 4m,"Iso-Lateral Row (Machine)",3,55.0,8.0,0,0.0,
2026-04-20 17:41:22,"Pull (1)",1h 4m,"Iso-Lateral Row (Machine)",4,55.0,8.0,0,0.0,
2026-04-20 17:41:22,"Pull (1)",1h 4m,"Pull Up",1,5.0,8.0,0,0.0,
2026-04-20 17:41:22,"Pull (1)",1h 4m,"Pull Up",2,5.0,8.0,0,0.0,
2026-04-20 17:41:22,"Pull (1)",1h 4m,"Pull Up",3,5.0,6.0,0,0.0,
2026-04-20 17:41:22,"Pull (1)",1h 4m,"Pull Up",4,0.0,2.0,0,0.0,
2026-04-20 17:41:22,"Pull (1)",1h 4m,"Face Pull (Cable)",1,17.5,12.0,0,0.0,
2026-04-20 17:41:22,"Pull (1)",1h 4m,"Face Pull (Cable)",2,17.5,12.0,0,0.0,
2026-04-20 17:41:22,"Pull (1)",1h 4m,"Face Pull (Cable)",3,17.5,12.0,0,0.0,
2026-04-20 17:41:22,"Pull (1)",1h 4m,"Face Pull (Cable)",4,17.5,12.0,0,0.0,
2026-04-20 17:41:22,"Pull (1)",1h 4m,"Face Pull (Cable)",5,17.5,12.0,0,0.0,
2026-04-20 17:41:22,"Pull (1)",1h 4m,"Bicep Curl (Barbell)",1,30.0,8.0,0,0.0,
2026-04-20 17:41:22,"Pull (1)",1h 4m,"Bicep Curl (Barbell)",2,30.0,8.0,0,0.0,
2026-04-20 17:41:22,"Pull (1)",1h 4m,"Bicep Curl (Barbell)",3,30.0,8.0,0,0.0,
2026-04-20 17:41:22,"Pull (1)",1h 4m,"Hammer Curl (Dumbbell)",1,16.0,8.0,0,0.0,
2026-04-20 17:41:22,"Pull (1)",1h 4m,"Hammer Curl (Dumbbell)",2,16.0,8.0,0,0.0,
2026-04-20 17:41:22,"Pull (1)",1h 4m,"Hammer Curl (Dumbbell)",3,16.0,8.0,0,0.0,
2026-04-23 10:57:55,"Push (1)",48m,"Bench Press (Barbell)",W,40.0,8.0,0,0.0,
2026-04-23 10:57:55,"Push (1)",48m,"Bench Press (Barbell)",1,60.0,6.0,0,0.0,
2026-04-23 10:57:55,"Push (1)",48m,"Bench Press (Barbell)",2,80.0,5.0,0,0.0,
2026-04-23 10:57:55,"Push (1)",48m,"Bench Press (Barbell)",3,80.0,5.0,0,0.0,
2026-04-23 10:57:55,"Push (1)",48m,"Bench Press (Barbell)",4,80.0,5.0,0,0.0,
2026-04-23 10:57:55,"Push (1)",48m,"Bench Press (Barbell)",5,60.0,8.0,0,0.0,
2026-04-23 10:57:55,"Push (1)",48m,"Shoulder Press (Plate Loaded)",1,40.0,6.0,0,0.0,
2026-04-23 10:57:55,"Push (1)",48m,"Shoulder Press (Plate Loaded)",2,40.0,7.0,0,0.0,
2026-04-23 10:57:55,"Push (1)",48m,"Shoulder Press (Plate Loaded)",3,40.0,7.0,0,0.0,
2026-04-23 10:57:55,"Push (1)",48m,"Incline Chest Press (Machine)",1,60.0,8.0,0,0.0,
2026-04-23 10:57:55,"Push (1)",48m,"Incline Chest Press (Machine)",2,60.0,8.0,0,0.0,
2026-04-23 10:57:55,"Push (1)",48m,"Incline Chest Press (Machine)",3,60.0,7.0,0,0.0,
2026-04-23 10:57:55,"Push (1)",48m,"Lateral Raise (Dumbbell)",1,6.0,20.0,0,0.0,
2026-04-23 10:57:55,"Push (1)",48m,"Lateral Raise (Dumbbell)",2,6.0,20.0,0,0.0,
2026-04-23 10:57:55,"Push (1)",48m,"Lateral Raise (Dumbbell)",3,6.0,20.0,0,0.0,
2026-04-23 10:57:55,"Push (1)",48m,"Triceps Extension",1,21.0,10.0,0,0.0,
2026-04-23 10:57:55,"Push (1)",48m,"Triceps Extension",2,21.0,10.0,0,0.0,
2026-04-24 11:48:15,"Pull (1)",27m,"Landmine Row",W,20.0,10.0,0,0.0,
2026-04-24 11:48:15,"Pull (1)",27m,"Landmine Row",1,40.0,10.0,0,0.0,
2026-04-24 11:48:15,"Pull (1)",27m,"Landmine Row",2,60.0,8.0,0,0.0,
2026-04-24 11:48:15,"Pull (1)",27m,"Landmine Row",3,60.0,8.0,0,0.0,
2026-04-24 11:48:15,"Pull (1)",27m,"Landmine Row",4,60.0,8.0,0,0.0,
2026-04-24 11:48:15,"Pull (1)",27m,"Pull Up",1,5.0,8.0,0,0.0,
2026-04-24 11:48:15,"Pull (1)",27m,"Pull Up",2,5.0,8.0,0,0.0,
2026-04-24 11:48:15,"Pull (1)",27m,"Pull Up",3,0.0,5.0,0,0.0,
2026-04-24 11:48:15,"Pull (1)",27m,"Face Pull (Cable)",1,17.5,12.0,0,0.0,
2026-04-24 11:48:15,"Pull (1)",27m,"Face Pull (Cable)",2,17.5,12.0,0,0.0,
2026-04-24 11:48:15,"Pull (1)",27m,"Face Pull (Cable)",3,17.5,12.0,0,0.0,
2026-04-24 11:48:15,"Pull (1)",27m,"Bicep Curl (Barbell)",1,26.0,10.0,0,0.0,
2026-04-24 11:48:15,"Pull (1)",27m,"Bicep Curl (Barbell)",2,26.0,8.0,0,0.0,
2026-04-24 11:48:15,"Pull (1)",27m,"Bicep Curl (Barbell)",3,26.0,6.0,0,0.0,
2026-04-25 09:57:09,"Legs",53m,"Squat (Barbell)",1,40.0,8.0,0,0.0,
2026-04-25 09:57:09,"Legs",53m,"Squat (Barbell)",2,80.0,5.0,0,0.0,
2026-04-25 09:57:09,"Legs",53m,"Squat (Barbell)",3,80.0,5.0,0,0.0,
2026-04-25 09:57:09,"Legs",53m,"Squat (Barbell)",4,80.0,5.0,0,0.0,
2026-04-25 09:57:09,"Legs",53m,"Romanian Deadlift (Barbell)",W,20.0,8.0,0,0.0,
2026-04-25 09:57:09,"Legs",53m,"Romanian Deadlift (Barbell)",1,70.0,8.0,0,0.0,
2026-04-25 09:57:09,"Legs",53m,"Romanian Deadlift (Barbell)",2,75.0,8.0,0,0.0,
2026-04-25 09:57:09,"Legs",53m,"Romanian Deadlift (Barbell)",3,75.0,8.0,0,0.0,
2026-04-25 09:57:09,"Legs",53m,"Leg Press",1,130.0,10.0,0,0.0,
2026-04-25 09:57:09,"Legs",53m,"Leg Press",2,130.0,10.0,0,0.0,
2026-04-25 09:57:09,"Legs",53m,"Leg Press",3,130.0,8.0,0,0.0,
2026-04-25 09:57:09,"Legs",53m,"Kneeling Leg Curl",1,10.0,8.0,0,0.0,
2026-04-25 09:57:09,"Legs",53m,"Kneeling Leg Curl",2,10.0,8.0,0,0.0,
2026-04-25 09:57:09,"Legs",53m,"Kneeling Leg Curl",3,10.0,8.0,0,0.0,
2026-04-25 09:57:09,"Legs",53m,"Seated Calf Raise (Plate Loaded)",1,30.0,15.0,0,0.0,
2026-04-25 09:57:09,"Legs",53m,"Seated Calf Raise (Plate Loaded)",2,30.0,15.0,0,0.0,
2026-04-25 09:57:09,"Legs",53m,"Seated Calf Raise (Plate Loaded)",3,30.0,15.0,0,0.0,
2026-04-25 09:57:09,"Legs",53m,"Seated Calf Raise (Plate Loaded)",4,35.0,15.0,0,0.0,
2026-04-25 09:57:09,"Legs",53m,"Seated Calf Raise (Plate Loaded)",5,35.0,15.0,0,0.0,
2026-04-26 11:04:56,"Morning Workout",33m,"Chest Press (Machine)",W,30.0,12.0,0,0.0,
2026-04-26 11:04:56,"Morning Workout",33m,"Chest Press (Machine)",1,37.5,12.0,0,0.0,
2026-04-26 11:04:56,"Morning Workout",33m,"Chest Press (Machine)",2,37.5,12.0,0,0.0,
2026-04-26 11:04:56,"Morning Workout",33m,"Chest Press (Machine)",3,37.5,12.0,0,0.0,
2026-04-26 11:04:56,"Morning Workout",33m,"Arnold Press (Dumbbell)",1,10.0,12.0,0,0.0,
2026-04-26 11:04:56,"Morning Workout",33m,"Arnold Press (Dumbbell)",2,10.0,12.0,0,0.0,
2026-04-26 11:04:56,"Morning Workout",33m,"Arnold Press (Dumbbell)",3,10.0,12.0,0,0.0,
2026-04-26 11:04:56,"Morning Workout",33m,"Incline Bench Press (Dumbbell)",1,12.0,12.0,0,0.0,
2026-04-26 11:04:56,"Morning Workout",33m,"Incline Bench Press (Dumbbell)",2,12.0,12.0,0,0.0,
2026-04-26 11:04:56,"Morning Workout",33m,"Incline Bench Press (Dumbbell)",3,12.0,12.0,0,0.0,
2026-04-26 11:04:56,"Morning Workout",33m,"Lateral Raise (Dumbbell)",1,5.0,15.0,0,0.0,
2026-04-26 11:04:56,"Morning Workout",33m,"Lateral Raise (Dumbbell)",2,5.0,15.0,0,0.0,
2026-04-26 11:04:56,"Morning Workout",33m,"Lateral Raise (Dumbbell)",3,5.0,15.0,0,0.0,
2026-04-26 11:04:56,"Morning Workout",33m,"Triceps Extension",1,10.0,15.0,0,0.0,
2026-04-26 11:04:56,"Morning Workout",33m,"Triceps Extension",2,10.0,15.0,0,0.0,
2026-04-26 11:04:56,"Morning Workout",33m,"Triceps Extension",3,10.0,15.0,0,0.0,
2026-04-27 10:57:02,"Morning Workout",38m,"Iso-Lateral Row (Machine)",1,35.0,10.0,0,0.0,
2026-04-27 10:57:02,"Morning Workout",38m,"Iso-Lateral Row (Machine)",2,35.0,10.0,0,0.0,
2026-04-27 10:57:02,"Morning Workout",38m,"Iso-Lateral Row (Machine)",3,35.0,10.0,0,0.0,
2026-04-27 10:57:02,"Morning Workout",38m,"Lat Pulldown (Cable)",1,40.0,10.0,0,0.0,
2026-04-27 10:57:02,"Morning Workout",38m,"Lat Pulldown (Cable)",2,40.0,10.0,0,0.0,
2026-04-27 10:57:02,"Morning Workout",38m,"Lat Pulldown (Cable)",3,40.0,10.0,0,0.0,
2026-04-27 10:57:02,"Morning Workout",38m,"Face Pull (Cable)",1,11.25,10.0,0,0.0,
2026-04-27 10:57:02,"Morning Workout",38m,"Face Pull (Cable)",2,11.25,10.0,0,0.0,
2026-04-27 10:57:02,"Morning Workout",38m,"Face Pull (Cable)",3,11.25,10.0,0,0.0,
2026-04-27 10:57:02,"Morning Workout",38m,"Bicep Curl (Barbell)",1,14.0,12.0,0,0.0,
2026-04-27 10:57:02,"Morning Workout",38m,"Bicep Curl (Barbell)",2,14.0,12.0,0,0.0,
2026-04-27 10:57:02,"Morning Workout",38m,"Bicep Curl (Barbell)",3,14.0,12.0,0,0.0,
2026-04-27 10:57:02,"Morning Workout",38m,"Hammer Curl (Dumbbell)",1,8.0,15.0,0,0.0,
2026-04-27 10:57:02,"Morning Workout",38m,"Hammer Curl (Dumbbell)",2,8.0,15.0,0,0.0,
2026-05-03 10:46:44,"Push (1)",53m,"Bench Press (Barbell)",W,40.0,8.0,0,0.0,
2026-05-03 10:46:44,"Push (1)",53m,"Bench Press (Barbell)",1,60.0,6.0,0,0.0,
2026-05-03 10:46:44,"Push (1)",53m,"Bench Press (Barbell)",2,80.0,5.0,0,0.0,
2026-05-03 10:46:44,"Push (1)",53m,"Bench Press (Barbell)",3,80.0,5.0,0,0.0,
2026-05-03 10:46:44,"Push (1)",53m,"Bench Press (Barbell)",4,80.0,5.0,0,0.0,
2026-05-03 10:46:44,"Push (1)",53m,"Bench Press (Barbell)",5,70.0,5.0,0,0.0,
2026-05-03 10:46:44,"Push (1)",53m,"Arnold Press (Dumbbell)",1,22.0,8.0,0,0.0,
2026-05-03 10:46:44,"Push (1)",53m,"Arnold Press (Dumbbell)",2,22.0,8.0,0,0.0,
2026-05-03 10:46:44,"Push (1)",53m,"Arnold Press (Dumbbell)",3,22.0,8.0,0,0.0,
2026-05-03 10:46:44,"Push (1)",53m,"Incline Bench Press (Dumbbell)",1,24.0,10.0,0,0.0,
2026-05-03 10:46:44,"Push (1)",53m,"Incline Bench Press (Dumbbell)",2,24.0,10.0,0,0.0,
2026-05-03 10:46:44,"Push (1)",53m,"Incline Bench Press (Dumbbell)",3,24.0,8.0,0,0.0,
2026-05-03 10:46:44,"Push (1)",53m,"Lateral Raise (Dumbbell)",1,7.0,15.0,0,0.0,
2026-05-03 10:46:44,"Push (1)",53m,"Lateral Raise (Dumbbell)",2,7.0,15.0,0,0.0,
2026-05-03 10:46:44,"Push (1)",53m,"Lateral Raise (Dumbbell)",3,7.0,15.0,0,0.0,
2026-05-03 10:46:44,"Push (1)",53m,"Triceps Extension",1,21.0,10.0,0,0.0,
2026-05-03 10:46:44,"Push (1)",53m,"Triceps Extension",2,21.0,10.0,0,0.0,
2026-05-03 10:46:44,"Push (1)",53m,"Triceps Extension",3,21.0,8.0,0,0.0,
2026-05-04 18:20:55,"Pull (1)",53m,"Bent Over Row (Barbell)",1,40.0,12.0,0,0.0,
2026-05-04 18:20:55,"Pull (1)",53m,"Bent Over Row (Barbell)",2,60.0,8.0,0,0.0,
2026-05-04 18:20:55,"Pull (1)",53m,"Bent Over Row (Barbell)",3,60.0,8.0,0,0.0,
2026-05-04 18:20:55,"Pull (1)",53m,"Bent Over Row (Barbell)",4,60.0,8.0,0,0.0,
2026-05-04 18:20:55,"Pull (1)",53m,"Pull Up",1,5.0,8.0,0,0.0,
2026-05-04 18:20:55,"Pull (1)",53m,"Pull Up",2,5.0,8.0,0,0.0,
2026-05-04 18:20:55,"Pull (1)",53m,"Pull Up",3,5.0,6.0,0,0.0,
2026-05-04 18:20:55,"Pull (1)",53m,"Pull Up",4,0.0,2.0,0,0.0,
2026-05-04 18:20:55,"Pull (1)",53m,"Face Pull (Cable)",1,17.5,12.0,0,0.0,
2026-05-04 18:20:55,"Pull (1)",53m,"Face Pull (Cable)",2,17.5,12.0,0,0.0,
2026-05-04 18:20:55,"Pull (1)",53m,"Face Pull (Cable)",3,21.0,10.0,0,0.0,
2026-05-04 18:20:55,"Pull (1)",53m,"Face Pull (Cable)",4,21.0,10.0,0,0.0,
2026-05-04 18:20:55,"Pull (1)",53m,"Face Pull (Cable)",5,12.5,20.0,0,0.0,
2026-05-04 18:20:55,"Pull (1)",53m,"Bicep Curl (Barbell)",1,30.0,8.0,0,0.0,
2026-05-04 18:20:55,"Pull (1)",53m,"Bicep Curl (Barbell)",2,30.0,8.0,0,0.0,
2026-05-04 18:20:55,"Pull (1)",53m,"Bicep Curl (Barbell)",3,30.0,8.0,0,0.0,
2026-05-04 18:20:55,"Pull (1)",53m,"Hammer Curl (Dumbbell)",1,16.0,8.0,0,0.0,
2026-05-04 18:20:55,"Pull (1)",53m,"Hammer Curl (Dumbbell)",2,16.0,8.0,0,0.0,
2026-05-04 18:20:55,"Pull (1)",53m,"Hammer Curl (Dumbbell)",3,16.0,8.0,0,0.0,
2026-05-07 10:58:29,"Push (1)",47m,"Bench Press (Barbell)",W,40.0,8.0,0,0.0,
2026-05-07 10:58:29,"Push (1)",47m,"Bench Press (Barbell)",1,60.0,6.0,0,0.0,
2026-05-07 10:58:29,"Push (1)",47m,"Bench Press (Barbell)",2,80.0,5.0,0,0.0,
2026-05-07 10:58:29,"Push (1)",47m,"Bench Press (Barbell)",3,80.0,4.0,0,0.0,
2026-05-07 10:58:29,"Push (1)",47m,"Bench Press (Barbell)",4,70.0,6.0,0,0.0,
2026-05-07 10:58:29,"Push (1)",47m,"Bench Press (Barbell)",5,70.0,5.0,0,0.0,
2026-05-07 10:58:29,"Push (1)",47m,"Shoulder Press (Plate Loaded)",1,40.0,7.0,0,0.0,
2026-05-07 10:58:29,"Push (1)",47m,"Shoulder Press (Plate Loaded)",2,40.0,7.0,0,0.0,
2026-05-07 10:58:29,"Push (1)",47m,"Shoulder Press (Plate Loaded)",3,30.0,9.0,0,0.0,
2026-05-07 10:58:29,"Push (1)",47m,"Incline Bench Press (Dumbbell)",1,24.0,8.0,0,0.0,
2026-05-07 10:58:29,"Push (1)",47m,"Incline Bench Press (Dumbbell)",2,24.0,8.0,0,0.0,
2026-05-07 10:58:29,"Push (1)",47m,"Incline Bench Press (Dumbbell)",3,24.0,8.0,0,0.0,
2026-05-07 10:58:29,"Push (1)",47m,"Lateral Raise (Dumbbell)",1,7.0,15.0,0,0.0,
2026-05-07 10:58:29,"Push (1)",47m,"Lateral Raise (Dumbbell)",2,7.0,15.0,0,0.0,
2026-05-07 10:58:29,"Push (1)",47m,"Lateral Raise (Dumbbell)",3,7.0,15.0,0,0.0,
2026-05-07 10:58:29,"Push (1)",47m,"Triceps Dip",1,0.0,12.0,0,0.0,
2026-05-07 10:58:29,"Push (1)",47m,"Triceps Dip",2,0.0,12.0,0,0.0,
2026-05-07 10:58:29,"Push (1)",47m,"Triceps Dip",3,0.0,12.0,0,0.0,
2026-05-08 17:38:20,"Pull (1)",44m,"Iso-Lateral Row (Machine)",1,40.0,10.0,0,0.0,
2026-05-08 17:38:20,"Pull (1)",44m,"Iso-Lateral Row (Machine)",2,55.0,10.0,0,0.0,
2026-05-08 17:38:20,"Pull (1)",44m,"Iso-Lateral Row (Machine)",3,60.0,5.0,0,0.0,
2026-05-08 17:38:20,"Pull (1)",44m,"Iso-Lateral Row (Machine)",4,50.0,8.0,0,0.0,
2026-05-08 17:38:20,"Pull (1)",44m,"Pull Up",1,5.0,8.0,0,0.0,
2026-05-08 17:38:20,"Pull (1)",44m,"Pull Up",2,5.0,7.0,0,0.0,
2026-05-08 17:38:20,"Pull (1)",44m,"Pull Up",3,0.0,8.0,0,0.0,
2026-05-08 17:38:20,"Pull (1)",44m,"Face Pull (Cable)",1,21.0,10.0,0,0.0,
2026-05-08 17:38:20,"Pull (1)",44m,"Face Pull (Cable)",2,21.0,10.0,0,0.0,
2026-05-08 17:38:20,"Pull (1)",44m,"Face Pull (Cable)",3,21.0,10.0,0,0.0,
2026-05-08 17:38:20,"Pull (1)",44m,"Face Pull (Cable)",4,21.0,10.0,0,0.0,
2026-05-08 17:38:20,"Pull (1)",44m,"Face Pull (Cable)",5,21.0,10.0,0,0.0,
2026-05-08 17:38:20,"Pull (1)",44m,"Bicep Curl (Barbell)",1,30.0,8.0,0,0.0,
2026-05-08 17:38:20,"Pull (1)",44m,"Bicep Curl (Barbell)",2,30.0,8.0,0,0.0,
2026-05-08 17:38:20,"Pull (1)",44m,"Bicep Curl (Barbell)",3,30.0,7.0,0,0.0,
2026-05-10 11:13:38,"Push (1)",37m,"Bench Press (Barbell)",W,40.0,8.0,0,0.0,
2026-05-10 11:13:38,"Push (1)",37m,"Bench Press (Barbell)",1,60.0,6.0,0,0.0,
2026-05-10 11:13:38,"Push (1)",37m,"Bench Press (Barbell)",2,80.0,5.0,0,0.0,
2026-05-10 11:13:38,"Push (1)",37m,"Bench Press (Barbell)",3,80.0,5.0,0,0.0,
2026-05-10 11:13:38,"Push (1)",37m,"Bench Press (Barbell)",4,80.0,4.0,0,0.0,
2026-05-10 11:13:38,"Push (1)",37m,"Bench Press (Barbell)",5,65.0,8.0,0,0.0,
2026-05-10 11:13:38,"Push (1)",37m,"Shoulder Press (Machine)",1,42.5,8.0,0,0.0,
2026-05-10 11:13:38,"Push (1)",37m,"Shoulder Press (Machine)",2,42.5,8.0,0,0.0,
2026-05-10 11:13:38,"Push (1)",37m,"Shoulder Press (Machine)",3,42.5,7.0,0,0.0,
2026-05-10 11:13:38,"Push (1)",37m,"Incline Bench Press (Dumbbell)",1,26.0,6.0,0,0.0,
2026-05-10 11:13:38,"Push (1)",37m,"Incline Bench Press (Dumbbell)",2,26.0,6.0,0,0.0,
2026-05-10 11:13:38,"Push (1)",37m,"Incline Bench Press (Dumbbell)",3,22.0,8.0,0,0.0,
2026-05-10 11:13:38,"Push (1)",37m,"Lateral Raise (Dumbbell)",1,6.0,15.0,0,0.0,
2026-05-10 11:13:38,"Push (1)",37m,"Lateral Raise (Dumbbell)",2,6.0,15.0,0,0.0,
2026-05-10 11:13:38,"Push (1)",37m,"Lateral Raise (Dumbbell)",3,6.0,15.0,0,0.0,
2026-05-10 11:13:38,"Push (1)",37m,"Triceps Extension",1,17.5,10.0,0,0.0,
2026-05-10 11:13:38,"Push (1)",37m,"Triceps Extension",2,17.5,10.0,0,0.0,
2026-05-10 11:13:38,"Push (1)",37m,"Triceps Extension",3,17.5,10.0,0,0.0,
2026-05-11 18:04:08,"Pull (1)",1h 2m,"Bent Over Row (Barbell)",1,40.0,12.0,0,0.0,
2026-05-11 18:04:08,"Pull (1)",1h 2m,"Bent Over Row (Barbell)",2,60.0,8.0,0,0.0,
2026-05-11 18:04:08,"Pull (1)",1h 2m,"Bent Over Row (Barbell)",3,60.0,8.0,0,0.0,
2026-05-11 18:04:08,"Pull (1)",1h 2m,"Bent Over Row (Barbell)",4,60.0,8.0,0,0.0,
2026-05-11 18:04:08,"Pull (1)",1h 2m,"Pull Up",1,0.0,10.0,0,0.0,
2026-05-11 18:04:08,"Pull (1)",1h 2m,"Pull Up",2,0.0,8.0,0,0.0,
2026-05-11 18:04:08,"Pull (1)",1h 2m,"Pull Up",3,0.0,8.0,0,0.0,
2026-05-11 18:04:08,"Pull (1)",1h 2m,"Face Pull (Cable)",1,21.0,10.0,0,0.0,
2026-05-11 18:04:08,"Pull (1)",1h 2m,"Face Pull (Cable)",2,21.0,10.0,0,0.0,
2026-05-11 18:04:08,"Pull (1)",1h 2m,"Face Pull (Cable)",3,21.0,10.0,0,0.0,
2026-05-11 18:04:08,"Pull (1)",1h 2m,"Face Pull (Cable)",4,21.0,10.0,0,0.0,
2026-05-11 18:04:08,"Pull (1)",1h 2m,"Face Pull (Cable)",5,24.5,8.0,0,0.0,
2026-05-11 18:04:08,"Pull (1)",1h 2m,"Bicep Curl (Barbell)",1,30.0,8.0,0,0.0,
2026-05-11 18:04:08,"Pull (1)",1h 2m,"Bicep Curl (Barbell)",2,30.0,8.0,0,0.0,
2026-05-11 18:04:08,"Pull (1)",1h 2m,"Bicep Curl (Barbell)",3,30.0,8.0,0,0.0,
2026-05-11 18:04:08,"Pull (1)",1h 2m,"Hammer Curl (Dumbbell)",1,16.0,8.0,0,0.0,
2026-05-11 18:04:08,"Pull (1)",1h 2m,"Hammer Curl (Dumbbell)",2,16.0,8.0,0,0.0,
2026-05-11 18:04:08,"Pull (1)",1h 2m,"Hammer Curl (Dumbbell)",3,16.0,8.0,0,0.0,
2026-05-17 11:09:01,"Push (1)",56m,"Bench Press (Barbell)",W,40.0,8.0,0,0.0,
2026-05-17 11:09:01,"Push (1)",56m,"Bench Press (Barbell)",1,60.0,6.0,0,0.0,
2026-05-17 11:09:01,"Push (1)",56m,"Bench Press (Barbell)",2,80.0,5.0,0,0.0,
2026-05-17 11:09:01,"Push (1)",56m,"Bench Press (Barbell)",3,80.0,5.0,0,0.0,
2026-05-17 11:09:01,"Push (1)",56m,"Bench Press (Barbell)",4,80.0,3.0,0,0.0,
2026-05-17 11:09:01,"Push (1)",56m,"Bench Press (Barbell)",5,65.0,7.0,0,0.0,
2026-05-17 11:09:01,"Push (1)",56m,"Overhead Press (Barbell)",1,20.0,10.0,0,0.0,
2026-05-17 11:09:01,"Push (1)",56m,"Overhead Press (Barbell)",2,45.0,7.0,0,0.0,
2026-05-17 11:09:01,"Push (1)",56m,"Overhead Press (Barbell)",3,40.0,8.0,0,0.0,
2026-05-17 11:09:01,"Push (1)",56m,"Overhead Press (Barbell)",4,40.0,7.0,0,0.0,
2026-05-17 11:09:01,"Push (1)",56m,"Incline Bench Press (Dumbbell)",1,24.0,8.0,0,0.0,
2026-05-17 11:09:01,"Push (1)",56m,"Incline Bench Press (Dumbbell)",2,24.0,8.0,0,0.0,
2026-05-17 11:09:01,"Push (1)",56m,"Incline Bench Press (Dumbbell)",3,24.0,8.0,0,0.0,
2026-05-17 11:09:01,"Push (1)",56m,"Lateral Raise (Dumbbell)",1,7.0,15.0,0,0.0,
2026-05-17 11:09:01,"Push (1)",56m,"Lateral Raise (Dumbbell)",2,7.0,15.0,0,0.0,
2026-05-17 11:09:01,"Push (1)",56m,"Lateral Raise (Dumbbell)",3,7.0,15.0,0,0.0,
2026-05-17 11:09:01,"Push (1)",56m,"Triceps Dip",1,10.0,10.0,0,0.0,
2026-05-17 11:09:01,"Push (1)",56m,"Triceps Dip",2,10.0,10.0,0,0.0,
2026-05-17 11:09:01,"Push (1)",56m,"Triceps Dip",3,10.0,10.0,0,0.0,
2026-05-18 17:38:00,"Pull (1)",1h 3m,"Iso-Lateral Row (Machine)",1,40.0,10.0,0,0.0,
2026-05-18 17:38:00,"Pull (1)",1h 3m,"Iso-Lateral Row (Machine)",2,60.0,8.0,0,0.0,
2026-05-18 17:38:00,"Pull (1)",1h 3m,"Iso-Lateral Row (Machine)",3,60.0,8.0,0,0.0,
2026-05-18 17:38:00,"Pull (1)",1h 3m,"Iso-Lateral Row (Machine)",4,60.0,7.0,0,0.0,
2026-05-18 17:38:00,"Pull (1)",1h 3m,"Pull Up",1,8.0,7.0,0,0.0,
2026-05-18 17:38:00,"Pull (1)",1h 3m,"Pull Up",2,8.0,6.0,0,0.0,
2026-05-18 17:38:00,"Pull (1)",1h 3m,"Pull Up",3,0.0,8.0,0,0.0,
2026-05-18 17:38:00,"Pull (1)",1h 3m,"Pull Up",4,0.0,3.0,0,0.0,
2026-05-18 17:38:00,"Pull (1)",1h 3m,"Face Pull (Cable)",1,10.0,10.0,0,0.0,
2026-05-18 17:38:00,"Pull (1)",1h 3m,"Face Pull (Cable)",2,10.0,10.0,0,0.0,
2026-05-18 17:38:00,"Pull (1)",1h 3m,"Face Pull (Cable)",3,12.5,10.0,0,0.0,
2026-05-18 17:38:00,"Pull (1)",1h 3m,"Face Pull (Cable)",4,12.5,10.0,0,0.0,
2026-05-18 17:38:00,"Pull (1)",1h 3m,"Bicep Curl (Barbell)",1,34.0,5.0,0,0.0,
2026-05-18 17:38:00,"Pull (1)",1h 3m,"Bicep Curl (Barbell)",2,30.0,8.0,0,0.0,
2026-05-18 17:38:00,"Pull (1)",1h 3m,"Bicep Curl (Barbell)",3,30.0,8.0,0,0.0,
2026-05-18 17:38:00,"Pull (1)",1h 3m,"Hammer Curl (Dumbbell)",1,16.0,8.0,0,0.0,
2026-05-18 17:38:00,"Pull (1)",1h 3m,"Hammer Curl (Dumbbell)",2,16.0,8.0,0,0.0,
2026-05-18 17:38:00,"Pull (1)",1h 3m,"Hammer Curl (Dumbbell)",3,16.0,8.0,0,0.0,
2026-05-21 10:00:29,"Push (1)",46m,"Bench Press (Barbell)",W,40.0,8.0,0,0.0,
2026-05-21 10:00:29,"Push (1)",46m,"Bench Press (Barbell)",1,60.0,6.0,0,0.0,
2026-05-21 10:00:29,"Push (1)",46m,"Bench Press (Barbell)",2,80.0,5.0,0,0.0,
2026-05-21 10:00:29,"Push (1)",46m,"Bench Press (Barbell)",3,70.0,6.0,0,0.0,
2026-05-21 10:00:29,"Push (1)",46m,"Bench Press (Barbell)",4,70.0,7.0,0,0.0,
2026-05-21 10:00:29,"Push (1)",46m,"Shoulder Press (Plate Loaded)",1,30.0,8.0,0,0.0,
2026-05-21 10:00:29,"Push (1)",46m,"Shoulder Press (Plate Loaded)",2,35.0,8.0,0,0.0,
2026-05-21 10:00:29,"Push (1)",46m,"Shoulder Press (Plate Loaded)",3,35.0,4.0,0,0.0,
2026-05-21 10:00:29,"Push (1)",46m,"Shoulder Press (Plate Loaded)",4,30.0,4.0,0,0.0,
2026-05-21 10:00:29,"Push (1)",46m,"Incline Chest Press (Machine)",1,60.0,7.0,0,0.0,
2026-05-21 10:00:29,"Push (1)",46m,"Incline Chest Press (Machine)",2,60.0,7.0,0,0.0,
2026-05-21 10:00:29,"Push (1)",46m,"Incline Chest Press (Machine)",3,60.0,7.0,0,0.0,
2026-05-21 10:00:29,"Push (1)",46m,"Lateral Raise (Dumbbell)",1,7.0,15.0,0,0.0,
2026-05-21 10:00:29,"Push (1)",46m,"Lateral Raise (Dumbbell)",2,7.0,15.0,0,0.0,
2026-05-21 10:00:29,"Push (1)",46m,"Lateral Raise (Dumbbell)",3,7.0,15.0,0,0.0,
2026-05-21 10:00:29,"Push (1)",46m,"Triceps Extension",1,17.5,12.0,0,0.0,
2026-05-21 10:00:29,"Push (1)",46m,"Triceps Extension",2,17.5,12.0,0,0.0,
2026-05-21 10:00:29,"Push (1)",46m,"Triceps Extension",3,17.5,10.0,0,0.0,
2026-05-22 17:59:50,"Pull (1)",1h 10m,"Iso-Lateral Row (Machine)",1,40.0,10.0,0,0.0,
2026-05-22 17:59:50,"Pull (1)",1h 10m,"Iso-Lateral Row (Machine)",2,60.0,8.0,0,0.0,
2026-05-22 17:59:50,"Pull (1)",1h 10m,"Iso-Lateral Row (Machine)",3,60.0,7.0,0,0.0,
2026-05-22 17:59:50,"Pull (1)",1h 10m,"Iso-Lateral Row (Machine)",4,60.0,6.0,0,0.0,
2026-05-22 17:59:50,"Pull (1)",1h 10m,"Iso-Lateral Row (Machine)",5,45.0,12.0,0,0.0,
2026-05-22 17:59:50,"Pull (1)",1h 10m,"Chin Up",1,10.0,7.0,0,0.0,
2026-05-22 17:59:50,"Pull (1)",1h 10m,"Chin Up",2,10.0,7.0,0,0.0,
2026-05-22 17:59:50,"Pull (1)",1h 10m,"Chin Up",3,5.0,6.0,0,0.0,
2026-05-22 17:59:50,"Pull (1)",1h 10m,"Chin Up",4,0.0,4.0,0,0.0,
2026-05-22 17:59:50,"Pull (1)",1h 10m,"Face Pull (Cable)",1,10.0,12.0,0,0.0,
2026-05-22 17:59:50,"Pull (1)",1h 10m,"Face Pull (Cable)",2,10.0,12.0,0,0.0,
2026-05-22 17:59:50,"Pull (1)",1h 10m,"Face Pull (Cable)",3,12.5,12.0,0,0.0,
2026-05-22 17:59:50,"Pull (1)",1h 10m,"Bicep Curl (Barbell)",1,34.0,5.0,0,0.0,
2026-05-22 17:59:50,"Pull (1)",1h 10m,"Bicep Curl (Barbell)",2,30.0,8.0,0,0.0,
2026-05-22 17:59:50,"Pull (1)",1h 10m,"Bicep Curl (Barbell)",3,30.0,7.0,0,0.0,
2026-05-22 17:59:50,"Pull (1)",1h 10m,"Hammer Curl (Dumbbell)",1,16.0,8.0,0,0.0,
2026-05-22 17:59:50,"Pull (1)",1h 10m,"Hammer Curl (Dumbbell)",2,16.0,8.0,0,0.0,
2026-05-22 17:59:50,"Pull (1)",1h 10m,"Hammer Curl (Dumbbell)",3,16.0,8.0,0,0.0,
2026-05-24 10:56:21,"Push (1)",54m,"Bench Press (Barbell)",W,40.0,8.0,0,0.0,
2026-05-24 10:56:21,"Push (1)",54m,"Bench Press (Barbell)",1,60.0,6.0,0,0.0,
2026-05-24 10:56:21,"Push (1)",54m,"Bench Press (Barbell)",2,80.0,5.0,0,0.0,
2026-05-24 10:56:21,"Push (1)",54m,"Bench Press (Barbell)",3,80.0,5.0,0,0.0,
2026-05-24 10:56:21,"Push (1)",54m,"Bench Press (Barbell)",4,70.0,5.0,0,0.0,
2026-05-24 10:56:21,"Push (1)",54m,"Bench Press (Barbell)",5,60.0,5.0,0,0.0,
2026-05-24 10:56:21,"Push (1)",54m,"Arnold Press (Dumbbell)",1,22.0,8.0,0,0.0,
2026-05-24 10:56:21,"Push (1)",54m,"Arnold Press (Dumbbell)",2,22.0,7.0,0,0.0,
2026-05-24 10:56:21,"Push (1)",54m,"Arnold Press (Dumbbell)",3,22.0,8.0,0,0.0,
2026-05-24 10:56:21,"Push (1)",54m,"Incline Bench Press (Dumbbell)",1,24.0,8.0,0,0.0,
2026-05-24 10:56:21,"Push (1)",54m,"Incline Bench Press (Dumbbell)",2,24.0,8.0,0,0.0,
2026-05-24 10:56:21,"Push (1)",54m,"Incline Bench Press (Dumbbell)",3,24.0,8.0,0,0.0,
2026-05-24 10:56:21,"Push (1)",54m,"Lateral Raise (Dumbbell)",1,7.0,15.0,0,0.0,
2026-05-24 10:56:21,"Push (1)",54m,"Lateral Raise (Dumbbell)",2,7.0,15.0,0,0.0,
2026-05-24 10:56:21,"Push (1)",54m,"Lateral Raise (Dumbbell)",3,7.0,15.0,0,0.0,
2026-05-24 10:56:21,"Push (1)",54m,"Triceps Dip",1,0.0,12.0,0,0.0,
2026-05-24 10:56:21,"Push (1)",54m,"Triceps Dip",2,0.0,12.0,0,0.0,
2026-05-24 10:56:21,"Push (1)",54m,"Triceps Dip",3,0.0,12.0,0,0.0,
2026-05-25 15:10:53,"Pull (1)",40m,"Seated Row (Cable)",1,57.0,10.0,0,0.0,
2026-05-25 15:10:53,"Pull (1)",40m,"Seated Row (Cable)",2,67.0,8.0,0,0.0,
2026-05-25 15:10:53,"Pull (1)",40m,"Seated Row (Cable)",3,57.0,10.0,0,0.0,
2026-05-25 15:10:53,"Pull (1)",40m,"Wide Pull Up",1,0.0,10.0,0,0.0,
2026-05-25 15:10:53,"Pull (1)",40m,"Wide Pull Up",2,0.0,10.0,0,0.0,
2026-05-25 15:10:53,"Pull (1)",40m,"Wide Pull Up",3,0.0,9.0,0,0.0,
2026-05-25 15:10:53,"Pull (1)",40m,"Face Pull (Cable)",1,12.5,10.0,0,0.0,
2026-05-25 15:10:53,"Pull (1)",40m,"Face Pull (Cable)",2,12.5,10.0,0,0.0,
2026-05-25 15:10:53,"Pull (1)",40m,"Face Pull (Cable)",3,12.5,10.0,0,0.0,
2026-05-25 15:10:53,"Pull (1)",40m,"Bicep Curl (Barbell)",1,30.0,8.0,0,0.0,
2026-05-25 15:10:53,"Pull (1)",40m,"Bicep Curl (Barbell)",2,26.0,10.0,0,0.0,
2026-05-25 15:10:53,"Pull (1)",40m,"Bicep Curl (Barbell)",3,22.0,12.0,0,0.0,
2026-05-28 17:42:39,"Push (1)",48m,"Bench Press (Barbell)",W,40.0,8.0,0,0.0,
2026-05-28 17:42:39,"Push (1)",48m,"Bench Press (Barbell)",1,60.0,6.0,0,0.0,
2026-05-28 17:42:39,"Push (1)",48m,"Bench Press (Barbell)",2,70.0,8.0,0,0.0,
2026-05-28 17:42:39,"Push (1)",48m,"Bench Press (Barbell)",3,65.0,9.0,0,0.0,
2026-05-28 17:42:39,"Push (1)",48m,"Bench Press (Barbell)",4,60.0,8.0,0,0.0,
2026-05-28 17:42:39,"Push (1)",48m,"Arnold Press (Dumbbell)",1,18.0,10.0,0,0.0,
2026-05-28 17:42:39,"Push (1)",48m,"Arnold Press (Dumbbell)",2,18.0,10.0,0,0.0,
2026-05-28 17:42:39,"Push (1)",48m,"Arnold Press (Dumbbell)",3,18.0,10.0,0,0.0,
2026-05-28 17:42:39,"Push (1)",48m,"Incline Bench Press (Dumbbell)",1,20.0,10.0,0,0.0,
2026-05-28 17:42:39,"Push (1)",48m,"Incline Bench Press (Dumbbell)",2,20.0,10.0,0,0.0,
2026-05-28 17:42:39,"Push (1)",48m,"Incline Bench Press (Dumbbell)",3,20.0,10.0,0,0.0,
2026-05-28 17:42:39,"Push (1)",48m,"Lateral Raise (Dumbbell)",1,6.0,20.0,0,0.0,
2026-05-28 17:42:39,"Push (1)",48m,"Lateral Raise (Dumbbell)",2,6.0,20.0,0,0.0,
2026-05-28 17:42:39,"Push (1)",48m,"Lateral Raise (Dumbbell)",3,6.0,20.0,0,0.0,
2026-05-28 17:42:39,"Push (1)",48m,"Triceps Dip",1,0.0,10.0,0,0.0,
2026-05-28 17:42:39,"Push (1)",48m,"Triceps Dip",2,0.0,10.0,0,0.0,
2026-05-28 17:42:39,"Push (1)",48m,"Triceps Dip",3,0.0,10.0,0,0.0,
2026-05-31 11:04:33,"Pull (1)",50m,"Iso-Lateral Row (Machine)",1,40.0,10.0,0,0.0,
2026-05-31 11:04:33,"Pull (1)",50m,"Iso-Lateral Row (Machine)",2,60.0,8.0,0,0.0,
2026-05-31 11:04:33,"Pull (1)",50m,"Iso-Lateral Row (Machine)",3,60.0,8.0,0,0.0,
2026-05-31 11:04:33,"Pull (1)",50m,"Iso-Lateral Row (Machine)",4,60.0,8.0,0,0.0,
2026-05-31 11:04:33,"Pull (1)",50m,"Iso-Lateral Row (Machine)",5,45.0,12.0,0,0.0,
2026-05-31 11:04:33,"Pull (1)",50m,"Pull Up",1,10.0,6.0,0,0.0,
2026-05-31 11:04:33,"Pull (1)",50m,"Pull Up",2,10.0,6.0,0,0.0,
2026-05-31 11:04:33,"Pull (1)",50m,"Pull Up",3,0.0,8.0,0,0.0,
2026-05-31 11:04:33,"Pull (1)",50m,"Pull Up",4,0.0,4.0,0,0.0,
2026-05-31 11:04:33,"Pull (1)",50m,"Face Pull (Cable)",1,12.5,12.0,0,0.0,
2026-05-31 11:04:33,"Pull (1)",50m,"Face Pull (Cable)",2,12.5,12.0,0,0.0,
2026-05-31 11:04:33,"Pull (1)",50m,"Face Pull (Cable)",3,12.5,12.0,0,0.0,
2026-05-31 11:04:33,"Pull (1)",50m,"Preacher Curl (Barbell)",1,20.0,8.0,0,0.0,
2026-05-31 11:04:33,"Pull (1)",50m,"Preacher Curl (Barbell)",2,25.0,7.0,0,0.0,
2026-05-31 11:04:33,"Pull (1)",50m,"Preacher Curl (Barbell)",3,25.0,5.0,0,0.0,
2026-05-31 11:04:33,"Pull (1)",50m,"Preacher Curl (Barbell)",4,20.0,5.0,0,0.0,
2026-06-01 16:20:16,"Push (1)",57m,"Bench Press (Barbell)",W,40.0,8.0,0,0.0,
2026-06-01 16:20:16,"Push (1)",57m,"Bench Press (Barbell)",1,60.0,6.0,0,0.0,
2026-06-01 16:20:16,"Push (1)",57m,"Bench Press (Barbell)",2,80.0,5.0,0,0.0,
2026-06-01 16:20:16,"Push (1)",57m,"Bench Press (Barbell)",3,80.0,5.0,0,0.0,
2026-06-01 16:20:16,"Push (1)",57m,"Bench Press (Barbell)",4,70.0,5.0,0,0.0,
2026-06-01 16:20:16,"Push (1)",57m,"Bench Press (Barbell)",5,60.0,8.0,0,0.0,
2026-06-01 16:20:16,"Push (1)",57m,"Shoulder Press (Plate Loaded)",1,32.5,8.0,0,0.0,
2026-06-01 16:20:16,"Push (1)",57m,"Shoulder Press (Plate Loaded)",2,32.5,8.0,0,0.0,
2026-06-01 16:20:16,"Push (1)",57m,"Shoulder Press (Plate Loaded)",3,32.5,8.0,0,0.0,
2026-06-01 16:20:16,"Push (1)",57m,"Incline Chest Press (Machine)",1,60.0,8.0,0,0.0,
2026-06-01 16:20:16,"Push (1)",57m,"Incline Chest Press (Machine)",2,60.0,8.0,0,0.0,
2026-06-01 16:20:16,"Push (1)",57m,"Incline Chest Press (Machine)",3,60.0,8.0,0,0.0,
2026-06-01 16:20:16,"Push (1)",57m,"Lateral Raise (Dumbbell)",1,7.0,16.0,0,0.0,
2026-06-01 16:20:16,"Push (1)",57m,"Lateral Raise (Dumbbell)",2,7.0,16.0,0,0.0,
2026-06-01 16:20:16,"Push (1)",57m,"Lateral Raise (Dumbbell)",3,7.0,16.0,0,0.0,
2026-06-01 16:20:16,"Push (1)",57m,"Triceps Extension",1,17.5,12.0,0,0.0,
2026-06-01 16:20:16,"Push (1)",57m,"Triceps Extension",2,17.5,11.0,0,0.0,
2026-06-01 16:20:16,"Push (1)",57m,"Triceps Extension",3,17.5,10.0,0,0.0,
2026-06-10 17:48:44,"Push (1)",52m,"Bench Press (Barbell)",W,40.0,8.0,0,0.0,
2026-06-10 17:48:44,"Push (1)",52m,"Bench Press (Barbell)",1,60.0,6.0,0,0.0,
2026-06-10 17:48:44,"Push (1)",52m,"Bench Press (Barbell)",2,80.0,5.0,0,0.0,
2026-06-10 17:48:44,"Push (1)",52m,"Bench Press (Barbell)",3,80.0,5.0,0,0.0,
2026-06-10 17:48:44,"Push (1)",52m,"Bench Press (Barbell)",4,70.0,5.0,0,0.0,
2026-06-10 17:48:44,"Push (1)",52m,"Bench Press (Barbell)",5,60.0,8.0,0,0.0,
2026-06-10 17:48:44,"Push (1)",52m,"Arnold Press (Dumbbell)",1,22.0,8.0,0,0.0,
2026-06-10 17:48:44,"Push (1)",52m,"Arnold Press (Dumbbell)",2,22.0,8.0,0,0.0,
2026-06-10 17:48:44,"Push (1)",52m,"Arnold Press (Dumbbell)",3,20.0,8.0,0,0.0,
2026-06-10 17:48:44,"Push (1)",52m,"Incline Chest Press (Machine)",1,60.0,8.0,0,0.0,
2026-06-10 17:48:44,"Push (1)",52m,"Incline Chest Press (Machine)",2,60.0,6.0,0,0.0,
2026-06-10 17:48:44,"Push (1)",52m,"Incline Chest Press (Machine)",3,50.0,8.0,0,0.0,
2026-06-10 17:48:44,"Push (1)",52m,"Lateral Raise (Dumbbell)",1,7.0,15.0,0,0.0,
2026-06-10 17:48:44,"Push (1)",52m,"Lateral Raise (Dumbbell)",2,7.0,15.0,0,0.0,
2026-06-10 17:48:44,"Push (1)",52m,"Lateral Raise (Dumbbell)",3,7.0,15.0,0,0.0,
2026-06-10 17:48:44,"Push (1)",52m,"Triceps Dip",1,0.0,12.0,0,0.0,
2026-06-10 17:48:44,"Push (1)",52m,"Triceps Dip",2,0.0,10.0,0,0.0,
2026-06-10 17:48:44,"Push (1)",52m,"Triceps Dip",3,0.0,8.0,0,0.0,
2026-06-11 17:58:49,"Pull (1)",46m,"Iso-Lateral Row (Machine)",1,40.0,10.0,0,0.0,
2026-06-11 17:58:49,"Pull (1)",46m,"Iso-Lateral Row (Machine)",2,60.0,8.0,0,0.0,
2026-06-11 17:58:49,"Pull (1)",46m,"Iso-Lateral Row (Machine)",3,60.0,8.0,0,0.0,
2026-06-11 17:58:49,"Pull (1)",46m,"Iso-Lateral Row (Machine)",4,50.0,8.0,0,0.0,
2026-06-11 17:58:49,"Pull (1)",46m,"Wide Pull Up",1,0.0,7.0,0,0.0,
2026-06-11 17:58:49,"Pull (1)",46m,"Wide Pull Up",2,0.0,7.0,0,0.0,
2026-06-11 17:58:49,"Pull (1)",46m,"Wide Pull Up",3,0.0,6.0,0,0.0,
2026-06-11 17:58:49,"Pull (1)",46m,"Face Pull (Cable)",1,12.5,12.0,0,0.0,
2026-06-11 17:58:49,"Pull (1)",46m,"Face Pull (Cable)",2,12.5,12.0,0,0.0,
2026-06-11 17:58:49,"Pull (1)",46m,"Face Pull (Cable)",3,12.5,12.0,0,0.0,
2026-06-11 17:58:49,"Pull (1)",46m,"Bicep Curl (Barbell)",1,30.0,8.0,0,0.0,
2026-06-11 17:58:49,"Pull (1)",46m,"Bicep Curl (Barbell)",2,30.0,8.0,0,0.0,
2026-06-11 17:58:49,"Pull (1)",46m,"Bicep Curl (Barbell)",3,26.0,9.0,0,0.0,
2026-06-13 20:10:12,"Push (1)",37m,"Bench Press (Barbell)",W,40.0,8.0,0,0.0,
2026-06-13 20:10:12,"Push (1)",37m,"Bench Press (Barbell)",1,60.0,6.0,0,0.0,
2026-06-13 20:10:12,"Push (1)",37m,"Bench Press (Barbell)",2,70.0,7.0,0,0.0,
2026-06-13 20:10:12,"Push (1)",37m,"Bench Press (Barbell)",3,70.0,7.0,0,0.0,
2026-06-13 20:10:12,"Push (1)",37m,"Bench Press (Barbell)",4,60.0,8.0,0,0.0,
2026-06-13 20:10:12,"Push (1)",37m,"Arnold Press (Dumbbell)",1,18.0,10.0,0,0.0,
2026-06-13 20:10:12,"Push (1)",37m,"Arnold Press (Dumbbell)",2,18.0,10.0,0,0.0,
2026-06-13 20:10:12,"Push (1)",37m,"Arnold Press (Dumbbell)",3,18.0,10.0,0,0.0,
2026-06-13 20:10:12,"Push (1)",37m,"Incline Bench Press (Dumbbell)",1,22.0,9.0,0,0.0,
2026-06-13 20:10:12,"Push (1)",37m,"Incline Bench Press (Dumbbell)",2,22.0,9.0,0,0.0,
2026-06-13 20:10:12,"Push (1)",37m,"Incline Bench Press (Dumbbell)",3,22.0,9.0,0,0.0,
2026-06-13 20:10:12,"Push (1)",37m,"Lateral Raise (Dumbbell)",1,6.0,15.0,0,0.0,
2026-06-13 20:10:12,"Push (1)",37m,"Lateral Raise (Dumbbell)",2,6.0,15.0,0,0.0,
2026-06-13 20:10:12,"Push (1)",37m,"Lateral Raise (Dumbbell)",3,6.0,15.0,0,0.0,
2026-06-13 20:10:12,"Push (1)",37m,"Triceps Extension",1,17.5,12.0,0,0.0,
2026-06-13 20:10:12,"Push (1)",37m,"Triceps Extension",2,15.0,12.0,0,0.0,
2026-06-13 20:10:12,"Push (1)",37m,"Triceps Extension",3,15.0,12.0,0,0.0,
2026-06-15 17:31:28,"Pull (1)",49m,"Iso-Lateral Row (Machine)",1,30.0,10.0,0,0.0,
2026-06-15 17:31:28,"Pull (1)",49m,"Iso-Lateral Row (Machine)",2,30.0,10.0,0,0.0,
2026-06-15 17:31:28,"Pull (1)",49m,"Iso-Lateral Row (Machine)",3,30.0,10.0,0,0.0,
2026-06-15 17:31:28,"Pull (1)",49m,"Lat Pulldown (Cable)",1,67.0,8.0,0,0.0,
2026-06-15 17:31:28,"Pull (1)",49m,"Lat Pulldown (Cable)",2,67.0,8.0,0,0.0,
2026-06-15 17:31:28,"Pull (1)",49m,"Lat Pulldown (Cable)",3,77.0,8.0,0,0.0,
2026-06-15 17:31:28,"Pull (1)",49m,"Face Pull (Cable)",1,12.5,12.0,0,0.0,
2026-06-15 17:31:28,"Pull (1)",49m,"Face Pull (Cable)",2,12.5,12.0,0,0.0,
2026-06-15 17:31:28,"Pull (1)",49m,"Face Pull (Cable)",3,12.5,12.0,0,0.0,
2026-06-15 17:31:28,"Pull (1)",49m,"Preacher Curl (Barbell)",1,22.5,8.0,0,0.0,
2026-06-15 17:31:28,"Pull (1)",49m,"Preacher Curl (Barbell)",2,27.5,8.0,0,0.0,
2026-06-15 17:31:28,"Pull (1)",49m,"Preacher Curl (Barbell)",3,27.5,8.0,0,0.0,
2026-06-15 17:31:28,"Pull (1)",49m,"Pull Up",1,0.0,8.0,0,0.0,
2026-06-15 17:31:28,"Pull (1)",49m,"Pull Up",2,0.0,7.0,0,0.0,
2026-06-15 17:31:28,"Pull (1)",49m,"Pull Up",3,0.0,5.0,0,0.0,
2026-06-18 17:48:58,"Push (1)",58m,"Incline Bench Press (Barbell)",1,40.0,8.0,0,0.0,
2026-06-18 17:48:58,"Push (1)",58m,"Incline Bench Press (Barbell)",2,60.0,8.0,0,0.0,
2026-06-18 17:48:58,"Push (1)",58m,"Incline Bench Press (Barbell)",3,60.0,8.0,0,0.0,
2026-06-18 17:48:58,"Push (1)",58m,"Incline Bench Press (Barbell)",4,62.5,5.0,0,0.0,
2026-06-18 17:48:58,"Push (1)",58m,"Incline Bench Press (Barbell)",5,45.0,10.0,0,0.0,
2026-06-18 17:48:58,"Push (1)",58m,"Shoulder Press (Plate Loaded)",1,35.0,8.0,0,0.0,
2026-06-18 17:48:58,"Push (1)",58m,"Shoulder Press (Plate Loaded)",2,35.0,7.0,0,0.0,
2026-06-18 17:48:58,"Push (1)",58m,"Shoulder Press (Plate Loaded)",3,32.5,7.0,0,0.0,
2026-06-18 17:48:58,"Push (1)",58m,"Chest Fly",1,57.5,10.0,0,0.0,
2026-06-18 17:48:58,"Push (1)",58m,"Chest Fly",2,57.5,10.0,0,0.0,
2026-06-18 17:48:58,"Push (1)",58m,"Chest Fly",3,57.5,10.0,0,0.0,
2026-06-18 17:48:58,"Push (1)",58m,"Lateral Raise (Dumbbell)",1,7.0,16.0,0,0.0,
2026-06-18 17:48:58,"Push (1)",58m,"Lateral Raise (Dumbbell)",2,7.0,16.0,0,0.0,
2026-06-18 17:48:58,"Push (1)",58m,"Lateral Raise (Dumbbell)",3,7.0,16.0,0,0.0,
2026-06-18 17:48:58,"Push (1)",58m,"Triceps Dip",1,0.0,10.0,0,0.0,
2026-06-18 17:48:58,"Push (1)",58m,"Triceps Dip",2,0.0,10.0,0,0.0,
2026-06-18 17:48:58,"Push (1)",58m,"Triceps Dip",3,0.0,6.0,0,0.0,
2026-06-19 12:45:43,"Pull (1)",46m,"Seated Wide-Grip Row (Cable)",1,40.0,10.0,0,0.0,
2026-06-19 12:45:43,"Pull (1)",46m,"Seated Wide-Grip Row (Cable)",2,40.0,10.0,0,0.0,
2026-06-19 12:45:43,"Pull (1)",46m,"Seated Wide-Grip Row (Cable)",3,47.0,10.0,0,0.0,
2026-06-19 12:45:43,"Pull (1)",46m,"Seated Wide-Grip Row (Cable)",4,57.0,8.0,0,0.0,
2026-06-19 12:45:43,"Pull (1)",46m,"Lat Pulldown (Cable)",1,67.0,8.0,0,0.0,
2026-06-19 12:45:43,"Pull (1)",46m,"Lat Pulldown (Cable)",2,67.0,8.0,0,0.0,
2026-06-19 12:45:43,"Pull (1)",46m,"Lat Pulldown (Cable)",3,77.0,8.0,0,0.0,
2026-06-19 12:45:43,"Pull (1)",46m,"Alternate Single Arm Lat Pulldown",1,15.0,10.0,0,0.0,
2026-06-19 12:45:43,"Pull (1)",46m,"Alternate Single Arm Lat Pulldown",2,15.0,10.0,0,0.0,
2026-06-19 12:45:43,"Pull (1)",46m,"Alternate Single Arm Lat Pulldown",3,15.0,10.0,0,0.0,
2026-06-19 12:45:43,"Pull (1)",46m,"Preacher Curl (Barbell)",1,27.5,8.0,0,0.0,
2026-06-19 12:45:43,"Pull (1)",46m,"Preacher Curl (Barbell)",2,27.5,8.0,0,0.0,
2026-06-19 12:45:43,"Pull (1)",46m,"Preacher Curl (Barbell)",3,27.5,8.0,0,0.0,
2026-06-19 12:45:43,"Pull (1)",46m,"Pull Up",1,0.0,8.0,0,0.0,
2026-06-19 12:45:43,"Pull (1)",46m,"Pull Up",2,0.0,7.0,0,0.0,
2026-06-19 12:45:43,"Pull (1)",46m,"Pull Up",3,0.0,6.0,0,0.0,
2026-06-20 10:07:05,"Legs",43m,"Squat (Barbell)",1,40.0,8.0,0,0.0,
2026-06-20 10:07:05,"Legs",43m,"Squat (Barbell)",2,60.0,7.0,0,0.0,
2026-06-20 10:07:05,"Legs",43m,"Squat (Barbell)",3,70.0,5.0,0,0.0,
2026-06-20 10:07:05,"Legs",43m,"Squat (Barbell)",4,75.0,5.0,0,0.0,
2026-06-20 10:07:05,"Legs",43m,"Romanian Deadlift (Barbell)",1,60.0,8.0,0,0.0,
2026-06-20 10:07:05,"Legs",43m,"Romanian Deadlift (Barbell)",2,70.0,8.0,0,0.0,
2026-06-20 10:07:05,"Legs",43m,"Romanian Deadlift (Barbell)",3,70.0,8.0,0,0.0,
2026-06-20 10:07:05,"Legs",43m,"Leg Extension (Machine)",1,10.0,10.0,0,0.0,
2026-06-20 10:07:05,"Legs",43m,"Leg Extension (Machine)",2,10.0,10.0,0,0.0,
2026-06-20 10:07:05,"Legs",43m,"Leg Extension (Machine)",3,10.0,10.0,0,0.0,
2026-06-20 10:07:05,"Legs",43m,"Seated Calf Raise (Plate Loaded)",1,40.0,15.0,0,0.0,
2026-06-20 10:07:05,"Legs",43m,"Seated Calf Raise (Plate Loaded)",2,40.0,15.0,0,0.0,
2026-06-20 10:07:05,"Legs",43m,"Seated Calf Raise (Plate Loaded)",3,40.0,15.0,0,0.0,
2026-06-21 10:55:35,"Push (1)",41m,"Incline Bench Press (Dumbbell)",1,20.0,8.0,0,0.0,
2026-06-21 10:55:35,"Push (1)",41m,"Incline Bench Press (Dumbbell)",2,26.0,8.0,0,0.0,
2026-06-21 10:55:35,"Push (1)",41m,"Incline Bench Press (Dumbbell)",3,26.0,8.0,0,0.0,
2026-06-21 10:55:35,"Push (1)",41m,"Incline Bench Press (Dumbbell)",4,26.0,8.0,0,0.0,
2026-06-21 10:55:35,"Push (1)",41m,"Arnold Press (Dumbbell)",1,20.0,10.0,0,0.0,
2026-06-21 10:55:35,"Push (1)",41m,"Arnold Press (Dumbbell)",2,20.0,10.0,0,0.0,
2026-06-21 10:55:35,"Push (1)",41m,"Arnold Press (Dumbbell)",3,20.0,10.0,0,0.0,
2026-06-21 10:55:35,"Push (1)",41m,"Cable Crossover",1,11.25,10.0,0,0.0,
2026-06-21 10:55:35,"Push (1)",41m,"Cable Crossover",2,11.25,10.0,0,0.0,
2026-06-21 10:55:35,"Push (1)",41m,"Cable Crossover",3,11.25,10.0,0,0.0,
2026-06-21 10:55:35,"Push (1)",41m,"Lateral Raise (Dumbbell)",1,6.0,18.0,0,0.0,
2026-06-21 10:55:35,"Push (1)",41m,"Lateral Raise (Dumbbell)",2,6.0,18.0,0,0.0,
2026-06-21 10:55:35,"Push (1)",41m,"Lateral Raise (Dumbbell)",3,6.0,18.0,0,0.0,
2026-06-21 10:55:35,"Push (1)",41m,"Triceps Extension (Cable)",1,17.5,12.0,0,0.0,
2026-06-21 10:55:35,"Push (1)",41m,"Triceps Extension (Cable)",2,17.5,12.0,0,0.0,
2026-06-21 10:55:35,"Push (1)",41m,"Triceps Extension (Cable)",3,17.5,12.0,0,0.0,
2026-06-22 17:53:06,"Pull (1)",1h 6m,"Alternate Single Arm Lat Pulldown",1,15.0,10.0,0,0.0,
2026-06-22 17:53:06,"Pull (1)",1h 6m,"Alternate Single Arm Lat Pulldown",2,15.0,10.0,0,0.0,
2026-06-22 17:53:06,"Pull (1)",1h 6m,"Alternate Single Arm Lat Pulldown",3,15.0,10.0,0,0.0,
2026-06-22 17:53:06,"Pull (1)",1h 6m,"Seated Wide-Grip Row (Cable)",1,47.0,10.0,0,0.0,
2026-06-22 17:53:06,"Pull (1)",1h 6m,"Seated Wide-Grip Row (Cable)",2,57.0,8.0,0,0.0,
2026-06-22 17:53:06,"Pull (1)",1h 6m,"Seated Wide-Grip Row (Cable)",3,47.0,10.0,0,0.0,
2026-06-22 17:53:06,"Pull (1)",1h 6m,"Seated Wide-Grip Row (Cable)",4,47.0,10.0,0,0.0,
2026-06-22 17:53:06,"Pull (1)",1h 6m,"Lat Pulldown (Cable)",1,67.0,8.0,0,0.0,
2026-06-22 17:53:06,"Pull (1)",1h 6m,"Lat Pulldown (Cable)",2,67.0,8.0,0,0.0,
2026-06-22 17:53:06,"Pull (1)",1h 6m,"Lat Pulldown (Cable)",3,67.0,8.0,0,0.0,
2026-06-22 17:53:06,"Pull (1)",1h 6m,"Preacher Curl (Barbell)",1,26.0,8.0,0,0.0,
2026-06-22 17:53:06,"Pull (1)",1h 6m,"Preacher Curl (Barbell)",2,26.0,8.0,0,0.0,
2026-06-22 17:53:06,"Pull (1)",1h 6m,"Preacher Curl (Barbell)",3,26.0,8.0,0,0.0,
2026-06-22 17:53:06,"Pull (1)",1h 6m,"Pull Up",1,0.0,8.0,0,0.0,
2026-06-22 17:53:06,"Pull (1)",1h 6m,"Pull Up",2,0.0,8.0,0,0.0,
2026-06-22 17:53:06,"Pull (1)",1h 6m,"Pull Up",3,0.0,7.0,0,0.0,
2026-06-25 18:10:49,"Push (1)",57m,"Incline Bench Press (Barbell)",1,40.0,8.0,0,0.0,
2026-06-25 18:10:49,"Push (1)",57m,"Incline Bench Press (Barbell)",2,60.0,8.0,0,0.0,
2026-06-25 18:10:49,"Push (1)",57m,"Incline Bench Press (Barbell)",3,62.5,8.0,0,0.0,
2026-06-25 18:10:49,"Push (1)",57m,"Incline Bench Press (Barbell)",4,62.5,6.0,0,0.0,
2026-06-25 18:10:49,"Push (1)",57m,"Incline Bench Press (Barbell)",5,45.0,10.0,0,0.0,
2026-06-25 18:10:49,"Push (1)",57m,"Arnold Press (Dumbbell)",1,22.0,6.0,0,0.0,
2026-06-25 18:10:49,"Push (1)",57m,"Arnold Press (Dumbbell)",2,20.0,8.0,0,0.0,
2026-06-25 18:10:49,"Push (1)",57m,"Arnold Press (Dumbbell)",3,20.0,7.0,0,0.0,
2026-06-25 18:10:49,"Push (1)",57m,"Chest Fly",1,65.0,8.0,0,0.0,
2026-06-25 18:10:49,"Push (1)",57m,"Chest Fly",2,65.0,8.0,0,0.0,
2026-06-25 18:10:49,"Push (1)",57m,"Chest Fly",3,50.0,12.0,0,0.0,
2026-06-25 18:10:49,"Push (1)",57m,"Lateral Raise (Dumbbell)",1,7.0,16.0,0,0.0,
2026-06-25 18:10:49,"Push (1)",57m,"Lateral Raise (Dumbbell)",2,7.0,16.0,0,0.0,
2026-06-25 18:10:49,"Push (1)",57m,"Lateral Raise (Dumbbell)",3,7.0,16.0,0,0.0,
2026-06-25 18:10:49,"Push (1)",57m,"Triceps Dip",1,0.0,10.0,0,0.0,
2026-06-25 18:10:49,"Push (1)",57m,"Triceps Dip",2,0.0,10.0,0,0.0,
2026-06-25 18:10:49,"Push (1)",57m,"Triceps Dip",3,0.0,10.0,0,0.0,
2026-06-26 18:34:15,"Pull (1)",52m,"Seated Wide-Grip Row (Cable)",1,47.0,10.0,0,0.0,
2026-06-26 18:34:15,"Pull (1)",52m,"Seated Wide-Grip Row (Cable)",2,57.0,8.0,0,0.0,
2026-06-26 18:34:15,"Pull (1)",52m,"Seated Wide-Grip Row (Cable)",3,57.0,8.0,0,0.0,
2026-06-26 18:34:15,"Pull (1)",52m,"Seated Wide-Grip Row (Cable)",4,47.0,10.0,0,0.0,
2026-06-26 18:34:15,"Pull (1)",52m,"Lat Pulldown (Cable)",1,67.0,8.0,0,0.0,
2026-06-26 18:34:15,"Pull (1)",52m,"Lat Pulldown (Cable)",2,77.0,8.0,0,0.0,
2026-06-26 18:34:15,"Pull (1)",52m,"Lat Pulldown (Cable)",3,67.0,8.0,0,0.0,
2026-06-26 18:34:15,"Pull (1)",52m,"Alternate Single Arm Lat Pulldown",1,15.0,10.0,0,0.0,
2026-06-26 18:34:15,"Pull (1)",52m,"Alternate Single Arm Lat Pulldown",2,15.0,10.0,0,0.0,
2026-06-26 18:34:15,"Pull (1)",52m,"Alternate Single Arm Lat Pulldown",3,15.0,10.0,0,0.0,
2026-06-26 18:34:15,"Pull (1)",52m,"Bicep Curl (Barbell)",1,30.0,8.0,0,0.0,
2026-06-26 18:34:15,"Pull (1)",52m,"Bicep Curl (Barbell)",2,30.0,8.0,0,0.0,
2026-06-26 18:34:15,"Pull (1)",52m,"Bicep Curl (Barbell)",3,30.0,8.0,0,0.0,
2026-06-26 18:34:15,"Pull (1)",52m,"Pull Up",1,0.0,7.0,0,0.0,
2026-06-26 18:34:15,"Pull (1)",52m,"Pull Up",2,0.0,6.0,0,0.0,
2026-06-28 09:34:35,"Push (1)",41m,"Incline Bench Press (Dumbbell)",1,28.0,8.0,0,0.0,
2026-06-28 09:34:35,"Push (1)",41m,"Incline Bench Press (Dumbbell)",2,28.0,8.0,0,0.0,
2026-06-28 09:34:35,"Push (1)",41m,"Incline Bench Press (Dumbbell)",3,28.0,7.0,0,0.0,
2026-06-28 09:34:35,"Push (1)",41m,"Landmine Press",1,20.0,10.0,0,0.0,
2026-06-28 09:34:35,"Push (1)",41m,"Landmine Press",2,30.0,8.0,0,0.0,
2026-06-28 09:34:35,"Push (1)",41m,"Landmine Press",3,30.0,8.0,0,0.0,
2026-06-28 09:34:35,"Push (1)",41m,"Cable Crossover",1,12.5,10.0,0,0.0,
2026-06-28 09:34:35,"Push (1)",41m,"Cable Crossover",2,12.5,10.0,0,0.0,
2026-06-28 09:34:35,"Push (1)",41m,"Cable Crossover",3,12.5,10.0,0,0.0,
2026-06-28 09:34:35,"Push (1)",41m,"Lateral Raise (Dumbbell)",1,7.0,15.0,0,0.0,
2026-06-28 09:34:35,"Push (1)",41m,"Lateral Raise (Dumbbell)",2,7.0,15.0,0,0.0,
2026-06-28 09:34:35,"Push (1)",41m,"Lateral Raise (Dumbbell)",3,7.0,16.0,0,0.0,
2026-06-28 09:34:35,"Push (1)",41m,"Triceps Extension (Cable)",1,18.75,10.0,0,0.0,
2026-06-28 09:34:35,"Push (1)",41m,"Triceps Extension (Cable)",2,18.75,10.0,0,0.0,
2026-06-28 09:34:35,"Push (1)",41m,"Triceps Extension (Cable)",3,18.75,10.0,0,0.0,
2026-06-29 18:21:53,"Pull (1)",1h 17m,"Seated Wide-Grip Row (Cable)",1,47.0,10.0,0,0.0,
2026-06-29 18:21:53,"Pull (1)",1h 17m,"Seated Wide-Grip Row (Cable)",2,57.0,8.0,0,0.0,
2026-06-29 18:21:53,"Pull (1)",1h 17m,"Seated Wide-Grip Row (Cable)",3,57.0,8.0,0,0.0,
2026-06-29 18:21:53,"Pull (1)",1h 17m,"Seated Wide-Grip Row (Cable)",4,57.0,8.0,0,0.0,
2026-06-29 18:21:53,"Pull (1)",1h 17m,"Lat Pulldown (Cable)",1,67.0,8.0,0,0.0,
2026-06-29 18:21:53,"Pull (1)",1h 17m,"Lat Pulldown (Cable)",2,67.0,8.0,0,0.0,
2026-06-29 18:21:53,"Pull (1)",1h 17m,"Lat Pulldown (Cable)",3,57.0,8.0,0,0.0,
2026-06-29 18:21:53,"Pull (1)",1h 17m,"Alternate Single Arm Lat Pulldown",1,15.0,10.0,0,0.0,
2026-06-29 18:21:53,"Pull (1)",1h 17m,"Alternate Single Arm Lat Pulldown",2,15.0,10.0,0,0.0,
2026-06-29 18:21:53,"Pull (1)",1h 17m,"Alternate Single Arm Lat Pulldown",3,15.0,10.0,0,0.0,
2026-06-29 18:21:53,"Pull (1)",1h 17m,"Bicep Curl (Barbell)",1,30.0,8.0,0,0.0,
2026-06-29 18:21:53,"Pull (1)",1h 17m,"Bicep Curl (Barbell)",2,30.0,8.0,0,0.0,
2026-06-29 18:21:53,"Pull (1)",1h 17m,"Bicep Curl (Barbell)",3,30.0,8.0,0,0.0,
2026-06-29 18:21:53,"Pull (1)",1h 17m,"Pull Up",1,0.0,7.0,0,0.0,
2026-06-29 18:21:53,"Pull (1)",1h 17m,"Pull Up",2,0.0,6.0,0,0.0,
2026-06-29 18:21:53,"Pull (1)",1h 17m,"Pull Up",3,0.0,7.0,0,0.0,
2026-07-02 13:17:17,"Push (1)",52m,"Incline Bench Press (Barbell)",1,40.0,8.0,0,0.0,
2026-07-02 13:17:17,"Push (1)",52m,"Incline Bench Press (Barbell)",2,60.0,8.0,0,0.0,
2026-07-02 13:17:17,"Push (1)",52m,"Incline Bench Press (Barbell)",3,62.5,8.0,0,0.0,
2026-07-02 13:17:17,"Push (1)",52m,"Incline Bench Press (Barbell)",4,62.5,8.0,0,0.0,
2026-07-02 13:17:17,"Push (1)",52m,"Incline Bench Press (Barbell)",5,45.0,6.0,0,0.0,
2026-07-02 13:17:17,"Push (1)",52m,"Shoulder Press (Plate Loaded)",1,35.0,8.0,0,0.0,
2026-07-02 13:17:17,"Push (1)",52m,"Shoulder Press (Plate Loaded)",2,35.0,8.0,0,0.0,
2026-07-02 13:17:17,"Push (1)",52m,"Shoulder Press (Plate Loaded)",3,35.0,7.0,0,0.0,
2026-07-02 13:17:17,"Push (1)",52m,"Chest Fly",1,65.0,8.0,0,0.0,
2026-07-02 13:17:17,"Push (1)",52m,"Chest Fly",2,65.0,8.0,0,0.0,
2026-07-02 13:17:17,"Push (1)",52m,"Chest Fly",3,65.0,8.0,0,0.0,
2026-07-02 13:17:17,"Push (1)",52m,"Lying Down Row Lateral Raise",1,6.0,15.0,0,0.0,
2026-07-02 13:17:17,"Push (1)",52m,"Lying Down Row Lateral Raise",2,9.5,10.0,0,0.0,
2026-07-02 13:17:17,"Push (1)",52m,"Lying Down Row Lateral Raise",3,6.0,15.0,0,0.0,
2026-07-02 13:17:17,"Push (1)",52m,"Triceps Dip",1,0.0,10.0,0,0.0,
2026-07-02 13:17:17,"Push (1)",52m,"Triceps Dip",2,0.0,10.0,0,0.0,
2026-07-02 13:17:17,"Push (1)",52m,"Triceps Dip",3,0.0,10.0,0,0.0,
2026-07-03 07:34:43,"Pull (1)",42m,"Alternate Single Arm Lat Pulldown",1,15.0,10.0,0,0.0,
2026-07-03 07:34:43,"Pull (1)",42m,"Alternate Single Arm Lat Pulldown",2,17.5,10.0,0,0.0,
2026-07-03 07:34:43,"Pull (1)",42m,"Alternate Single Arm Lat Pulldown",3,17.5,10.0,0,0.0,
2026-07-03 07:34:43,"Pull (1)",42m,"Lat Pulldown (Cable)",1,67.0,8.0,0,0.0,
2026-07-03 07:34:43,"Pull (1)",42m,"Lat Pulldown (Cable)",2,67.0,8.0,0,0.0,
2026-07-03 07:34:43,"Pull (1)",42m,"Lat Pulldown (Cable)",3,67.0,8.0,0,0.0,
2026-07-03 07:34:43,"Pull (1)",42m,"Seated Wide-Grip Row (Cable)",1,60.0,8.0,0,0.0,
2026-07-03 07:34:43,"Pull (1)",42m,"Seated Wide-Grip Row (Cable)",2,47.0,8.0,0,0.0,
2026-07-03 07:34:43,"Pull (1)",42m,"Seated Wide-Grip Row (Cable)",3,47.0,8.0,0,0.0,
2026-07-03 07:34:43,"Pull (1)",42m,"Preacher Curl (Barbell)",1,27.5,8.0,0,0.0,
2026-07-03 07:34:43,"Pull (1)",42m,"Preacher Curl (Barbell)",2,27.5,8.0,0,0.0,
2026-07-03 07:34:43,"Pull (1)",42m,"Preacher Curl (Barbell)",3,27.5,8.0,0,0.0,
2026-07-03 07:34:43,"Pull (1)",42m,"Pull Up",1,0.0,5.0,0,0.0,
2026-07-03 07:34:43,"Pull (1)",42m,"Pull Up",2,0.0,5.0,0,0.0,
2026-07-03 07:34:43,"Pull (1)",42m,"Pull Up",3,0.0,5.0,0,0.0,
2026-07-05 11:10:26,"Push (1)",56m,"Incline Bench Press (Dumbbell)",1,20.0,8.0,0,0.0,
2026-07-05 11:10:26,"Push (1)",56m,"Incline Bench Press (Dumbbell)",2,28.0,8.0,0,0.0,
2026-07-05 11:10:26,"Push (1)",56m,"Incline Bench Press (Dumbbell)",3,28.0,8.0,0,0.0,
2026-07-05 11:10:26,"Push (1)",56m,"Incline Bench Press (Dumbbell)",4,28.0,8.0,0,0.0,
2026-07-05 11:10:26,"Push (1)",56m,"Arnold Press (Dumbbell)",1,22.0,8.0,0,0.0,
2026-07-05 11:10:26,"Push (1)",56m,"Arnold Press (Dumbbell)",2,22.0,8.0,0,0.0,
2026-07-05 11:10:26,"Push (1)",56m,"Arnold Press (Dumbbell)",3,22.0,8.0,0,0.0,
2026-07-05 11:10:26,"Push (1)",56m,"Cable Crossover",1,13.75,8.0,0,0.0,
2026-07-05 11:10:26,"Push (1)",56m,"Cable Crossover",2,13.75,8.0,0,0.0,
2026-07-05 11:10:26,"Push (1)",56m,"Cable Crossover",3,13.75,8.0,0,0.0,
2026-07-05 11:10:26,"Push (1)",56m,"Lateral Raise (Dumbbell)",1,7.0,18.0,0,0.0,
2026-07-05 11:10:26,"Push (1)",56m,"Lateral Raise (Dumbbell)",2,7.0,18.0,0,0.0,
2026-07-05 11:10:26,"Push (1)",56m,"Lateral Raise (Dumbbell)",3,7.0,18.0,0,0.0,
2026-07-05 11:10:26,"Push (1)",56m,"One Handed Triceps Pull",1,7.5,8.0,0,0.0,
2026-07-05 11:10:26,"Push (1)",56m,"One Handed Triceps Pull",2,5.0,12.0,0,0.0,
2026-07-05 11:10:26,"Push (1)",56m,"One Handed Triceps Pull",3,5.0,12.0,0,0.0,
2026-07-06 18:39:27,"Pull (1)",1h,"Seated Wide-Grip Row (Cable)",1,40.0,10.0,0,0.0,
2026-07-06 18:39:27,"Pull (1)",1h,"Seated Wide-Grip Row (Cable)",2,57.0,8.0,0,0.0,
2026-07-06 18:39:27,"Pull (1)",1h,"Seated Wide-Grip Row (Cable)",3,57.0,8.0,0,0.0,
2026-07-06 18:39:27,"Pull (1)",1h,"Seated Wide-Grip Row (Cable)",4,57.0,8.0,0,0.0,
2026-07-06 18:39:27,"Pull (1)",1h,"Lat Pulldown (Cable)",1,67.0,8.0,0,0.0,
2026-07-06 18:39:27,"Pull (1)",1h,"Lat Pulldown (Cable)",2,67.0,8.0,0,0.0,
2026-07-06 18:39:27,"Pull (1)",1h,"Lat Pulldown (Cable)",3,67.0,8.0,0,0.0,
2026-07-06 18:39:27,"Pull (1)",1h,"Alternate Single Arm Lat Pulldown",1,17.5,10.0,0,0.0,
2026-07-06 18:39:27,"Pull (1)",1h,"Alternate Single Arm Lat Pulldown",2,17.5,10.0,0,0.0,
2026-07-06 18:39:27,"Pull (1)",1h,"Alternate Single Arm Lat Pulldown",3,17.5,10.0,0,0.0,
2026-07-06 18:39:27,"Pull (1)",1h,"Bicep Curl (Barbell)",1,30.0,8.0,0,0.0,
2026-07-06 18:39:27,"Pull (1)",1h,"Bicep Curl (Barbell)",2,30.0,8.0,0,0.0,
2026-07-06 18:39:27,"Pull (1)",1h,"Bicep Curl (Barbell)",3,30.0,8.0,0,0.0,
2026-07-06 18:39:27,"Pull (1)",1h,"Pull Up",1,0.0,5.0,0,0.0,
2026-07-06 18:39:27,"Pull (1)",1h,"Pull Up",2,0.0,5.0,0,0.0,
2026-07-06 18:39:27,"Pull (1)",1h,"Pull Up",3,0.0,5.0,0,0.0,
2026-07-09 07:42:27,"Push (1)",47m,"Incline Bench Press (Barbell)",1,40.0,8.0,0,0.0,
2026-07-09 07:42:27,"Push (1)",47m,"Incline Bench Press (Barbell)",2,60.0,8.0,0,0.0,
2026-07-09 07:42:27,"Push (1)",47m,"Incline Bench Press (Barbell)",3,65.0,8.0,0,0.0,
2026-07-09 07:42:27,"Push (1)",47m,"Incline Bench Press (Barbell)",4,65.0,5.0,0,0.0,
2026-07-09 07:42:27,"Push (1)",47m,"Incline Bench Press (Barbell)",5,40.0,10.0,0,0.0,
2026-07-09 07:42:27,"Push (1)",47m,"Shoulder Press (Plate Loaded)",1,35.0,8.0,0,0.0,
2026-07-09 07:42:27,"Push (1)",47m,"Shoulder Press (Plate Loaded)",2,35.0,8.0,0,0.0,
2026-07-09 07:42:27,"Push (1)",47m,"Shoulder Press (Plate Loaded)",3,35.0,8.0,0,0.0,
2026-07-09 07:42:27,"Push (1)",47m,"Chest Fly",1,65.0,8.0,0,0.0,
2026-07-09 07:42:27,"Push (1)",47m,"Chest Fly",2,65.0,8.0,0,0.0,
2026-07-09 07:42:27,"Push (1)",47m,"Chest Fly",3,65.0,8.0,0,0.0,
2026-07-09 07:42:27,"Push (1)",47m,"Lateral Raise (Dumbbell)",1,7.0,18.0,0,0.0,
2026-07-09 07:42:27,"Push (1)",47m,"Lateral Raise (Dumbbell)",2,7.0,18.0,0,0.0,
2026-07-09 07:42:27,"Push (1)",47m,"Lateral Raise (Dumbbell)",3,7.0,18.0,0,0.0,
2026-07-09 07:42:27,"Push (1)",47m,"Triceps Dip",1,0.0,10.0,0,0.0,
2026-07-09 07:42:27,"Push (1)",47m,"Triceps Dip",2,0.0,10.0,0,0.0,
2026-07-09 07:42:27,"Push (1)",47m,"Triceps Dip",3,0.0,10.0,0,0.0,
2026-07-10 12:11:05,"Pull (1)",42m,"Seated Wide-Grip Row (Cable)",1,47.0,8.0,0,0.0,
2026-07-10 12:11:05,"Pull (1)",42m,"Seated Wide-Grip Row (Cable)",2,57.0,8.0,0,0.0,
2026-07-10 12:11:05,"Pull (1)",42m,"Seated Wide-Grip Row (Cable)",3,57.0,8.0,0,0.0,
2026-07-10 12:11:05,"Pull (1)",42m,"Seated Wide-Grip Row (Cable)",4,57.0,8.0,0,0.0,
2026-07-10 12:11:05,"Pull (1)",42m,"Lat Pulldown (Cable)",1,67.0,8.0,0,0.0,
2026-07-10 12:11:05,"Pull (1)",42m,"Lat Pulldown (Cable)",2,67.0,8.0,0,0.0,
2026-07-10 12:11:05,"Pull (1)",42m,"Lat Pulldown (Cable)",3,67.0,8.0,0,0.0,
2026-07-10 12:11:05,"Pull (1)",42m,"Alternate Single Arm Lat Pulldown",1,17.5,10.0,0,0.0,
2026-07-10 12:11:05,"Pull (1)",42m,"Alternate Single Arm Lat Pulldown",2,17.5,10.0,0,0.0,
2026-07-10 12:11:05,"Pull (1)",42m,"Alternate Single Arm Lat Pulldown",3,17.5,10.0,0,0.0,
2026-07-10 12:11:05,"Pull (1)",42m,"Bicep Curl (Barbell)",1,34.0,5.0,0,0.0,
2026-07-10 12:11:05,"Pull (1)",42m,"Bicep Curl (Barbell)",2,34.0,5.0,0,0.0,
2026-07-10 12:11:05,"Pull (1)",42m,"Bicep Curl (Barbell)",3,26.0,10.0,0,0.0,
2026-07-10 12:11:05,"Pull (1)",42m,"Pull Up",1,0.0,7.0,0,0.0,
2026-07-10 12:11:05,"Pull (1)",42m,"Pull Up",2,0.0,5.0,0,0.0,
2026-07-10 12:11:05,"Pull (1)",42m,"Pull Up",3,0.0,5.0,0,0.0,
2026-07-23 09:48:41,"Push (1)",1h 5m,"Incline Bench Press (Barbell)",1,40.0,8.0,0,0.0,
2026-07-23 09:48:41,"Push (1)",1h 5m,"Incline Bench Press (Barbell)",2,60.0,8.0,0,0.0,
2026-07-23 09:48:41,"Push (1)",1h 5m,"Incline Bench Press (Barbell)",3,60.0,8.0,0,0.0,
2026-07-23 09:48:41,"Push (1)",1h 5m,"Incline Bench Press (Barbell)",4,60.0,8.0,0,0.0,
2026-07-23 09:48:41,"Push (1)",1h 5m,"Incline Bench Press (Barbell)",5,40.0,10.0,0,0.0,
2026-07-23 09:48:41,"Push (1)",1h 5m,"Arnold Press (Dumbbell)",1,20.0,8.0,0,0.0,
2026-07-23 09:48:41,"Push (1)",1h 5m,"Arnold Press (Dumbbell)",2,20.0,8.0,0,0.0,
2026-07-23 09:48:41,"Push (1)",1h 5m,"Arnold Press (Dumbbell)",3,20.0,8.0,0,0.0,
2026-07-23 09:48:41,"Push (1)",1h 5m,"Chest Fly",1,65.0,8.0,0,0.0,
2026-07-23 09:48:41,"Push (1)",1h 5m,"Chest Fly",2,65.0,8.0,0,0.0,
2026-07-23 09:48:41,"Push (1)",1h 5m,"Chest Fly",3,65.0,8.0,0,0.0,
2026-07-23 09:48:41,"Push (1)",1h 5m,"Lateral Raise (Dumbbell)",1,6.0,20.0,0,0.0,
2026-07-23 09:48:41,"Push (1)",1h 5m,"Lateral Raise (Dumbbell)",2,6.0,20.0,0,0.0,
2026-07-23 09:48:41,"Push (1)",1h 5m,"Lateral Raise (Dumbbell)",3,6.0,20.0,0,0.0,
2026-07-23 09:48:41,"Push (1)",1h 5m,"Triceps Dip",1,0.0,10.0,0,0.0,
2026-07-23 09:48:41,"Push (1)",1h 5m,"Triceps Dip",2,0.0,10.0,0,0.0,
2026-07-23 09:48:41,"Push (1)",1h 5m,"Triceps Dip",3,0.0,10.0,0,0.0,
2026-07-24 11:15:55,"Pull (1)",39m,"Seated Wide-Grip Row (Cable)",1,47.0,8.0,0,0.0,
2026-07-24 11:15:55,"Pull (1)",39m,"Seated Wide-Grip Row (Cable)",2,57.0,8.0,0,0.0,
2026-07-24 11:15:55,"Pull (1)",39m,"Seated Wide-Grip Row (Cable)",3,57.0,8.0,0,0.0,
2026-07-24 11:15:55,"Pull (1)",39m,"Seated Wide-Grip Row (Cable)",4,57.0,8.0,0,0.0,
2026-07-24 11:15:55,"Pull (1)",39m,"Lat Pulldown (Cable)",1,67.0,8.0,0,0.0,
2026-07-24 11:15:55,"Pull (1)",39m,"Lat Pulldown (Cable)",2,67.0,8.0,0,0.0,
2026-07-24 11:15:55,"Pull (1)",39m,"Lat Pulldown (Cable)",3,67.0,8.0,0,0.0,
2026-07-24 11:15:55,"Pull (1)",39m,"Bicep Curl (Barbell)",1,30.0,8.0,0,0.0,
2026-07-24 11:15:55,"Pull (1)",39m,"Bicep Curl (Barbell)",2,30.0,8.0,0,0.0,
2026-07-24 11:15:55,"Pull (1)",39m,"Bicep Curl (Barbell)",3,30.0,8.0,0,0.0,
2026-07-24 11:15:55,"Pull (1)",39m,"Pull Up",1,0.0,6.0,0,0.0,
2026-07-24 11:15:55,"Pull (1)",39m,"Pull Up",2,0.0,6.0,0,0.0,
2026-07-24 11:15:55,"Pull (1)",39m,"Pull Up",3,0.0,5.0,0,0.0,
2026-07-25 11:29:34,"Legs",1h 9m,"Pendulum Squat",1,0.0,8.0,0,0.0,
2026-07-25 11:29:34,"Legs",1h 9m,"Pendulum Squat",2,20.0,8.0,0,0.0,
2026-07-25 11:29:34,"Legs",1h 9m,"Pendulum Squat",3,20.0,8.0,0,0.0,
2026-07-25 11:29:34,"Legs",1h 9m,"Pendulum Squat",4,20.0,8.0,0,0.0,
2026-07-25 11:29:34,"Legs",1h 9m,"Pendulum Squat",5,25.0,8.0,0,0.0,
2026-07-25 11:29:34,"Legs",1h 9m,"Single Leg Romanian Deadlift",1,20.0,8.0,0,0.0,
2026-07-25 11:29:34,"Legs",1h 9m,"Single Leg Romanian Deadlift",2,26.0,8.0,0,0.0,
2026-07-25 11:29:34,"Legs",1h 9m,"Single Leg Romanian Deadlift",3,26.0,8.0,0,0.0,
2026-07-25 11:29:34,"Legs",1h 9m,"Hip Thrust (Plate Loaded)",1,40.0,10.0,0,0.0,
2026-07-25 11:29:34,"Legs",1h 9m,"Hip Thrust (Plate Loaded)",2,40.0,12.0,0,0.0,
2026-07-25 11:29:34,"Legs",1h 9m,"Hip Thrust (Plate Loaded)",3,40.0,12.0,0,0.0,
2026-07-25 11:29:34,"Legs",1h 9m,"Lunge (Barbell)",1,10.0,30.0,0,0.0,
2026-07-25 11:29:34,"Legs",1h 9m,"Lunge (Barbell)",2,10.0,30.0,0,0.0,
2026-07-25 11:29:34,"Legs",1h 9m,"Lunge (Barbell)",3,10.0,30.0,0,0.0,
2026-07-25 11:29:34,"Legs",1h 9m,"Seated Calf Raise (Plate Loaded)",1,40.0,15.0,0,0.0,
2026-07-25 11:29:34,"Legs",1h 9m,"Seated Calf Raise (Plate Loaded)",2,40.0,15.0,0,0.0,
2026-07-25 11:29:34,"Legs",1h 9m,"Seated Calf Raise (Plate Loaded)",3,40.0,15.0,0,0.0,
2026-07-25 11:29:34,"Legs",1h 9m,"Seated Calf Raise (Plate Loaded)",4,35.0,15.0,0,0.0,
2026-07-25 11:29:34,"Legs",1h 9m,"Seated Calf Raise (Plate Loaded)",5,35.0,15.0,0,0.0,
2026-07-27 18:15:38,"Push (1)",1h 21m,"Incline Bench Press (Barbell)",1,40.0,8.0,0,0.0,
2026-07-27 18:15:38,"Push (1)",1h 21m,"Incline Bench Press (Barbell)",2,60.0,8.0,0,0.0,
2026-07-27 18:15:38,"Push (1)",1h 21m,"Incline Bench Press (Barbell)",3,65.0,8.0,0,0.0,
2026-07-27 18:15:38,"Push (1)",1h 21m,"Incline Bench Press (Barbell)",4,65.0,6.0,0,0.0,
2026-07-27 18:15:38,"Push (1)",1h 21m,"Incline Bench Press (Barbell)",5,40.0,10.0,0,0.0,
2026-07-27 18:15:38,"Push (1)",1h 21m,"Overhead Press (Barbell)",1,20.0,10.0,0,0.0,
2026-07-27 18:15:38,"Push (1)",1h 21m,"Overhead Press (Barbell)",2,40.0,8.0,0,0.0,
2026-07-27 18:15:38,"Push (1)",1h 21m,"Overhead Press (Barbell)",3,40.0,8.0,0,0.0,
2026-07-27 18:15:38,"Push (1)",1h 21m,"Overhead Press (Barbell)",4,40.0,6.0,0,0.0,
2026-07-27 18:15:38,"Push (1)",1h 21m,"Cable Crossover",1,11.25,8.0,0,0.0,
2026-07-27 18:15:38,"Push (1)",1h 21m,"Cable Crossover",2,13.75,8.0,0,0.0,
2026-07-27 18:15:38,"Push (1)",1h 21m,"Cable Crossover",3,16.25,8.0,0,0.0,
2026-07-27 18:15:38,"Push (1)",1h 21m,"Lateral Raise (Dumbbell)",1,7.0,17.0,0,0.0,
2026-07-27 18:15:38,"Push (1)",1h 21m,"Lateral Raise (Dumbbell)",2,7.0,18.0,0,0.0,
2026-07-27 18:15:38,"Push (1)",1h 21m,"Lateral Raise (Dumbbell)",3,7.0,19.0,0,0.0,
2026-07-27 18:15:38,"Push (1)",1h 21m,"Triceps Extension",1,17.5,10.0,0,0.0,
2026-07-27 18:15:38,"Push (1)",1h 21m,"Triceps Extension",2,15.0,12.0,0,0.0,
2026-07-27 18:15:38,"Push (1)",1h 21m,"Triceps Extension",3,15.0,10.0,0,0.0,
2026-07-27 18:15:38,"Push (1)",1h 21m,"Triceps Dip",1,0.0,10.0,0,0.0,
2026-07-27 18:15:38,"Push (1)",1h 21m,"Triceps Dip",2,0.0,10.0,0,0.0,
2026-07-27 18:15:38,"Push (1)",1h 21m,"Triceps Dip",3,0.0,10.0,0,0.0,
2026-07-30 12:30:23,"Pull (1)",59m,"Seated Wide-Grip Row (Cable)",1,47.0,10.0,0,0.0,
2026-07-30 12:30:23,"Pull (1)",59m,"Seated Wide-Grip Row (Cable)",2,57.0,8.0,0,0.0,
2026-07-30 12:30:23,"Pull (1)",59m,"Seated Wide-Grip Row (Cable)",3,57.0,8.0,0,0.0,
2026-07-30 12:30:23,"Pull (1)",59m,"Seated Wide-Grip Row (Cable)",4,57.0,8.0,0,0.0,
2026-07-30 12:30:23,"Pull (1)",59m,"Lat Pulldown (Cable)",1,67.0,8.0,0,0.0,
2026-07-30 12:30:23,"Pull (1)",59m,"Lat Pulldown (Cable)",2,77.0,6.0,0,0.0,
2026-07-30 12:30:23,"Pull (1)",59m,"Lat Pulldown (Cable)",3,77.0,6.0,0,0.0,
2026-07-30 12:30:23,"Pull (1)",59m,"Alternate Single Arm Lat Pulldown",1,17.5,8.0,0,0.0,
2026-07-30 12:30:23,"Pull (1)",59m,"Alternate Single Arm Lat Pulldown",2,17.5,10.0,0,0.0,
2026-07-30 12:30:23,"Pull (1)",59m,"Alternate Single Arm Lat Pulldown",3,17.5,10.0,0,0.0,
2026-07-30 12:30:23,"Pull (1)",59m,"Preacher Curl (Barbell)",1,32.5,5.0,0,0.0,
2026-07-30 12:30:23,"Pull (1)",59m,"Preacher Curl (Barbell)",2,32.5,5.0,0,0.0,
2026-07-30 12:30:23,"Pull (1)",59m,"Preacher Curl (Barbell)",3,27.5,8.0,0,0.0,
2026-07-30 12:30:23,"Pull (1)",59m,"Side Pull Up",1,0,8.0,0,0.0,
2026-07-30 12:30:23,"Pull (1)",59m,"Side Pull Up",2,0,8.0,0,0.0,
2026-07-30 12:30:23,"Pull (1)",59m,"Side Pull Up",3,0,8.0,0,0.0,
2026-08-03 10:53:35,"Push (1)",43m,"Incline Bench Press (Barbell)",1,40.0,8.0,0,0.0,
2026-08-03 10:53:35,"Push (1)",43m,"Incline Bench Press (Barbell)",2,60.0,8.0,0,0.0,
2026-08-03 10:53:35,"Push (1)",43m,"Incline Bench Press (Barbell)",3,60.0,8.0,0,0.0,
2026-08-03 10:53:35,"Push (1)",43m,"Incline Bench Press (Barbell)",4,60.0,8.0,0,0.0,
2026-08-03 10:53:35,"Push (1)",43m,"Incline Bench Press (Barbell)",5,40.0,8.0,0,0.0,
2026-08-03 10:53:35,"Push (1)",43m,"Shoulder Press (Plate Loaded)",1,30.0,8.0,0,0.0,
2026-08-03 10:53:35,"Push (1)",43m,"Shoulder Press (Plate Loaded)",2,30.0,8.0,0,0.0,
2026-08-03 10:53:35,"Push (1)",43m,"Shoulder Press (Plate Loaded)",3,30.0,8.0,0,0.0,
2026-08-03 10:53:35,"Push (1)",43m,"Chest Fly",1,65.0,8.0,0,0.0,
2026-08-03 10:53:35,"Push (1)",43m,"Chest Fly",2,57.5,8.0,0,0.0,
2026-08-03 10:53:35,"Push (1)",43m,"Chest Fly",3,57.5,8.0,0,0.0,
2026-08-03 10:53:35,"Push (1)",43m,"Lateral Raise (Dumbbell)",1,7.0,17.0,0,0.0,
2026-08-03 10:53:35,"Push (1)",43m,"Lateral Raise (Dumbbell)",2,7.0,17.0,0,0.0,
2026-08-03 10:53:35,"Push (1)",43m,"Lateral Raise (Dumbbell)",3,7.0,17.0,0,0.0,
2026-08-03 10:53:35,"Push (1)",43m,"Triceps Extension",1,17.5,12.0,0,0.0,
2026-08-03 10:53:35,"Push (1)",43m,"Triceps Extension",2,17.5,12.0,0,0.0,
2026-08-03 10:53:35,"Push (1)",43m,"Triceps Extension",3,17.5,12.0,0,0.0,
2026-08-06 10:08:59,"Pull (1)",54m,"Seated Wide-Grip Row (Cable)",1,47.0,10.0,0,0.0,
2026-08-06 10:08:59,"Pull (1)",54m,"Seated Wide-Grip Row (Cable)",2,57.0,8.0,0,0.0,
2026-08-06 10:08:59,"Pull (1)",54m,"Seated Wide-Grip Row (Cable)",3,57.0,8.0,0,0.0,
2026-08-06 10:08:59,"Pull (1)",54m,"Seated Wide-Grip Row (Cable)",4,57.0,8.0,0,0.0,
2026-08-06 10:08:59,"Pull (1)",54m,"Lat Pulldown (Cable)",1,67.0,8.0,0,0.0,
2026-08-06 10:08:59,"Pull (1)",54m,"Lat Pulldown (Cable)",2,67.0,8.0,0,0.0,
2026-08-06 10:08:59,"Pull (1)",54m,"Lat Pulldown (Cable)",3,67.0,8.0,0,0.0,
2026-08-06 10:08:59,"Pull (1)",54m,"Alternate Single Arm Lat Pulldown",1,15.0,10.0,0,0.0,
2026-08-06 10:08:59,"Pull (1)",54m,"Alternate Single Arm Lat Pulldown",2,15.0,10.0,0,0.0,
2026-08-06 10:08:59,"Pull (1)",54m,"Alternate Single Arm Lat Pulldown",3,15.0,10.0,0,0.0,
2026-08-06 10:08:59,"Pull (1)",54m,"Preacher Curl (Barbell)",1,27.5,10.0,0,0.0,
2026-08-06 10:08:59,"Pull (1)",54m,"Preacher Curl (Barbell)",2,30.0,8.0,0,0.0,
2026-08-06 10:08:59,"Pull (1)",54m,"Preacher Curl (Barbell)",3,30.0,6.0,0,0.0,
2026-08-06 10:08:59,"Pull (1)",54m,"Pull Up",1,0.0,6.0,0,0.0,
2026-08-06 10:08:59,"Pull (1)",54m,"Pull Up",2,0.0,6.0,0,0.0,
2026-08-06 10:08:59,"Pull (1)",54m,"Pull Up",3,0.0,5.0,0,0.0,
2026-08-20 14:19:18,"Pull (1)",48m,"Single Arm Vertical Iso-Lateral Row (Machine)",W,40.0,8.0,0,0.0,
2026-08-20 14:19:18,"Pull (1)",48m,"Single Arm Vertical Iso-Lateral Row (Machine)",1,50.0,8.0,0,0.0,
2026-08-20 14:19:18,"Pull (1)",48m,"Single Arm Vertical Iso-Lateral Row (Machine)",2,50.0,8.0,0,0.0,
2026-08-20 14:19:18,"Pull (1)",48m,"Single Arm Vertical Iso-Lateral Row (Machine)",3,50.0,8.0,0,0.0,
2026-08-20 14:19:18,"Pull (1)",48m,"Lat Pulldown (Cable)",1,67.0,8.0,0,0.0,
2026-08-20 14:19:18,"Pull (1)",48m,"Lat Pulldown (Cable)",2,67.0,8.0,0,0.0,
2026-08-20 14:19:18,"Pull (1)",48m,"Lat Pulldown (Cable)",3,67.0,7.0,0,0.0,
2026-08-20 14:19:18,"Pull (1)",48m,"Face Pull (Cable)",1,15.0,10.0,0,0.0,
2026-08-20 14:19:18,"Pull (1)",48m,"Face Pull (Cable)",2,17.5,10.0,0,0.0,
2026-08-20 14:19:18,"Pull (1)",48m,"Face Pull (Cable)",3,17.5,10.0,0,0.0,
2026-08-20 14:19:18,"Pull (1)",48m,"Bicep Curl (Barbell)",1,30.0,8.0,0,0.0,
2026-08-20 14:19:18,"Pull (1)",48m,"Bicep Curl (Barbell)",2,30.0,8.0,0,0.0,
2026-08-20 14:19:18,"Pull (1)",48m,"Bicep Curl (Barbell)",3,26.0,8.0,0,0.0,
2026-08-20 14:19:18,"Pull (1)",48m,"Pull Up",1,0.0,6.0,0,0.0,
2026-08-20 14:19:18,"Pull (1)",48m,"Pull Up",2,0.0,5.0,0,0.0,
2026-08-20 14:19:18,"Pull (1)",48m,"Pull Up",3,0.0,5.0,0,0.0,
2026-08-21 12:08:14,"Push (1)",52m,"Incline Bench Press (Barbell)",1,40.0,8.0,0,0.0,
2026-08-21 12:08:14,"Push (1)",52m,"Incline Bench Press (Barbell)",2,60.0,8.0,0,0.0,
2026-08-21 12:08:14,"Push (1)",52m,"Incline Bench Press (Barbell)",3,60.0,8.0,0,0.0,
2026-08-21 12:08:14,"Push (1)",52m,"Incline Bench Press (Barbell)",4,60.0,8.0,0,0.0,
2026-08-21 12:08:14,"Push (1)",52m,"Incline Bench Press (Barbell)",5,45.0,15.0,0,0.0,
2026-08-21 12:08:14,"Push (1)",52m,"Shoulder Press (Plate Loaded)",1,30.0,10.0,0,0.0,
2026-08-21 12:08:14,"Push (1)",52m,"Shoulder Press (Plate Loaded)",2,30.0,8.0,0,0.0,
2026-08-21 12:08:14,"Push (1)",52m,"Shoulder Press (Plate Loaded)",3,30.0,8.0,0,0.0,
2026-08-21 12:08:14,"Push (1)",52m,"Chest Fly",1,65.0,8.0,0,0.0,
2026-08-21 12:08:14,"Push (1)",52m,"Chest Fly",2,65.0,8.0,0,0.0,
2026-08-21 12:08:14,"Push (1)",52m,"Chest Fly",3,65.0,7.0,0,0.0,
2026-08-21 12:08:14,"Push (1)",52m,"Lateral Raise (Dumbbell)",1,7.0,15.0,0,0.0,
2026-08-21 12:08:14,"Push (1)",52m,"Lateral Raise (Dumbbell)",2,7.0,15.0,0,0.0,
2026-08-21 12:08:14,"Push (1)",52m,"Lateral Raise (Dumbbell)",3,7.0,15.0,0,0.0,
2026-08-21 12:08:14,"Push (1)",52m,"Triceps Extension",1,17.5,12.0,0,0.0,
2026-08-21 12:08:14,"Push (1)",52m,"Triceps Extension",2,17.5,12.0,0,0.0,
2026-08-21 12:08:14,"Push (1)",52m,"Triceps Extension",3,17.5,12.0,0,0.0,
2026-08-23 11:01:05,"Pull (1)",41m,"Seated Wide-Grip Row (Cable)",1,40.0,10.0,0,0.0,
2026-08-23 11:01:05,"Pull (1)",41m,"Seated Wide-Grip Row (Cable)",2,57.0,8.0,0,0.0,
2026-08-23 11:01:05,"Pull (1)",41m,"Seated Wide-Grip Row (Cable)",3,57.0,8.0,0,0.0,
2026-08-23 11:01:05,"Pull (1)",41m,"Seated Wide-Grip Row (Cable)",4,40.0,8.0,0,0.0,
2026-08-23 11:01:05,"Pull (1)",41m,"Front Pulldown",1,20.0,8.0,0,0.0,
2026-08-23 11:01:05,"Pull (1)",41m,"Front Pulldown",2,30.0,8.0,0,0.0,
2026-08-23 11:01:05,"Pull (1)",41m,"Front Pulldown",3,30.0,8.0,0,0.0,
2026-08-23 11:01:05,"Pull (1)",41m,"Face Pull (Cable)",1,17.5,10.0,0,0.0,
2026-08-23 11:01:05,"Pull (1)",41m,"Face Pull (Cable)",2,17.5,10.0,0,0.0,
2026-08-23 11:01:05,"Pull (1)",41m,"Face Pull (Cable)",3,17.5,10.0,0,0.0,
2026-08-23 11:01:05,"Pull (1)",41m,"Rings: Bicep Curl",1,0,10.0,0,0.0,
2026-08-23 11:01:05,"Pull (1)",41m,"Rings: Bicep Curl",2,0,10.0,0,0.0,
2026-08-23 11:01:05,"Pull (1)",41m,"Rings: Bicep Curl",3,0,10.0,0,0.0,
2026-08-23 11:01:05,"Pull (1)",41m,"Pull Up",1,0.0,5.0,0,0.0,
2026-08-23 11:01:05,"Pull (1)",41m,"Pull Up",2,0.0,5.0,0,0.0,
2026-08-23 11:01:05,"Pull (1)",41m,"Pull Up",3,0.0,5.0,0,0.0,
2026-08-24 18:07:55,"Push (1)",1h 3m,"Incline Bench Press (Barbell)",1,40.0,8.0,0,0.0,
2026-08-24 18:07:55,"Push (1)",1h 3m,"Incline Bench Press (Barbell)",2,60.0,8.0,0,0.0,
2026-08-24 18:07:55,"Push (1)",1h 3m,"Incline Bench Press (Barbell)",3,60.0,8.0,0,0.0,
2026-08-24 18:07:55,"Push (1)",1h 3m,"Incline Bench Press (Barbell)",4,60.0,6.0,0,0.0,
2026-08-24 18:07:55,"Push (1)",1h 3m,"Incline Bench Press (Barbell)",5,45.0,10.0,0,0.0,
2026-08-24 18:07:55,"Push (1)",1h 3m,"Arnold Press (Dumbbell)",1,20.0,8.0,0,0.0,
2026-08-24 18:07:55,"Push (1)",1h 3m,"Arnold Press (Dumbbell)",2,20.0,8.0,0,0.0,
2026-08-24 18:07:55,"Push (1)",1h 3m,"Arnold Press (Dumbbell)",3,20.0,8.0,0,0.0,
2026-08-24 18:07:55,"Push (1)",1h 3m,"Cable Crossover",1,12.5,8.0,0,0.0,
2026-08-24 18:07:55,"Push (1)",1h 3m,"Cable Crossover",2,15.0,8.0,0,0.0,
2026-08-24 18:07:55,"Push (1)",1h 3m,"Cable Crossover",3,10.0,15.0,0,0.0,
2026-08-24 18:07:55,"Push (1)",1h 3m,"Lateral Raise (Dumbbell)",1,7.0,16.0,0,0.0,
2026-08-24 18:07:55,"Push (1)",1h 3m,"Lateral Raise (Dumbbell)",2,7.0,15.0,0,0.0,
2026-08-24 18:07:55,"Push (1)",1h 3m,"Lateral Raise (Dumbbell)",3,7.0,15.0,0,0.0,
2026-08-24 18:07:55,"Push (1)",1h 3m,"Triceps Dip",1,0.0,10.0,0,0.0,
2026-08-24 18:07:55,"Push (1)",1h 3m,"Triceps Dip",2,0.0,10.0,0,0.0,
2026-08-24 18:07:55,"Push (1)",1h 3m,"Triceps Dip",3,0.0,10.0,0,0.0,
2026-08-27 20:23:05,"Pull (1)",27m,"Chest Supported Row",1,12.0,10.0,0,0.0,
2026-08-27 20:23:05,"Pull (1)",27m,"Chest Supported Row",2,12.0,10.0,0,0.0,
2026-08-27 20:23:05,"Pull (1)",27m,"Chest Supported Row",3,16.0,10.0,0,0.0,
2026-08-27 20:23:05,"Pull (1)",27m,"Chest Supported Row",4,20.0,10.0,0,0.0,
2026-08-27 20:23:05,"Pull (1)",27m,"Pull Up",1,0.0,10.0,0,0.0,
2026-08-27 20:23:05,"Pull (1)",27m,"Pull Up",2,0.0,9.0,0,0.0,
2026-08-27 20:23:05,"Pull (1)",27m,"Pull Up",3,0.0,8.0,0,0.0,
2026-08-27 20:23:05,"Pull (1)",27m,"Bicep Curl (Cable)",1,10.0,8.0,0,0.0,
2026-08-27 20:23:05,"Pull (1)",27m,"Bicep Curl (Cable)",2,7.5,12.0,0,0.0,
2026-08-27 20:23:05,"Pull (1)",27m,"Bicep Curl (Cable)",3,7.5,12.0,0,0.0,
2026-08-31 17:57:23,"Push (1)",1h 2m,"Incline Bench Press (Barbell)",1,40.0,8.0,0,0.0,
2026-08-31 17:57:23,"Push (1)",1h 2m,"Incline Bench Press (Barbell)",2,60.0,8.0,0,0.0,
2026-08-31 17:57:23,"Push (1)",1h 2m,"Incline Bench Press (Barbell)",3,60.0,8.0,0,0.0,
2026-08-31 17:57:23,"Push (1)",1h 2m,"Incline Bench Press (Barbell)",4,60.0,8.0,0,0.0,
2026-08-31 17:57:23,"Push (1)",1h 2m,"Incline Bench Press (Barbell)",5,45.0,12.0,0,0.0,
2026-08-31 17:57:23,"Push (1)",1h 2m,"Arnold Press (Dumbbell)",1,22.0,7.0,0,0.0,
2026-08-31 17:57:23,"Push (1)",1h 2m,"Arnold Press (Dumbbell)",2,20.0,7.0,0,0.0,
2026-08-31 17:57:23,"Push (1)",1h 2m,"Arnold Press (Dumbbell)",3,20.0,8.0,0,0.0,
2026-08-31 17:57:23,"Push (1)",1h 2m,"Cable Crossover",1,11.25,10.0,0,0.0,
2026-08-31 17:57:23,"Push (1)",1h 2m,"Cable Crossover",2,13.75,10.0,0,0.0,
2026-08-31 17:57:23,"Push (1)",1h 2m,"Cable Crossover",3,13.75,10.0,0,0.0,
2026-08-31 17:57:23,"Push (1)",1h 2m,"Lateral Raise (Dumbbell)",1,7.0,15.0,0,0.0,
2026-08-31 17:57:23,"Push (1)",1h 2m,"Lateral Raise (Dumbbell)",2,7.0,15.0,0,0.0,
2026-08-31 17:57:23,"Push (1)",1h 2m,"Lateral Raise (Dumbbell)",3,7.0,15.0,0,0.0,
2026-08-31 17:57:23,"Push (1)",1h 2m,"Triceps Dip",1,0.0,10.0,0,0.0,
2026-08-31 17:57:23,"Push (1)",1h 2m,"Triceps Dip",2,0.0,10.0,0,0.0,
2026-08-31 17:57:23,"Push (1)",1h 2m,"Triceps Dip",3,0.0,10.0,0,0.0,